"id","original_id","name","global","client","active","portal_visible","lims_visible"
"1","1","Aëroob kiemgetal 10°C","0","367","0","0","1"
"2","3","Rauwe vis","0","367","0","0","1"
"3","4","Water KKM/OCM","0","72","0","0","1"
"4","5","Digestaat E.coli","0","72","0","0","1"
"5","6","Water Global-Gap","0","72","0","0","1"
"6","7","Maaltijdcomponent","1","0","0","0","1"
"7","8","Ingangscontrole","0","426","0","1","1"
"8","9","Gehakt 80/20","0","426","0","0","1"
"9","10","Rauwe vis","0","371","0","0","1"
"10","11","THT Rauwe vis","0","371","0","0","1"
"11","12","Garnalen","0","371","0","0","1"
"12","13","Wulken","0","371","0","0","1"
"13","14","Scherfijs","0","377","0","0","1"
"14","15","Scelta pakket 1","0","189","0","0","1"
"15","16","Scelta pakket 2","0","189","0","0","1"
"16","17","Scelta pakket 3","0","189","0","0","1"
"17","18","Scelta pakket 4","0","189","0","0","1"
"18","19","Scelta pakket 5","0","189","0","0","1"
"19","20","Scelta pakket 6","0","189","0","0","1"
"20","21","Scelta pakket 7","0","189","0","0","1"
"21","22","CFO","0","191","0","0","1"
"22","23","CFO kwartaal","0","191","0","0","1"
"23","24","Karkas Rund/Schaap/Geit/Paard","0","404","1","0","1"
"24","25","HACCP Dessert","1","0","0","0","1"
"25","26","HACCP Jus/Sauzen","1","0","0","0","1"
"26","27","HACCP Soep/Bouillon","1","0","0","0","1"
"27","28","HACCP Salade","1","0","0","0","1"
"28","29","HACCP Kaas","1","0","0","0","1"
"29","30","HACCP Rauwkost (zonder kiemrijke ingrediënten)","1","0","0","0","1"
"30","31","HACCP Fruit uit blik","1","0","0","0","1"
"31","32","HACCP - Vers fruit","1","0","0","0","1"
"32","33","HACCP Vleeswaar (niet gefermenteerd)","1","0","0","0","1"
"33","34","HACCP Rauwkost (met kiemrijke ingrediënten)","1","0","0","0","1"
"34","35","HACCP Gekookt ei","1","0","0","0","1"
"35","36","HACCP Slagroom","1","0","0","0","1"
"36","37","HACCP Filet americain","1","0","0","0","1"
"37","38","HACCP Dressing","1","0","0","0","1"
"38","39","HACCP Gerookte vis","1","0","0","0","1"
"39","40","HACCP Garnalen ","1","0","0","0","1"
"40","41","HACCP Maaltijdcomponent (niet zelf bereid)","1","0","0","0","1"
"41","42","HACCP Rauw vlees","1","0","0","0","1"
"42","43","HACCP Salade (met rauwe ingrediënten)","1","0","0","0","1"
"43","44","HACCP THT Maaltijdcomponent","1","0","0","0","1"
"44","45","Gehakt (Vleesbereiding)","0","423","0","0","1"
"45","46","Rauw vlees","0","423","0","0","1"
"46","47","THT Rauw vlees","0","423","0","0","1"
"47","48","Water","0","423","0","0","1"
"48","49","CFO","0","191","0","0","1"
"49","50","CFO kwartaal","0","191","0","0","1"
"50","51","MAZ 1","0","173","0","0","1"
"51","52","MAZ 1 L","0","173","0","0","1"
"52","53","MAZ 1 S","0","173","0","0","1"
"53","54","MAZ 1 L + S","0","173","0","0","1"
"54","55","Rauwe vis","0","382","0","0","1"
"55","56","Scelta pakket 8","0","189","0","0","1"
"56","57","THT Rauwe vis","0","382","0","0","1"
"57","58","Scherfijs","0","382","0","0","1"
"58","59","Vleesbereiding","0","403","0","0","1"
"59","60","Vlees","0","403","0","0","1"
"60","61","Vleeswaar","0","403","0","0","1"
"61","62","Kaas","0","403","0","0","1"
"62","63","Rauwe vis","0","385","0","0","1"
"63","64","Salade","0","385","0","0","1"
"64","65","THT Salade","0","385","0","0","1"
"65","66","Soep/Bouillon","0","385","0","0","1"
"66","67","Ongepelde garnalen","0","385","0","0","1"
"67","68","Scherfijs","0","385","0","0","1"
"68","69","Gerookte vis","0","385","0","0","1"
"69","70","THT Gerookte vis","0","385","0","0","1"
"70","71","Gerookte zalm","0","380","0","0","1"
"71","72","THT Gerookte zalm","0","380","0","0","1"
"72","73","Gravad Lachs","0","380","0","0","1"
"73","74","THT Gravad Lachs","0","380","0","0","1"
"74","75","Kipgehakt (vleesbereiding)","0","427","0","0","1"
"75","76","Kippenworst (vleesbereiding)","0","427","0","0","1"
"76","77","Verhit product","0","427","0","0","1"
"77","78","THT Verhit product","0","427","0","0","1"
"78","79","Kiemgroenten","0","106","0","0","1"
"79","80","Rauwkost/Groenten","0","106","0","0","1"
"80","81","Groenten","0","106","0","0","1"
"81","82","THT Rauwkost/Groenten","0","106","0","0","1"
"82","83","Vleesbereiding","0","407","0","0","1"
"83","84","Proceswater","0","168","0","0","1"
"84","85","Kaas","0","364","0","0","1"
"85","86","Karnemelk","0","364","0","0","1"
"86","87","Boter","0","364","0","0","1"
"87","88","Yoghurt","0","364","0","0","1"
"88","89","Rauw vlees","0","425","1","0","1"
"89","90","Rauwe kip/gevogelte","0","425","1","0","1"
"90","91","Gegaard vlees","0","425","1","0","1"
"91","92","Filet americain / Tartaar","0","425","0","0","1"
"92","93","Swab","0","72","0","0","1"
"93","94","Rauwe vis","0","394","0","0","1"
"94","95","THT Rauwe vis","0","394","0","0","1"
"95","96","Scherfijs","0","394","0","0","1"
"96","97","Gerookte vis","0","376","0","0","1"
"97","98","Rauwe vis","0","376","0","0","1"
"98","99","Salade","0","376","0","0","1"
"99","100","Soep/Bouillon","0","376","0","0","1"
"100","101","Wulken","0","376","0","0","1"
"101","102","Kroketten","0","376","0","0","1"
"102","103","Rauwe vis","0","389","0","0","1"
"103","104","THT Rauwe vis","0","389","0","0","1"
"104","105","Groenten","0","124","0","0","1"
"105","106","Rauwkost/Groenten","0","124","0","0","1"
"106","107","THT Rauwkost/Groenten","0","124","0","0","1"
"107","108","THT Eierkoeken","0","13","0","0","1"
"108","109","Batter","0","13","1","0","1"
"109","110","Water","0","13","0","0","1"
"110","111","Groenten","0","115","0","0","1"
"111","112","THT Belegd broodje","0","29","0","0","1"
"112","113","Geschilde ui","0","120","0","0","1"
"113","114","THT Geschilde ui","0","120","0","0","1"
"114","115","Vleesbereiding","0","413","0","0","1"
"115","116","Bavarois","0","154","0","0","1"
"116","117","Bavarois THT","0","154","0","0","1"
"117","118","Diversen","0","165","0","0","1"
"118","119","Water","0","165","0","0","1"
"119","120","Gesneden groenten ","0","121","0","0","1"
"120","121","Water BRC","0","72","0","0","1"
"121","122","Drinkwater","0","98","0","0","1"
"122","123","9/GS Rauwkostsalade zonder dressing","1","0","0","0","1"
"123","124","2B Gasverpakte soepen en sauzen (verhit)","1","0","0","0","1"
"124","125","3A Maaltijden (verhit)","1","0","0","0","1"
"125","126","2A Soepen en sauzen","1","0","0","0","1"
"126","127","12 Dessert kant en klaar","1","0","0","0","1"
"127","128","1A Verhit vlees/vis ","1","0","0","0","1"
"128","129","8 Salades","1","0","0","0","1"
"129","130","Vruchtensap","0","68","0","0","1"
"130","131","Rauwe vis","0","388","0","0","1"
"131","132","THT Rauwe vis","0","388","0","0","1"
"132","133","Garnalen","0","388","0","0","1"
"133","134","Rauwe vis","0","378","0","0","1"
"134","135","THT Rauwe vis","0","378","0","0","1"
"135","136","Heet/koud gerookte vis","0","378","0","0","1"
"136","137","THT Heet/koud gerookte vis","0","378","0","0","1"
"137","138","Drinkwater","1","0","0","0","1"
"138","139","HG International B.V.","0","180","0","0","1"
"139","140","Rauwe melk","0","341","0","0","1"
"140","141","Melk","0","363","0","0","1"
"141","142","Kaas","0","352","0","0","1"
"142","143","Koud gerookte vis","0","379","0","0","1"
"143","144","THT Koud gerookte vis","0","379","0","0","1"
"144","145","Rauwe vis","0","379","0","0","1"
"145","146","THT Rauwe vis","0","379","0","0","1"
"146","147","Heet gerookte vis","0","379","0","0","1"
"147","148","THT Heet gerookte vis","0","379","0","0","1"
"148","149","Groenten","0","72","0","0","1"
"149","150","Fruit","0","72","0","0","1"
"150","151","Kruiden","0","72","0","0","1"
"151","152","Champignons","0","72","0","0","1"
"152","153","Compost","0","72","0","0","1"
"153","154","Mest","0","72","0","0","1"
"154","155","Casing","0","72","0","0","1"
"155","156","Mestkorrels","0","72","0","0","1"
"156","157","Gehakt","0","425","1","0","1"
"157","158","Gekruid rauw vlees","0","425","1","0","1"
"158","159","Rauwkost","0","121","0","0","1"
"159","160","Water","0","121","0","0","1"
"160","161","Water","0","106","0","0","1"
"161","162","Water","0","124","0","0","1"
"162","163","Water","0","385","0","0","1"
"163","164","Augurkschijfjes","0","164","0","0","1"
"164","165","Salade","0","167","0","1","1"
"165","166","THT Salade","0","167","0","1","1"
"166","167","Schaal/schelpdieren","0","369","1","0","1"
"167","168","Proceswater","0","369","0","0","1"
"168","169","Oppervlaktewater","0","381","0","0","1"
"169","170","Digestaat Salmonella","0","72","0","0","1"
"170","171","SVRZ - water (kiemgetal + Cu + Ag)","1","0","0","0","1"
"171","172","Rauwe vis","0","397","0","0","1"
"172","173","Kaas","0","343","0","0","1"
"173","174","Compost","0","174","0","0","1"
"174","175","Rauwe vis","0","384","0","0","1"
"175","176","Gevulde paddestoelen","0","103","0","0","1"
"176","177","Geitenkaas ","0","103","0","0","1"
"177","178","Struisvogellikeur","0","88","0","0","1"
"178","179","Yoghurt THT","0","154","0","0","1"
"179","179","Rauwkost/Groenten","0","113","0","0","1"
"180","180","THT Rauwkost/Groenten","0","113","0","0","1"
"181","181","Vers vruchtensap","0","124","0","0","1"
"182","182","Vla","0","364","0","0","1"
"185","185","Vleeswaar VCZ","0","425","1","0","1"
"186","186","Scelta pakket 9","0","189","0","0","1"
"187","187","MAZ 6","0","173","0","0","1"
"188","188","Compost E.coli","0","181","0","0","1"
"189","189","Compost Salmonella","0","181","0","0","1"
"190","190","Salmonella - Pool 10","0","426","0","0","1"
"191","191","Verhitte producten","0","122","0","0","1"
"192","192","Groenten/Rauwkost","0","122","0","0","1"
"193","193","THT Verhitte producten","0","122","0","0","1"
"194","194","THT Groenten/Rauwkost","0","122","0","0","1"
"195","195","Pathogenenpanel","0","122","0","0","1"
"196","196","Water","0","72","0","0","1"
"197","197","MAZ 4.1","0","173","0","0","1"
"198","7","HACCP Maaltijdcomponent","1","0","0","0","1"
"199","199","MAZ 4.2","0","173","0","0","1"
"200","200","MAZ L","0","173","0","0","1"
"201","201","MAZ S","0","173","0","0","1"
"202","202","MAZ 3","0","173","0","0","1"
"203","203","MAZ 2","0","173","0","0","1"
"204","204","Melk","0","364","0","0","1"
"205","205","Legionella - oude NEN6265","1","0","0","0","1"
"206","206","Rauwe melk","0","351","0","0","1"
"207","207","Kaasmelk","0","351","0","0","1"
"208","208","Kaas","0","351","0","0","1"
"209","209","Boter","0","351","0","0","1"
"210","210","Rauwe vis","0","368","0","0","1"
"211","211","Water","0","368","0","0","1"
"212","212","Scherfijs","0","368","0","0","1"
"213","213","Afdruk","1","0","0","0","1"
"214","214","MAZ 5","0","173","0","0","1"
"215","215","MAZ 7","0","173","0","0","1"
"216","216","MAZ 8","0","173","0","0","1"
"217","217","MAZ 8a","0","173","0","0","1"
"218","218","MAZ 9","0","173","0","0","1"
"219","219","MAZ 10","0","173","0","0","1"
"220","220","MAZ 11","0","173","0","0","1"
"221","221","MAZ 11a","0","173","0","0","1"
"222","222","MAZ 11b","0","173","0","0","1"
"223","223","MAZ 12","0","173","0","0","1"
"224","224","Gehakt 70/30","0","426","0","0","1"
"225","225","Gepasteuriseerde melk","0","341","0","0","1"
"226","226","Kaas","0","341","0","0","1"
"227","227","Verse kaas","0","341","0","0","1"
"228","228","Scelta pakket 1","0","189","0","0","1"
"229","228","Scelta pakket 1 test","0","189","0","0","1"
"230","230","Test johnny johnny","0","465","0","0","1"
"231","231","","0","189","0","0","1"
"232","232","scelta test pakket roy","0","189","0","0","1"
"233","233","Scelta pakket 10","0","189","0","0","1"
"234","234","Scelta pakket 11","0","189","0","0","1"
"235","235","Rauwe vis","0","377","0","0","1"
"236","236","Schelpdieren","0","391","0","0","1"
"237","237","Rauwe vis","0","566","0","0","1"
"238","238","THT Rauwe vis","0","566","0","0","1"
"239","239","Scherfijs","0","566","0","0","1"
"240","240","Swab Listeria monocytogenes","0","566","0","0","1"
"241","241","Rauwe vis","0","387","0","0","1"
"242","242","THT Rauwe vis","0","387","0","0","1"
"243","243","Rauwe vis","0","386","0","0","1"
"244","244","THT Rauwe vis","0","386","0","0","1"
"245","245","Rauwe vis","0","390","0","0","1"
"246","246","Rauwkost/Groenten","0","119","0","0","1"
"247","247","THT Rauwkost/Groenten","0","119","0","0","1"
"248","248","THT Rauwe vis","0","377","0","0","1"
"249","249","Ringonderzoek besmette poeders","0","565","0","0","1"
"250","250","Ringonderzoek water","0","565","0","0","1"
"251","251","Schaal/schelpdieren","0","381","0","0","1"
"252","252","Slagroomsoesen","0","11","0","0","1"
"253","253","Banketbakkerswaar","0","11","0","0","1"
"254","254","IJs op melkbasis","0","145","0","0","1"
"255","255","Sorbetijs","0","145","0","0","1"
"256","256","IJs op yoghurtbasis","0","145","0","0","1"
"257","257","Plastic/Kartonnen verpakking","0","178","0","0","1"
"258","258","Kaas","0","347","0","0","1"
"259","259","test","0","565","0","0","1"
"260","260","Karkas Varken","0","404","1","0","1"
"261","261","Swab","0","68","0","0","1"
"262","262","Samengestelde nekvellen","0","415","1","0","1"
"263","263","Vleessnippers","0","409","0","0","1"
"264","264","Gehakt vlees (rauw vlees)","0","409","0","0","1"
"265","265","Maaltijdcomponent","0","567","1","0","1"
"266","266","Gedroogde Bio Champignons","0","568","0","0","1"
"267","267","Maaltijdcomponent","0","527","1","0","1"
"268","268","Pathogenen onderzoek","0","527","1","0","1"
"269","269","Karnemelk","0","340","0","0","1"
"270","270","Kaas","0","357","0","0","1"
"271","271","Bolussen","0","15","0","0","1"
"272","272","Zwembadwater","0","75","0","0","1"
"273","273","Karkas Rund/Schaap/Geit/Paard","0","413","1","0","1"
"274","274","Karkas Varken","0","413","1","0","1"
"275","275","MAZ 1 C","0","173","0","0","1"
"276","276","MAZ L 10","0","173","0","0","1"
"277","277","MAZ L 0","0","173","0","1","1"
"278","278","Karkas Rund/Schaap/Geit/Paard","0","414","1","0","1"
"279","279","Karkas Varken","0","414","1","0","1"
"280","280","Karkas Rund/Schaap/Geit/Paard","0","415","1","0","1"
"281","281","THT Cake/Taart","0","8","0","0","1"
"282","282","THT Cake/Taart uitgebreid","0","8","0","0","1"
"283","283","Eindcontrole Mosselen","0","573","1","0","1"
"284","284","Eindcontrole Oesters","0","570","1","0","1"
"285","285","Mozarella Shredded (Mozarella rasp)","0","198","0","0","1"
"286","286","Geraspte kaas algemeen","0","198","0","0","1"
"287","287","Chester wit/rood","0","198","0","0","1"
"288","288","Scelta swab Listeria","0","189","0","0","1"
"289","289","Water","0","409","0","0","1"
"290","290","Proceswater","0","391","0","0","1"
"291","291","Schaal/schelpdieren","0","391","1","0","1"
"292","292","Chocoladeproduct","0","17","1","0","1"
"293","293","Koelwater/Proceswater","0","573","0","0","1"
"294","294","Koelwater/Proceswater","0","570","0","0","1"
"295","295","Diversen","0","573","1","0","1"
"296","296","Diversen","0","570","1","0","1"
"297","297","Leidingwater","0","97","0","0","1"
"298","298","Zeewier THT","0","576","1","0","1"
"299","299","Kip gekruid (Vleesbereiding)","0","405","0","0","1"
"300","300","Kip ongekruid","0","405","0","0","1"
"301","301","AK, Entero's, E. coli","0","173","0","0","1"
"302","302","Scelta pakket 12","0","189","0","0","1"
"303","303","Scelta pakket 13","0","189","0","0","1"
"304","304","Scelta pakket 14","0","189","0","0","1"
"305","305","Scelta pakket 15","0","189","0","0","1"
"306","306","Scelta pakket 16","0","189","0","0","1"
"307","307","Controle van script maz7218","0","565","0","0","1"
"308","308","Controle van script maz7218grens","0","565","0","0","1"
"309","309","Controle van script Karkassen - Rund","0","565","1","0","1"
"310","310","Controle van script Karkassen - Varken","0","565","1","0","1"
"311","311","Controle van script mazSchelp","0","565","1","0","1"
"312","312","Controle van script MPN en pH","0","565","1","0","1"
"313","313","Bevestigen boven test","0","565","0","0","1"
"314","313","Bevestigen boven test","0","565","0","0","1"
"315","315","Salmonells - Pool 5","0","426","0","0","1"
"316","316","Ongekoelde presentatie","0","3","0","0","1"
"317","317","Ongekoelde presentatie","0","5","0","0","1"
"318","318","Ongekoelde presentatie","0","9","0","0","1"
"319","319","Ongekoelde presentatie","0","10","0","0","1"
"320","320","Ongekoelde presentatie","0","580","0","0","1"
"321","321","Ongekoelde presentatie","0","579","0","0","1"
"322","322","Ongekoelde presentatie","0","581","0","0","1"
"323","323","Ongekoelde presentatie","0","582","0","0","1"
"324","324","Ongekoelde presentatie","0","30","0","0","1"
"325","325","Ongekoelde presentatie","0","31","0","0","1"
"326","326","Ongekoelde presentatie","0","32","0","0","1"
"327","327","Ongekoelde presentatie","0","583","0","0","1"
"328","328","Ongekoelde presentatie","0","585","0","0","1"
"329","329","Ongekoelde presentatie","0","590","0","0","1"
"330","330","Ongekoelde presentatie","0","588","0","0","1"
"331","331","Banketbakkerswaar","0","591","0","0","1"
"332","332","Ongekoelde presentatie","0","592","0","0","1"
"333","333","Ongekoelde presentatie","0","594","0","0","1"
"334","334","Banketbakkerswaar","0","7","0","0","1"
"335","335","Banketbakkerswaar","0","8","0","0","1"
"336","336","Water","0","8","0","0","1"
"337","337","THT Eierkoeken + pathogenen","0","13","0","0","1"
"338","338","Broodproducten (direct en THT)","0","15","0","0","1"
"339","339","Water","0","15","0","0","1"
"340","340","Pakket 1","0","189","0","0","1"
"341","341","Pakket 2","0","189","0","0","1"
"342","342","Pakket 3","0","189","0","0","1"
"343","343","Pakket 4","0","189","0","0","1"
"344","344","Pakket 5","0","189","0","0","1"
"345","345","Pakket 6","0","189","0","0","1"
"346","346","Pakket 7","0","189","0","0","1"
"347","347","Pakket 8","0","189","0","0","1"
"348","348","Pakket 9","0","189","0","0","1"
"349","349","Pakket 10","0","189","0","0","1"
"350","350","Pakket 11","0","189","0","0","1"
"351","351","Pakket 12","0","189","0","0","1"
"352","352","Pakket 13","0","189","0","0","1"
"353","353","Pakket 15","0","189","0","0","1"
"354","354","Pakket 16","0","189","0","0","1"
"355","355","Pakket 17","0","189","0","0","1"
"356","356","Pakket 18","0","189","0","0","1"
"357","357","Pakket 19","0","189","0","0","1"
"358","358","Pakket 20","0","189","0","0","1"
"359","359","Pakket 22","0","189","0","0","1"
"360","360","Pakket 23","0","189","0","0","1"
"361","361","Scherfijs","0","389","0","0","1"
"362","362","Scherfijs","0","388","0","0","1"
"363","363","Gerookte makreel","0","684","0","0","1"
"364","364","Mosselen","0","719","0","0","1"
"365","364","Mosselen","0","719","0","0","1"
"366","366","Verhit product","0","696","0","0","1"
"367","366","Verhit product","0","696","1","0","1"
"368","368","Drinkwater","0","107","0","0","1"
"369","368","Drinkwater","0","107","0","0","1"
"370","48","Water","0","423","0","0","1"
"371","48","Water","0","423","0","0","1"
"372","45","Gehakt (Vleesbereiding) 5 parameters","0","423","0","0","1"
"373","45","Gehakt (Vleesbereiding) 5 parameters","0","423","0","0","1"
"374","374","Geahkt (vleesbereiding) 2 parameters","0","423","0","0","1"
"375","374","Geahkt (vleesbereiding) 3 parameters","0","423","0","0","1"
"376","169","Oppervlaktewater","0","381","0","0","1"
"377","264","Gehakt vlees - rauw vlees","0","409","0","0","1"
"378","378","Vleesbereiding","0","693","0","0","1"
"379","378","Vleesbereiding","0","693","0","0","1"
"380","289","Water","0","409","0","0","1"
"381","264","Gehakt vlees - rauw vlees","0","693","0","0","1"
"382","264","Gehakt vlees - rauw vlees","0","693","0","0","1"
"383","50","CFO kwartaal","0","191","0","0","1"
"384","50","CFO kwartaal","0","191","0","0","1"
"385","49","CFO maand","0","191","0","0","1"
"386","386","Drinkwater","0","22","0","0","1"
"387","386","Drinkwater","0","22","0","0","1"
"388","388","Chocolade product","0","22","0","0","1"
"389","388","Chocolade product","0","22","0","0","1"
"390","390","Banketbakkerswaar","0","18","0","0","1"
"391","390","Banketbakkerswaar","0","18","0","0","1"
"392","331","Banketbakkerswaar","0","591","1","0","1"
"393","191","Verhitte producten","0","122","0","0","1"
"394","193","THT Verhitte producten","0","122","0","0","1"
"395","192","Groenten/Rauwkost","0","122","0","0","1"
"396","194","THT Groenten/Rauwkost","0","122","0","0","1"
"397","397","Stamppotten","0","122","0","0","1"
"398","397","Stamppotten","0","122","0","0","1"
"399","399","THT stamppotten","0","122","0","0","1"
"400","399","THT stamppotten","0","122","0","0","1"
"401","401","Drinkwater","0","703","0","0","1"
"402","401","Drinkwater","0","703","0","0","1"
"403","164","Augurkschijfjes","0","164","0","0","1"
"404","45","Gehakt (Vleesbereiding) 5 parameters","0","423","0","0","1"
"405","212","Scherfijs","0","368","0","0","1"
"406","14","Scherfijs","0","377","0","0","1"
"407","58","Scherfijs","0","382","0","0","1"
"408","239","Scherfijs","0","566","0","0","1"
"409","68","Scherfijs","0","385","0","0","1"
"410","362","Scherfijs","0","388","0","0","1"
"411","361","Scherfijs","0","389","0","0","1"
"412","96","Scherfijs","0","394","0","0","1"
"413","14","Scherfijs","0","377","0","0","1"
"414","14","Scherfijs","0","377","0","0","1"
"415","415","Scherfijs","0","393","0","0","1"
"416","415","Scherfijs","0","393","0","0","1"
"417","417","Rauwe vis","0","393","0","0","1"
"418","417","Rauwe vis","0","393","0","0","1"
"419","235","Rauwe vis","0","377","0","0","1"
"420","237","Rauwe vis","0","566","1","0","1"
"421","421","Drinkwater","0","566","0","0","1"
"422","421","Drinkwater","0","566","0","0","1"
"423","349","Pakket 10","0","189","0","0","1"
"424","214","MAZ 5","0","173","0","0","1"
"425","276","MAZ L 10","0","173","0","0","1"
"426","219","MAZ 10","0","173","0","0","1"
"427","223","MAZ 12","0","173","0","0","1"
"428","139","HG International B.V.","0","180","0","0","1"
"429","429","Scherfij","0","423","0","0","1"
"430","429","Scherfijs","0","423","0","0","1"
"431","103","Rauwe vis","0","389","0","0","1"
"432","131","Rauwe vis","0","388","1","0","1"
"433","341","Pakket 2","0","189","0","0","1"
"434","347","Pakket 8","0","189","0","0","1"
"435","343","Pakket 4","0","189","0","0","1"
"436","359","Pakket 22","0","189","0","0","1"
"437","344","Pakket 5","0","189","0","0","1"
"438","344","Pakket 5","0","189","0","0","1"
"439","353","Pakket 15","0","189","0","0","1"
"440","354","Pakket 16","0","189","0","0","1"
"441","360","Pakket 23","0","189","0","0","1"
"442","352","Pakket 13","0","189","0","0","1"
"443","359","Pakket 22","0","189","0","0","1"
"444","350","Pakket 11","0","189","0","0","1"
"445","357","Pakket 19","0","189","0","0","1"
"446","359","Pakket 22","0","189","0","0","1"
"447","351","Pakket 12","0","189","0","0","1"
"448","355","Pakket 17","0","189","0","0","1"
"449","340","Pakket 1","0","189","0","0","1"
"450","341","Pakket 2","0","189","0","0","1"
"451","342","Pakket 3","0","189","0","0","1"
"452","343","Pakket 4","0","189","0","0","1"
"453","344","Pakket 5","0","189","0","0","1"
"454","345","Pakket 6","0","189","0","0","1"
"455","346","Pakket 7","0","189","0","0","1"
"456","347","Pakket 8","0","189","0","0","1"
"457","348","Pakket 9","0","189","0","0","1"
"458","349","Pakket 10","0","189","0","0","1"
"459","356","Pakket 18","0","189","0","0","1"
"460","358","Pakket 20","0","189","0","0","1"
"461","359","Pakket 22","0","189","0","0","1"
"462","363","Gerookte makreel","0","684","0","0","1"
"463","297","Drinkwater","0","97","0","0","1"
"464","191","Verhitte producten","0","122","0","0","1"
"465","388","Chocolade product","0","22","1","0","1"
"466","466","Rauwe vis","0","383","0","0","1"
"467","466","Rauwe vis","0","383","0","0","1"
"468","468","Slagroomsoesjes","0","11","0","0","1"
"469","468","Gevulde slagroomsoes 1","0","11","0","1","1"
"470","30","HACCP Rauwkost (zonder kiemrijke ingrediënten)","1","0","0","0","1"
"471","471","Rauwe vis","0","386","0","0","1"
"472","471","Rauwe vis","0","386","1","0","1"
"473","473","Gebakken vis","0","386","0","0","1"
"474","473","Gebakken vis","0","386","1","0","1"
"475","475","Schaaldieren","0","386","0","0","1"
"476","475","Schaaldieren","0","386","1","0","1"
"477","139","HG International B.V.","0","180","1","0","1"
"478","171","SVRZ - water (kiemgetal + Cu + Ag)","1","0","0","0","1"
"479","479","Ijs","0","344","0","0","1"
"480","479","Ijs","0","344","0","0","1"
"481","481","Ijs  + ","0","344","0","0","1"
"482","481","Ijs  + ","0","344","0","0","1"
"483","483","Yoghurt","0","344","0","0","1"
"484","483","Yoghurt","0","344","0","0","1"
"485","485","Melk","0","344","0","0","1"
"486","485","Melk","0","344","0","0","1"
"487","487","Melk  +","0","344","0","0","1"
"488","487","Melk  +","0","344","0","0","1"
"489","116","Bavarois","0","154","0","0","1"
"490","117","Bavarois THT","0","154","0","0","1"
"491","491","Yoghurt","0","154","0","0","1"
"492","491","Yoghurt","0","154","0","0","1"
"493","179","Yoghurt THT","0","154","0","0","1"
"494","494","Pap / vla","0","154","0","0","1"
"495","494","Pap / vla","0","154","0","0","1"
"496","496","Pap / vla - THT","0","154","0","0","1"
"497","496","Pap / vla - THT","0","154","0","0","1"
"498","498","Melk","0","154","0","0","1"
"499","498","Melk","0","154","0","0","1"
"500","500","Water","0","154","0","0","1"
"501","500","Water","0","154","0","0","1"
"502","294","Koelwater/Proceswater","0","570","0","0","1"
"503","293","Koelwater/Proceswater","0","573","0","0","1"
"504","504","Drinkwater","0","113","0","0","1"
"505","504","Drinkwater","0","113","0","0","1"
"506","506","E. coli","0","182","0","0","1"
"507","506","E. coli","0","182","0","0","1"
"508","508","Salmonella","0","182","0","0","1"
"509","508","Salmonella","0","182","0","0","1"
"510","508","Salmonella","0","182","0","0","1"
"511","508","Salmonella","0","182","0","0","1"
"512","512","Salmonella","0","182","0","0","1"
"513","512","Salmonella","0","182","0","0","1"
"514","514","E. coli","0","158","0","0","1"
"515","514","E. coli","0","158","0","0","1"
"516","516","Salmonella","0","158","0","0","1"
"517","516","Salmonella","0","158","0","0","1"
"518","518","gedroogde / gezouten vis","0","375","0","0","1"
"519","518","gedroogde / gezouten vis","0","375","0","0","1"
"520","520","Rauwe vis","0","692","0","0","1"
"521","520","Rauwe vis","0","692","0","0","1"
"522","522","Gehakt vlees","0","692","0","0","1"
"523","522","Gehakt vlees","0","692","0","0","1"
"524","110","Water","0","13","0","0","1"
"525","110","Water","0","13","0","0","1"
"526","526","Shoarma (E.coli + Salm)","0","412","0","0","1"
"527","526","Shoarma (E.coli + Salm)","0","412","0","0","1"
"528","528","Shoarma (Salm)","0","412","0","0","1"
"529","528","Shoarma (Salm)","0","412","0","0","1"
"530","299","Kip gekruid (Vleesbereiding)","0","405","1","0","1"
"531","300","Kip ongekruid","0","405","1","0","1"
"532","532","Pakket 25","0","189","0","0","1"
"533","532","Pakket 25","0","189","0","0","1"
"534","534","Pakket 26","0","189","0","0","1"
"535","534","Pakket 26","0","189","0","0","1"
"536","536","MAZ-15","0","173","0","0","1"
"537","536","MAZ 15","0","173","0","0","1"
"538","506","E. coli","0","182","0","0","1"
"539","421","Drinkwater","0","566","0","0","1"
"540","466","Rauwe vis - af productie","0","383","0","0","1"
"541","541","Rauwkost/Groenten","0","113","0","0","1"
"542","294","Koelwater/Proceswater","0","570","1","0","1"
"543","84","Proceswater","0","168","0","0","1"
"544","142","Kaas","0","352","0","0","1"
"545","206","Rauwe melk","0","351","0","0","1"
"546","168","Proceswater","0","369","0","0","1"
"547","94","Rauwe vis","0","394","0","0","1"
"548","548","Pakket 24","0","189","0","0","1"
"549","548","Pakket 24","0","189","0","0","1"
"550","94","Rauwe vis","0","394","1","0","1"
"551","270","Kaas","0","357","0","0","1"
"552","552","Vruchtensap pakket China","0","68","0","0","1"
"553","552","Vruchtensap pakket China","0","68","1","0","1"
"554","202","MAZ 3","0","173","0","0","1"
"555","202","MAZ 3","0","173","0","0","1"
"556","270","Kaas","0","357","0","0","1"
"557","557","MAZ 4","0","173","0","0","1"
"558","557","MAZ 4","0","173","0","1","1"
"559","559","MAZ L-PCR","0","173","0","0","1"
"560","559","MAZ L-PCR","0","173","0","0","1"
"561","197","MAZ 4.1","0","173","0","0","1"
"562","203","MAZ 2","0","173","0","0","1"
"563","7","HACCP Maaltijdcomponent","1","0","0","0","1"
"564","41","HACCP Maaltijdcomponent (niet zelf bereid)","1","0","0","0","1"
"565","25","HACCP Dessert","1","0","0","0","1"
"566","26","HACCP Jus/Sauzen","1","0","0","0","1"
"567","27","HACCP Soep/Bouillon","1","0","0","0","1"
"568","29","HACCP Kaas","1","0","0","0","1"
"569","138","Drinkwater (drinkwaterbesuit)","1","0","0","0","1"
"570","202","MAZ 3","0","173","0","0","1"
"571","202","MAZ 3","0","173","0","0","1"
"572","66","Soep/Bouillon","0","385","0","0","1"
"573","290","Proceswater","0","391","0","0","1"
"574","137","THT Heet/koud gerookte vis","0","378","0","0","1"
"575","215","MAZ 7","0","173","0","0","1"
"576","576","Vleesbereiding","0","411","0","0","1"
"577","576","Vleesbereiding","0","411","0","0","1"
"578","98","Rauwe vis","0","376","0","0","1"
"579","241","Rauwe vis","0","387","0","0","1"
"580","536","MAZ 15","0","173","0","0","1"
"581","581","MAZ 14","0","173","0","0","1"
"582","581","MAZ 14","0","173","0","0","1"
"583","293","Koelwater/Proceswater","0","573","0","0","1"
"584","297","Drinkwater","0","97","1","0","1"
"585","585","Proceswater uitgebreid","0","128","0","0","1"
"586","585","Proceswater uitgebreid","0","128","0","0","1"
"587","585","Proceswater uitgebreid","0","128","0","0","1"
"588","286","Geraspte kaas algemeen","0","198","0","0","1"
"589","173","Kaas","0","343","0","0","1"
"590","358","Pakket 20","0","189","0","0","1"
"591","286","Geraspte kaas algemeen","0","198","0","0","1"
"592","174","Compost","0","174","0","0","1"
"593","258","Kaas","0","347","0","0","1"
"594","594","Pakket 27","0","189","0","0","1"
"595","594","Pakket 27","0","189","0","0","1"
"596","596","Pakket 28","0","189","0","0","1"
"597","596","Pakket 28","0","189","0","0","1"
"598","594","Pakket 27","0","189","0","0","1"
"599","599","Zult","0","422","0","0","1"
"600","599","Zult","0","422","0","0","1"
"601","601","Boerenworst","0","422","0","0","1"
"602","601","Boerenworst","0","422","0","0","1"
"603","603","Bloedworst","0","422","0","0","1"
"604","603","Bloedworst","0","422","0","0","1"
"605","605","Maaltijdcomponent","0","743","0","0","1"
"606","605","Maaltijdcomponent","0","743","0","0","1"
"607","607","Yoghurt","0","348","0","0","1"
"608","607","Yoghurt","0","348","0","0","1"
"609","609","Gepasteuriseerde melk","0","348","0","0","1"
"610","609","Gepasteuriseerde melk","0","348","0","0","1"
"611","611","Rauwe melk","0","348","0","0","1"
"612","611","Rauwe melk","0","348","0","0","1"
"613","613","Karnemelk","0","348","0","0","1"
"614","613","Karnemelk","0","348","0","0","1"
"615","615","Roomboter","0","348","0","0","1"
"616","615","Roomboter","0","348","0","0","1"
"617","617","Kaas","0","348","0","0","1"
"618","617","Kaas","0","348","0","0","1"
"619","619","Maaltijdcomponent","0","763","0","0","1"
"620","619","Maaltijdcomponent","0","763","0","0","1"
"621","621","Maaltijdcomponent","0","747","0","0","1"
"622","621","Maaltijdcomponent","0","747","0","0","1"
"623","169","Oppervlaktewater","0","381","0","0","1"
"624","168","Proceswater","0","369","1","0","1"
"625","282","THT Cake/Taart uitgebreid","0","8","0","0","1"
"626","108","THT Eierkoeken","0","13","0","0","1"
"627","337","THT Eierkoeken + pathogenen","0","13","0","0","1"
"628","271","Bolussen","0","15","0","0","1"
"629","140","Rauwe melk","0","341","0","0","1"
"630","140","Rauwe melk","0","341","0","0","1"
"631","227","Verse kaas","0","341","0","0","1"
"632","226","Kaas","0","341","0","0","1"
"633","225","Gepasteuriseerde melk","0","341","0","0","1"
"634","140","Rauwe melk","0","341","0","0","1"
"635","225","Gepasteuriseerde melk","0","341","0","0","1"
"636","225","Gepasteuriseerde melk","0","341","0","0","1"
"637","363","Gerookte makreel","0","684","0","0","1"
"638","585","Proceswater uitgebreid","0","128","0","0","1"
"639","346","Pakket 7","0","189","0","0","1"
"640","359","Pakket 22","0","189","0","0","1"
"641","187","MAZ 6","0","173","0","1","1"
"642","348","Pakket 9","0","189","0","0","1"
"643","594","Pakket 27","0","189","0","0","1"
"644","644","Reguliere monstername schelpdieren","0","774","0","0","1"
"645","644","Reguliere monstername schelpdieren","0","774","0","0","1"
"646","50","CFO kwartaal","0","191","0","0","1"
"647","49","CFO maand","0","191","0","0","1"
"648","648","CFO maand","0","184","0","0","1"
"649","648","CFO maand","0","184","0","0","1"
"650","650","CFO kwartaal","0","184","0","0","1"
"651","650","CFO kwartaal","0","184","0","0","1"
"652","652","CFO Chili - kwartaal","0","184","0","0","1"
"653","652","CFO Chili - kwartaal","0","184","0","0","1"
"654","654","CFO Curry - kwartaal","0","184","0","0","1"
"655","654","CFO Curry - kwartaal","0","184","0","0","1"
"656","656","CFO Chili - maand","0","184","0","0","1"
"657","656","CFO Chili - maand","0","184","0","0","1"
"658","658","CFO Curry - maand","0","184","0","0","1"
"659","658","CFO Curry - maand","0","184","0","0","1"
"660","660","CFO Mc Donalds - kwartaal","0","184","0","0","1"
"661","660","CFO Mc Donalds - kwartaal","0","184","0","0","1"
"662","662","CFO Mc Donalds - maand","0","184","0","0","1"
"663","662","CFO Mc Donalds - maand","0","184","0","0","1"
"664","664","FFO maand","0","184","0","0","1"
"665","664","FFO maand","0","184","0","0","1"
"666","666","FFO kwartaal","0","184","0","0","1"
"667","666","FFO kwartaal","0","184","0","0","1"
"668","293","Koelwater/Proceswater","0","573","0","0","1"
"669","293","Koelwater/Proceswater","0","573","0","0","1"
"670","196","Water","0","72","0","0","1"
"671","671","Bieten - af productie","0","712","0","0","1"
"672","671","Bieten - af productie","0","712","0","0","1"
"673","673","Bieten - na 8 dagen","0","712","0","0","1"
"674","673","Bieten - na 8 dagen","0","712","0","0","1"
"675","193","THT Verhitte producten","0","122","0","0","1"
"676","397","Stamppotten","0","122","0","0","1"
"677","399","THT stamppotten","0","122","0","0","1"
"678","678","Drinkwater na ontharder","1","0","0","0","1"
"679","678","Drinkwater na ontharder","1","0","0","0","1"
"680","318","Ongekoelde presentatie","0","9","0","0","1"
"681","681","Pakket 21","0","189","0","0","1"
"682","681","Pakket 21","0","189","0","0","1"
"683","466","Rauwe vis - af productie","0","383","0","0","1"
"684","684","Rauwe vis - THT","0","383","0","0","1"
"685","684","Rauwe vis - THT","0","383","0","0","1"
"686","358","Pakket 20","0","189","0","0","1"
"687","55","Rauwe vis","0","382","0","0","1"
"688","341","Pakket 2","0","189","0","0","1"
"689","342","Pakket 3","0","189","0","0","1"
"690","341","Pakket 2","0","189","0","0","1"
"691","343","Pakket 4","0","189","0","0","1"
"692","344","Pakket 5","0","189","0","0","1"
"693","345","Pakket 6","0","189","0","0","1"
"694","346","Pakket 7","0","189","0","0","1"
"695","347","Pakket 8","0","189","0","0","1"
"696","348","Pakket 9","0","189","0","0","1"
"697","349","Pakket 10","0","189","0","0","1"
"698","348","Pakket 9","0","189","0","0","1"
"699","350","Pakket 11","0","189","0","0","1"
"700","351","Pakket 12","0","189","0","0","1"
"701","352","Pakket 13","0","189","0","0","1"
"702","702","Pakket 14","0","189","0","0","1"
"703","702","Pakket 14","0","189","0","0","1"
"704","353","Pakket 15","0","189","0","0","1"
"705","354","Pakket 16","0","189","0","0","1"
"706","356","Pakket 18","0","189","0","0","1"
"707","357","Pakket 19","0","189","0","0","1"
"708","358","Pakket 20","0","189","0","0","1"
"709","681","Pakket 21","0","189","0","0","1"
"710","359","Pakket 22","0","189","0","0","1"
"711","360","Pakket 23","0","189","0","0","1"
"712","548","Pakket 24","0","189","0","0","1"
"713","532","Pakket 25","0","189","0","0","1"
"714","534","Pakket 26","0","189","0","0","1"
"715","594","Pakket 27","0","189","0","0","1"
"716","596","Pakket 28","0","189","0","0","1"
"717","717","MAZ-16","0","173","0","0","1"
"718","717","MAZ-16","0","173","0","0","1"
"719","349","Pakket 10","0","189","0","0","1"
"720","340","Pakket 1","0","189","0","0","1"
"721","341","Pakket 2","0","189","0","0","1"
"722","345","Pakket 6","0","189","0","0","1"
"723","353","Pakket 15","0","189","0","0","1"
"724","354","Pakket 16","0","189","0","0","1"
"725","356","Pakket 18","0","189","0","0","1"
"726","681","Pakket 21","0","189","0","0","1"
"727","727","Verpakte producten","0","778","0","0","1"
"728","727","Verpakte producten","0","778","0","0","1"
"729","729","Grondstoffen","0","778","0","0","1"
"730","729","Grondstoffen","0","778","1","0","1"
"731","727","Verpakte producten","0","778","0","0","1"
"732","732","Listeria PCR","0","778","0","0","1"
"733","732","L. monocytogenes PCR","0","778","0","0","1"
"734","734","L. monocytogenes PCR","0","787","0","0","1"
"735","734","L. monocytogenes PCR","0","787","0","0","1"
"736","732","L. monocytogenes PCR","0","778","1","0","1"
"737","581","MAZ 14","0","173","0","0","1"
"738","293","Koelwater/Proceswater","0","573","1","0","1"
"739","119","Water","0","165","0","0","1"
"740","343","Pakket 4","0","189","0","0","1"
"741","346","Pakket 7","0","189","0","0","1"
"742","702","Pakket 14","0","189","0","0","1"
"743","743","Gehakt","0","419","0","0","1"
"744","743","Gehakt","0","419","0","0","1"
"745","745","Salmonella","0","419","0","0","1"
"746","745","Salmonella","0","419","0","0","1"
"747","747","Vleesbereiding","0","419","0","0","1"
"748","747","Vleesbereiding","0","419","0","0","1"
"749","749","Pluimveevlees","0","419","0","0","1"
"750","749","Pluimveevlees","0","419","1","0","1"
"751","751","Salmonella","0","419","0","0","1"
"752","751","Salmonella","0","419","1","0","1"
"753","8","Ingangscontrole","0","426","0","1","1"
"754","216","MAZ 8","0","173","0","0","1"
"755","374","Geahkt (vleesbereiding) 2 parameters","0","423","0","0","1"
"756","45","Gehakt (Vleesbereiding) 5 parameters","0","423","0","0","1"
"757","557","MAZ 4","0","173","0","1","1"
"758","758","Rauwe melk","0","637","0","0","1"
"759","758","Rauwe melk","0","637","0","0","1"
"760","727","Verpakte producten","0","778","0","0","1"
"761","246","Rauwkost/Groenten","0","119","0","0","1"
"762","762","Voor / na ozon","0","774","0","0","1"
"763","762","Water voor / na ozon","0","774","0","0","1"
"764","762","Water voor / na ozon","0","774","0","0","1"
"765","765","ZG-G(A)","0","798","0","1","1"
"766","765","ZG-G(A)","0","798","0","1","1"
"767","767","ZG-G(B)","0","798","0","1","1"
"768","767","ZG-G(B)","0","798","0","1","1"
"769","767","ZG-G(B)","0","798","0","1","1"
"770","770","ZG-G(C)","0","798","0","1","1"
"771","770","ZG-G(C)","0","798","0","1","1"
"772","772","ZG-G(D)","0","798","0","1","1"
"773","772","ZG-G(D)","0","798","0","1","1"
"774","774","ZG-O(A)","0","798","0","1","1"
"775","774","ZG-O(A)","0","798","0","1","1"
"776","776","ZG-O(B)","0","798","0","1","1"
"777","776","ZG-O(B)","0","798","0","1","1"
"778","778","ZG-O(C)","0","798","0","1","1"
"779","778","ZG-O(C)","0","798","0","1","1"
"780","780","ZG-O(D)","0","798","0","1","1"
"781","780","ZG-O(D)","0","798","0","1","1"
"782","782","ZG-O(E)","0","798","0","1","1"
"783","782","ZG-O(E)","0","798","0","1","1"
"784","784","ZG-O(F)","0","798","0","1","1"
"785","784","ZG-O(F)","0","798","0","1","1"
"786","786","THT","0","798","0","1","1"
"787","786","THT","0","798","0","1","1"
"788","788","Afslag","0","798","0","1","1"
"789","788","Afslag","0","798","0","1","1"
"790","790","Water","0","798","0","1","1"
"791","790","Water","0","798","1","1","1"
"792","792","Schefijs","0","798","0","1","1"
"793","792","Scherfijs","0","798","0","1","1"
"794","794","Swab","0","798","0","1","1"
"795","794","Swab","0","798","1","1","1"
"796","796","Soep","0","798","0","1","1"
"797","796","Soep","0","798","0","1","1"
"798","536","MAZ 15","0","173","0","0","1"
"799","717","MAZ-16","0","173","0","0","1"
"800","800","Controle van script luchtmetingen","0","565","0","0","1"
"801","800","Controle van script luchtmetingen","0","565","0","0","1"
"802","796","Soep","0","798","0","1","1"
"803","187","MAZ 6","0","173","0","1","1"
"804","277","MAZ L 0","0","173","0","1","1"
"805","792","Scherfijs","0","798","0","1","1"
"806","806","Legionella - Drinkwater","1","0","0","0","1"
"807","806","Legionella - Drinkwater","1","0","0","0","1"
"808","808","Legionella - Bronwater","1","0","0","0","1"
"809","808","Legionella - Bronwater","1","0","0","0","1"
"810","810","Legionella - Grondwater","1","0","0","0","1"
"811","810","Legionella - Grondwater","1","0","0","0","1"
"812","812","Legionella - Proceswater","1","0","0","0","1"
"813","812","Legionella - Proceswater","1","0","0","0","1"
"814","814","Legionella - Koelwater","1","0","0","0","1"
"815","814","Legionella - Koelwater","1","0","0","0","1"
"816","816","Legionella - Zwembadwater","1","0","0","0","1"
"817","816","Legionella - Zwembadwater","1","0","0","0","1"
"818","818","Legionella - Uit tandarts behandelunit","1","0","0","0","1"
"819","818","Legionella - Uit tandarts behandelunit","1","0","0","0","1"
"820","767","ZG-G(B)","0","798","0","1","1"
"821","772","ZG-G(D)","0","798","0","1","1"
"822","776","ZG-O(B)","0","798","0","1","1"
"823","778","ZG-O(C)","0","798","0","1","1"
"824","782","ZG-O(E)","0","798","0","1","1"
"825","784","ZG-O(F)","0","798","0","1","1"
"826","788","Afslag","0","798","0","1","1"
"827","141","Melk","0","363","0","0","1"
"828","778","ZG-O(C)","0","798","0","1","1"
"829","349","Pakket 10","0","189","0","0","1"
"830","349","Pakket 10","0","189","0","0","1"
"831","346","Pakket 7","0","189","0","0","1"
"832","343","Pakket 4","0","189","0","0","1"
"833","786","THT","0","798","0","1","1"
"834","113","Geschilde ui","0","120","0","0","1"
"835","113","Geschilde ui","0","120","0","0","1"
"836","272","Zwembadwater","0","75","1","0","1"
"837","34","HACCP Rauwkost (met kiemrijke ingrediënten)","1","0","0","0","1"
"838","536","MAZ 15","0","173","0","0","1"
"839","245","Rauwe vis","0","390","1","0","1"
"840","702","Pakket 14","0","189","0","0","1"
"841","8","Ingangscontrole","0","426","0","1","1"
"842","115","Vleesbereiding","0","413","1","0","1"
"843","747","Vleesbereiding","0","419","1","0","1"
"844","743","Gehakt","0","419","1","0","1"
"845","845","Legionella - Afvalwater","1","0","0","0","1"
"846","845","Legionella - Afvalwater (C)","1","0","0","0","1"
"847","111","Groenten","0","115","0","0","1"
"848","848","Fruit","0","115","0","0","1"
"849","848","Fruit","0","115","0","0","1"
"850","111","Groenten","0","115","0","0","1"
"851","851","MAZ 13","0","173","0","0","1"
"852","851","MAZ 13","0","173","0","0","1"
"853","851","MAZ 13","0","173","0","0","1"
"854","491","Yoghurt","0","154","0","0","1"
"855","179","Yoghurt THT","0","154","0","0","1"
"856","175","Rauwe vis","0","384","0","1","1"
"857","727","Verpakte producten","0","778","1","0","1"
"858","858","Pakket 29","0","173","0","0","1"
"859","858","Pakket 29","0","189","0","0","1"
"860","858","Pakket 29","0","189","0","0","1"
"861","861","Garnalen  (NO. A + SP)","0","798","0","1","1"
"862","861","Garnalen  (NO. A + SP)","0","798","0","1","1"
"863","863","Garnalen (NO. 1 + 4)","0","798","0","1","1"
"864","863","Fruits de Mer","0","798","0","1","1"
"865","861","Garnalen (ROZE)","0","798","0","1","1"
"866","866","Rivierkreeften","0","798","0","1","1"
"867","866","Rivierkreeften","0","798","0","1","1"
"868","868","Garnaaldoppen","0","798","0","1","1"
"869","868","Garnaaldoppen","0","798","0","1","1"
"870","870","Nummer toekennen voor opmaak MS Word","0","170","0","0","1"
"871","870","Nummer toekennen voor opmaak MS Word","0","170","1","0","1"
"872","872","Nummer toekennen voor opmaak MS Word","0","169","0","0","1"
"873","872","Nummer toekennen voor opmaak MS Word","0","169","1","0","1"
"874","874","Nummer toekennen voor opmaak MS Word","0","629","0","0","1"
"875","874","Nummer toekennen voor opmaak MS Word","0","629","1","0","1"
"876","876","Luchtmetingen","0","170","0","0","1"
"877","876","Luchtmetingen","0","170","0","0","1"
"878","878","Luchtmetingen","0","169","0","0","1"
"879","878","Luchtmetingen","0","169","0","0","1"
"880","880","Nummer toekennen voor opmaak MS Word","0","93","0","0","1"
"881","880","Nummer toekennen voor opmaak MS Word","0","93","1","0","1"
"882","882","Nummer toekennen voor opmaak MS Word","0","820","0","0","1"
"883","882","Nummer toekennen voor opmaak MS Word","0","820","1","0","1"
"884","884","Nummer toekennen voor opmaak MS Word","0","597","0","0","1"
"885","884","Nummer toekennen voor opmaak MS Word","0","597","1","0","1"
"886","886","Nummer toekennen voor opmaak MS Word","0","65","0","0","1"
"887","886","Nummer toekennen voor opmaak MS Word","0","65","1","0","1"
"888","888","Nummer toekennen voor opmaak MS Word","0","827","0","0","1"
"889","888","Nummer toekennen voor opmaak MS Word","0","827","1","0","1"
"890","890","Verhit product","0","571","0","0","1"
"891","890","Verhit product","0","571","1","0","1"
"892","892","Bonbon","0","584","0","0","1"
"893","892","Bonbon","0","584","0","0","1"
"894","894","Snippers vers","0","426","0","0","1"
"895","894","Snippers vers","0","426","0","0","1"
"896","894","Snippers vers","0","426","0","0","1"
"897","894","Snippers vers","0","426","0","0","1"
"898","898","Schalen kg pseu melk lis","0","778","0","0","1"
"899","898","Schalen kg pseu melk lis","0","778","0","0","1"
"900","72","THT Gerookte zalm","0","380","0","0","1"
"901","74","THT Gravad Lachs","0","380","0","0","1"
"902","898","Schalen kg pseu melk lis","0","778","0","0","1"
"903","73","Gravad Lachs","0","380","0","0","1"
"904","71","Gerookte zalm","0","380","0","0","1"
"905","905","Kefir","0","637","0","0","1"
"906","905","Kefir","0","637","0","0","1"
"907","72","THT Gerookte zalm","0","380","0","0","1"
"908","74","THT Gravad Lachs","0","380","0","0","1"
"909","861","Garnalen (ROZE)","0","798","0","1","1"
"910","863","Fruits de Mer","0","798","0","1","1"
"911","911","Pakket 30","0","189","0","0","1"
"912","911","Pakket 30","0","189","0","0","1"
"913","308","Controle van script maz7218grens","0","565","0","0","1"
"914","45","Gehakt (Vleesbereiding) 4 parameters","0","423","0","0","1"
"915","45","Gehakt (Vleesbereiding) 4 parameters","0","423","0","0","1"
"916","374","Geahkt (vleesbereiding) 2 parameters","0","423","0","0","1"
"917","557","MAZ 4","0","173","0","1","1"
"918","214","MAZ 5","0","173","0","0","1"
"919","536","MAZ 15","0","173","0","0","1"
"920","203","MAZ 2","0","173","0","0","1"
"921","581","MAZ 14","0","173","0","0","1"
"922","8","Ingangscontrole","0","426","0","1","1"
"923","8","Ingangscontrole","0","426","0","1","1"
"924","8","Ingangscontrole","0","426","0","1","1"
"925","925","Rauwe vis","0","785","0","0","1"
"926","925","Rauwe vis","0","785","1","0","1"
"927","927","Maandmonster","0","787","0","0","1"
"928","927","Maandmonster","0","787","0","0","1"
"929","929","Maandmonster listeria telling","0","787","0","0","1"
"930","929","Maandmonster listeria telling","0","787","0","0","1"
"931","210","(THT) Rauwe vis","0","368","0","0","1"
"932","63","Rauwe vis","0","385","0","0","1"
"933","134","Rauwe vis","0","378","0","0","1"
"934","164","Augurkschijfjes","0","164","0","0","1"
"935","935","E. coli + Salm","0","694","0","0","1"
"936","935","E. coli + Salm 3x","0","694","0","0","1"
"937","937","Salmonella","0","694","0","0","1"
"938","937","Salmonella","0","694","1","0","1"
"939","935","E. coli + Salm 3x","0","694","1","0","1"
"940","940","CFO org Mercadonna","0","184","0","0","1"
"941","940","CFO org Mercadonna","0","184","0","0","1"
"942","942","Water","0","787","0","0","1"
"943","942","Water","0","787","0","0","1"
"944","944","Water","0","819","0","0","1"
"945","944","Water","0","819","1","0","1"
"946","946","Water","0","843","0","0","1"
"947","946","Water","0","843","1","0","1"
"948","788","Afslag","0","798","0","1","1"
"949","949","Chocolade","0","587","0","0","1"
"950","949","Chocolade","0","587","0","0","1"
"951","951","Haring","0","397","0","0","1"
"952","951","Haring","0","397","1","0","1"
"953","953","THT rauwe vis","0","566","0","0","1"
"954","953","THT rauwe vis","0","566","0","0","1"
"955","955","THT rauwe vis","0","785","1","0","1"
"956","196","Water","0","72","0","0","1"
"957","121","Water BRC","0","72","0","0","1"
"958","6","Water Global-Gap","0","72","0","0","1"
"959","4","Water KKM/OCM","0","72","0","0","1"
"960","784","ZG-O(F)","0","798","0","1","1"
"961","961","CFO org Mercadonna maand","0","184","0","0","1"
"962","961","CFO org Mercadonna maand","0","184","0","0","1"
"963","963","Kaas product","0","190","0","0","1"
"964","963","Kaas product","0","190","0","0","1"
"965","965","Pakket 31","0","189","0","0","1"
"966","965","Pakket 31","0","189","0","0","1"
"967","45","Gehakt (Vleesbereiding) 5 parameters","0","423","0","0","1"
"968","374","Gehakt (vleesbereiding) 2 parameters","0","423","0","0","1"
"969","187","MAZ 6","0","173","0","1","1"
"970","73","Gravad Lachs","0","380","0","0","1"
"971","71","Gerookte zalm","0","380","0","0","1"
"972","72","THT Gerookte zalm","0","380","0","0","1"
"973","74","THT Gravad Lachs","0","380","0","0","1"
"974","71","Gerookte zalm","0","380","0","0","1"
"975","142","Kaas","0","352","0","0","1"
"976","976","Verhit product salm list","0","571","0","0","1"
"977","976","Verhit product salm list","0","571","1","0","1"
"978","978","Controle script Rodac","0","565","0","0","1"
"979","978","Controle script Rodac","0","565","1","0","1"
"980","980","Maandonderzoek","0","819","0","0","1"
"981","980","Maandonderzoek","0","819","0","0","1"
"982","982","Maandonderzoek","0","843","0","0","1"
"983","982","Maandonderzoek","0","843","0","0","1"
"984","984","Rodac - PCA","0","404","0","0","1"
"985","984","Rodac - PCA","0","404","0","0","1"
"986","986","Rodac - PCA","0","153","0","0","1"
"987","986","Rodac - PCA","0","153","0","0","1"
"988","111","Groenten","0","115","0","0","1"
"989","989","E.coli schelpdieren","0","753","0","0","1"
"990","989","E.coli schelpdieren","0","753","0","0","1"
"991","991","Rodac - PCA","0","368","0","0","1"
"992","991","Rodac - PCA","0","368","0","0","1"
"993","993","Rodac - PCA","0","189","0","0","1"
"994","993","Rodac - PCA","0","189","0","0","1"
"995","995","Rodac - PCA","0","343","0","0","1"
"996","995","Rodac - PCA","0","343","0","0","1"
"997","997","Rodac - PCA","0","710","0","0","1"
"998","997","Rodac - PCA","0","710","0","0","1"
"999","999","Rodac - PCA","0","164","0","0","1"
"1000","999","Rodac - PCA","0","164","0","0","1"
"1001","997","Rodac - PCA","0","710","0","0","1"
"1002","1002","Rodac - PCA","0","8","0","0","1"
"1003","1002","Rodac - PCA","0","8","0","0","1"
"1004","1004","Rodac - PCA","0","686","0","0","1"
"1005","1004","Rodac - PCA","0","686","0","0","1"
"1006","1006","Rodac - PCA","0","393","0","0","1"
"1007","1006","Rodac - PCA","0","393","0","0","1"
"1008","1008","Rodac - PCA","0","743","0","0","1"
"1009","1008","Rodac - PCA","0","743","0","0","1"
"1010","1010","Rodac - PCA","0","763","0","0","1"
"1011","1010","Rodac - PCA","0","763","0","0","1"
"1012","1012","Rodac - PCA","0","119","0","0","1"
"1013","1012","Rodac - PCA","0","119","0","0","1"
"1014","1014","Rodac - PCA","0","387","0","0","1"
"1015","1014","Rodac - PCA","0","387","0","0","1"
"1016","1016","Rodac - PCA","0","425","0","0","1"
"1017","1016","Rodac - PCA","0","425","0","0","1"
"1018","1018","Rodac - PCA","0","423","0","0","1"
"1019","1018","Rodac - PCA","0","423","0","0","1"
"1020","1020","Rodac - PCA","0","395","0","0","1"
"1021","1020","Rodac - PCA","0","395","0","0","1"
"1022","1022","Rodac - PCA","0","384","0","0","1"
"1023","1022","Rodac - PCA","0","384","0","0","1"
"1024","1024","Rodac - PCA","0","774","0","0","1"
"1025","1024","Rodac - PCA","0","774","1","0","1"
"1026","1026","Rodac - PCA","0","103","0","0","1"
"1027","1026","Rodac - PCA","0","103","0","0","1"
"1028","1028","Rodac - PCA","0","418","0","0","1"
"1029","1028","Rodac - PCA","0","418","0","0","1"
"1030","1030","Rodac - PCA","0","386","0","0","1"
"1031","1030","Rodac - PCA","0","386","0","0","1"
"1032","1032","Rodac - PCA","0","389","0","0","1"
"1033","1032","Rodac - PCA","0","389","0","0","1"
"1034","1034","Rodac - PCA","0","798","0","0","1"
"1035","1034","Rodac - PCA","0","798","0","0","1"
"1036","1036","Rodac - PCA","0","383","0","0","1"
"1037","1036","Rodac - PCA","0","383","0","0","1"
"1038","845","Legionella - Afvalwater","1","0","0","0","1"
"1039","175","Micro pakket","0","384","0","1","1"
"1040","1040","Rodac - PCA","0","399","0","0","1"
"1041","1040","Rodac - PCA","0","399","0","0","1"
"1042","1042","Pakket 33","0","189","0","0","1"
"1043","1042","Pakket 33","0","189","0","0","1"
"1044","1044","Rodac - PCA","0","15","0","0","1"
"1045","1044","Rodac - PCA","0","15","0","0","1"
"1046","1046","MAP-pakket","0","905","0","1","1"
"1047","1046","MAP-pakket","0","905","0","1","1"
"1048","1048","Diepvries-pakket","0","905","0","1","1"
"1049","1048","Diepvries-pakket","0","905","0","1","1"
"1050","1050","Rodac - PCA","0","124","0","0","1"
"1051","1050","Rodac - PCA","0","124","0","0","1"
"1052","1052","Rodac - PCA","0","122","0","0","1"
"1053","1052","Rodac - PCA","0","122","0","0","1"
"1054","1046","MAP-pakket","0","905","0","1","1"
"1055","1055","Invriesbemonstering 80/20","0","426","0","0","1"
"1056","1055","Invriesbemonstering 80/20","0","426","0","0","1"
"1057","1055","Invriesbemonstering 80/20","0","426","0","0","1"
"1058","1058","Pakket 34","0","189","0","0","1"
"1059","1058","Pakket 34","0","189","0","0","1"
"1060","1046","MAP-pakket","0","905","0","1","1"
"1061","1048","Diepvries-pakket","0","905","0","1","1"
"1062","401","Drinkwater","0","703","0","0","1"
"1063","59","Vleesbereiding","0","403","1","0","1"
"1064","60","Vlees","0","403","0","0","1"
"1065","61","Vleeswaar","0","403","0","0","1"
"1066","62","Kaas","0","403","0","0","1"
"1067","84","Proceswater","0","168","0","0","1"
"1068","466","Rauwe vis - af productie","0","383","0","0","1"
"1069","684","Rauwe vis - THT","0","383","0","0","1"
"1070","1070","Vleesbereiding","0","870","0","0","1"
"1071","1070","Vleesbereiding","0","870","0","0","1"
"1072","1070","Vleesbereiding","0","870","0","0","1"
"1073","1073","Water","0","870","0","0","1"
"1074","1073","Water","0","870","0","0","1"
"1075","1075","Rodac - PCA","0","870","0","0","1"
"1076","1075","Rodac - PCA","0","870","0","0","1"
"1077","1077","MAP-pakket THT","0","905","0","1","1"
"1078","1077","MAP-pakket THT","0","905","0","1","1"
"1079","338","Broodproducten (direct en THT)","0","15","0","0","1"
"1080","225","Gepasteuriseerde melk","0","341","0","0","1"
"1081","898","Schalen kg pseu melk lis","0","778","1","0","1"
"1082","111","Groenten","0","115","0","0","1"
"1083","247","THT Rauwkost/Groenten","0","119","0","0","1"
"1084","1077","MAP-pakket THT","0","905","0","1","1"
"1085","1077","MAP-pakket THT","0","905","0","1","1"
"1086","254","IJs op melkbasis","0","145","1","0","1"
"1087","255","Sorbetijs","0","145","1","0","1"
"1088","256","IJs op yoghurtbasis","0","145","1","0","1"
"1089","241","Rauwe vis","0","387","1","0","1"
"1090","246","Rauwkost/Groenten","0","119","0","0","1"
"1091","54","MAZ 1 L + S","0","173","0","0","1"
"1092","57","THT Rauwe vis","0","382","0","0","1"
"1093","64","Salade","0","385","0","0","1"
"1094","86","Karnemelk","0","364","0","0","1"
"1095","99","Salade","0","376","0","0","1"
"1096","102","Kroketten","0","376","0","0","1"
"1097","105","Groenten","0","124","0","0","1"
"1098","106","Rauwkost/Groenten","0","124","0","0","1"
"1099","107","THT Rauwkost/Groenten","0","124","0","0","1"
"1100","112","THT Belegd broodje","0","29","1","0","1"
"1101","114","THT hele ui","0","120","0","0","1"
"1102","135","THT Rauwe vis","0","378","0","0","1"
"1103","136","Heet/koud gerookte vis","0","378","0","0","1"
"1104","103","Rauwe vis","0","389","1","0","1"
"1105","137","THT Heet/koud gerookte vis","0","378","0","0","1"
"1106","98","Rauwe vis","0","376","1","0","1"
"1107","55","Rauwe vis","0","382","1","0","1"
"1108","113","Geschilde ui","0","120","0","0","1"
"1109","73","Gravad Lachs","0","380","0","0","1"
"1110","71","Gerookte zalm","0","380","0","0","1"
"1111","74","THT Gravad Lachs","0","380","0","0","1"
"1112","72","THT Gerookte zalm","0","380","0","0","1"
"1113","60","Vlees","0","403","1","0","1"
"1114","61","Vleeswaar","0","403","1","0","1"
"1115","162","Water","0","124","0","0","1"
"1116","336","Water","0","8","1","0","1"
"1117","339","Water","0","15","0","0","1"
"1118","368","Drinkwater","0","107","1","0","1"
"1119","48","Water","0","423","0","0","1"
"1120","386","Drinkwater","0","22","1","0","1"
"1121","212","Scherfijs","0","368","1","0","1"
"1122","58","Scherfijs","0","382","1","0","1"
"1123","239","Scherfijs","0","566","1","0","1"
"1124","362","Scherfijs","0","388","1","0","1"
"1125","361","Scherfijs","0","389","1","0","1"
"1126","96","Scherfijs","0","394","1","0","1"
"1127","14","Scherfijs","0","377","0","0","1"
"1128","415","Scherfijs","0","393","1","0","1"
"1129","429","Scherfijs","0","423","0","0","1"
"1130","504","Drinkwater","0","113","0","0","1"
"1131","110","Water","0","13","1","0","1"
"1132","421","Drinkwater","0","566","1","0","1"
"1133","119","Water","0","165","0","0","1"
"1134","792","Scherfijs","0","798","0","1","1"
"1135","401","Drinkwater","0","703","1","0","1"
"1136","1073","Water","0","870","1","0","1"
"1137","196","Water","0","72","0","0","1"
"1138","500","Water","0","154","1","0","1"
"1139","1044","Rodac - PCA","0","15","0","0","1"
"1140","113","Hele ui vers","0","120","0","0","1"
"1141","845","Legionella - Afvalwater","1","0","0","0","1"
"1142","1142","Pakket 35","0","189","0","0","1"
"1143","1142","Pakket 35","0","189","0","0","1"
"1144","1144","Pakket 36","0","189","0","0","1"
"1145","1144","Pakket 36","0","189","0","0","1"
"1146","1146","Pakket 37","0","189","0","0","1"
"1147","1146","Pakket 37","0","189","0","0","1"
"1148","307","Controle van script maz7218","0","565","0","0","1"
"1149","1149","MAZ 21","0","173","0","0","1"
"1150","1149","MAZ 21","0","173","0","0","1"
"1151","1151","MAZ 23","0","173","0","0","1"
"1152","1151","MAZ 23","0","173","0","0","1"
"1153","1149","MAZ 21","0","173","0","0","1"
"1154","349","Pakket 10","0","189","0","0","1"
"1155","349","Pakket 10","0","189","0","0","1"
"1156","164","Augurkschijfjes","0","164","0","1","1"
"1157","1157","MALM","0","905","0","1","1"
"1158","1157","MALM","0","905","0","1","1"
"1159","1159","MALM - THT","0","905","0","1","1"
"1160","1159","MALM - THT","0","905","0","1","1"
"1161","258","Kaas","0","347","0","0","1"
"1162","1162","Japanse wet","0","189","0","0","1"
"1163","1162","Japanse wet","0","189","0","0","1"
"1164","1162","Japanse wet","0","189","0","0","1"
"1165","258","Kaas","0","347","0","0","1"
"1166","734","L. monocytogenes PCR (PALL)","0","787","0","0","1"
"1167","364","Mosselen","0","719","0","0","1"
"1168","190","Salmonella - Pool 10","0","426","0","0","1"
"1169","315","Salmonells - Pool 5","0","426","0","0","1"
"1170","1170","Ongepelde garnalen CL","0","905","0","1","1"
"1171","1170","Ongepelde garnalen","0","905","0","1","1"
"1172","1172","Pakket 38","0","0","0","1","1"
"1173","1172","Pakket 38","0","189","0","1","1"
"1174","1172","Pakket 38","0","189","1","1","1"
"1175","355","Pakket 17","0","189","1","0","1"
"1176","1176","Pakket 40","0","189","0","0","1"
"1177","1176","Pakket 40","0","189","0","0","1"
"1178","1178","Pakket 39","0","189","0","0","1"
"1179","1178","Pakket 39 - water","0","189","0","0","1"
"1180","102","Kroketten","0","376","1","0","1"
"1181","1176","Pakket 40","0","189","0","0","1"
"1182","342","Pakket 3","0","189","0","0","1"
"1183","1183","Pakket 1","0","954","0","1","1"
"1184","1183","Pakket 1","0","954","1","1","1"
"1185","1185","Pakket 2","0","954","0","1","1"
"1186","1185","Pakket 2","0","954","1","1","1"
"1187","1187","Pakket 3","0","954","0","1","1"
"1188","1187","Pakket 3","0","954","1","1","1"
"1189","1189","Pakket 4","0","954","0","1","1"
"1190","1189","Pakket 4","0","954","0","1","1"
"1191","1191","Pakket 5","0","954","0","1","1"
"1192","1191","Pakket 5","0","954","1","1","1"
"1193","1193","Pakket 6","0","954","0","1","1"
"1194","1193","Pakket 6","0","954","1","1","1"
"1195","1195","Pakket 11","0","954","0","1","1"
"1196","1195","Pakket 11","0","954","1","1","1"
"1197","1197","Pakket 9","0","954","0","1","1"
"1198","1197","Pakket 9","0","954","0","1","1"
"1199","1199","Pakket 7","0","954","0","1","1"
"1200","1199","Pakket 7","0","954","0","1","1"
"1201","1201","Cargill kwartaalonderzoek","0","953","0","1","1"
"1202","1201","Cargill kwartaalonderzoek","0","953","0","1","1"
"1203","1203","Cargill Popp","0","953","0","1","1"
"1204","1203","Cargill Popp","0","953","0","1","1"
"1205","1205","Cargill vacuum nagepasteuriseerd","0","953","0","1","1"
"1206","1205","Cargill vacuum nagepasteuriseerd","0","953","0","1","1"
"1207","1207","Cargill warmteonderzoek","0","953","0","1","1"
"1208","1207","Cargill warmteonderzoek","0","953","0","1","1"
"1209","1209","GB Food Ham 80% 260127","0","953","0","1","1"
"1210","1209","GB Food Ham 80% 260127","0","953","0","1","1"
"1211","1209","GB Food Ham 80% 260127","0","953","0","1","1"
"1212","1212","GB Food Pork/Beef Boulette 1,5g IQF 270266","0","953","0","1","1"
"1213","1212","GB Food Pork/Beef Boulette 1,5g IQF 270266","0","953","0","1","1"
"1214","1214","Elite Listeria n=5","0","953","0","1","1"
"1215","1214","Elite Listeria n=5","0","953","1","1","1"
"1216","1216","MARS CoC jaarlijks","0","953","0","1","1"
"1217","1216","MARS CoC jaarlijks","0","953","0","1","1"
"1218","1218","MARS MIBI","0","953","0","1","1"
"1219","1218","MARS MIBI","0","953","0","1","1"
"1220","1220","MARS MIBI Bacon smoked IQF 270268","0","953","0","1","1"
"1221","1220","MARS MIBI Bacon smoked IQF 270268","0","953","0","1","1"
"1222","1222","MARS MIBI soepbal rund 270236","0","953","0","1","1"
"1223","1222","MARS MIBI soepbal rund 270236","0","953","0","1","1"
"1224","1224","Monstername Industrie groep 1 Standaard","0","953","0","1","1"
"1225","1224","Monstername Industrie groep 1 Standaard","0","953","0","1","1"
"1226","1226","Monstername Industrie groep 1 Uitgebreid","0","953","0","1","1"
"1227","1226","Monstername Industrie groep 1 Uitgebreid","0","953","0","1","1"
"1228","1228","Monstername Industrie groep 1 Uitgebreid Kip","0","953","0","1","1"
"1229","1228","Monstername Industrie groep 1 Uitgebreid Kip","0","953","0","1","1"
"1230","1230","Monstername VVA template01 vleesbereiding","0","953","0","1","1"
"1231","1230","Monstername VVA template01 vleesbereiding","0","953","0","1","1"
"1232","1232","Monstername VVA template02 vleesbereiding","0","953","0","1","1"
"1233","1232","Monstername VVA template02 vleesbereiding","0","953","0","1","1"
"1234","1234","Monstername VVA template03 gehakt vlees","0","953","0","1","1"
"1235","1234","Monstername VVA template03 gehakt vlees","0","953","0","1","1"
"1236","1236","Monstername VVA template04 gehakt vlees","0","953","0","1","1"
"1237","1236","Monstername VVA template04 gehakt vlees","0","953","0","1","1"
"1238","1238","Monstername VVA template05 pluimveevlees","0","953","0","1","1"
"1239","1238","Monstername VVA template05 pluimveevlees","0","953","0","1","1"
"1240","1240","Monstername VVA template06 grondstof rundvlees","0","953","0","1","1"
"1241","1240","Monstername VVA GR 4 grondstof rundvlees","0","953","0","1","1"
"1242","1242","Swab","0","953","0","1","1"
"1243","1242","Omgevingsonderzoek","0","953","0","1","1"
"1244","1244","Vega MIBI","0","953","0","1","1"
"1245","1244","Vega MIBI","0","953","0","1","1"
"1246","1246","Vega MIBI Listeria","0","953","0","1","1"
"1247","1246","Vega MIBI Listeria","0","953","0","1","1"
"1248","1248","Meatball pork/beef 1,2gram IQF 270252","0","953","0","1","1"
"1249","1248","Meatball pork/beef 1,2gram IQF 270252","0","953","1","1","1"
"1250","1250","Wateronderzoek tappunten","0","953","0","1","1"
"1251","1250","Wateronderzoek tappunten","0","953","0","1","1"
"1252","1252","Pakket 41","0","189","0","0","1"
"1253","1252","Pakket 41","0","189","0","0","1"
"1254","1189","Pakket 4","0","954","1","1","1"
"1255","1255","MARS CoC jaarlijks CHEM","0","953","0","1","1"
"1256","1255","MARS CHEM per batch","0","953","0","1","1"
"1257","1216","MARS CoC jaarlijks MIBI","0","953","0","1","1"
"1258","1255","MARS CHEM per batch","0","953","0","1","1"
"1259","1216","MARS CoC jaarlijks MIBI","0","953","0","1","1"
"1260","1260","MARS CoC jaarlijks CHEM","0","953","0","1","1"
"1261","1260","MARS CoC jaarlijks CHEM","0","953","0","1","1"
"1262","1262","MARS DNA per batch","0","953","0","1","1"
"1263","1262","MARS DNA per batch","0","953","0","1","1"
"1264","1264","Pakket 42","0","189","0","0","1"
"1265","1264","Pakket 42","0","189","0","0","1"
"1266","468","Gevulde slagroomsoes 1","0","11","0","1","1"
"1267","1267","Gevulde slagroomsoes 2","0","11","0","1","1"
"1268","1267","Gevulde slagroomsoes 2","0","11","0","1","1"
"1269","1269","Gevulde slagroomsoes 3","0","11","0","1","1"
"1270","1269","Gevulde slagroomsoes 3","0","11","1","1","1"
"1271","1271","Gevulde slagroomsoes 4","0","11","0","1","1"
"1272","1271","Gevulde slagroomsoes 4","0","11","1","1","1"
"1273","1273","Gevulde slagroomsoes 4 - einde THT","0","11","0","1","1"
"1274","1273","Gevulde slagroomsoes 4 - einde THT","0","11","0","1","1"
"1275","1275","Korstkoeken","0","11","0","1","1"
"1276","1275","Korstkoeken","0","11","0","1","1"
"1277","1277","Coating","0","11","0","1","1"
"1278","1277","Coating","0","11","1","1","1"
"1279","1279","Restdeeg","0","11","0","1","1"
"1280","1279","Restdeeg","0","11","0","1","1"
"1281","1281","Wateronderzoek","0","11","0","1","1"
"1282","1281","Wateronderzoek","0","11","1","1","1"
"1283","1283","Slagroomsoes gecoat 1","0","11","0","1","1"
"1284","1283","Slagroomsoes gecoat 1","0","11","1","1","1"
"1285","1285","Slagroomsoes gecoat 2","0","11","0","1","1"
"1286","1285","Slagroomsoes gecoat 2","0","11","1","1","1"
"1287","1287","Slagroomsoes gecoat 2 - einde THT","0","11","0","1","1"
"1288","1287","Slagroomsoes gecoat 2 - einde THT","0","11","0","1","1"
"1289","1273","Gevulde slagroomsoes 4 - einde THT","0","11","0","1","1"
"1290","1290","Koek 1","0","11","0","1","1"
"1291","1290","Koek 1","0","11","0","1","1"
"1292","1292","Koek 2","0","11","0","1","1"
"1293","1292","Koek 2","0","11","1","1","1"
"1294","1294","Spijskoeken 1","0","11","0","1","1"
"1295","1294","Spijskoeken 1","0","11","1","1","1"
"1296","1296","Spijskoeken 2","0","11","0","1","1"
"1297","1296","Spijskoeken 2","0","11","1","1","1"
"1298","1298","Spijskoeken 2 - einde THT","0","11","0","1","1"
"1299","1298","Spijskoeken 2 - einde THT","0","11","0","1","1"
"1300","1300","Swab testen","0","11","0","1","1"
"1301","1300","Swab testen","0","11","0","1","1"
"1302","1300","Swab testen","0","11","1","1","1"
"1303","1273","Gevulde slagroomsoes 4 - einde THT","0","11","0","1","1"
"1304","1287","Slagroomsoes gecoat 2 - einde THT","0","11","0","1","1"
"1305","1298","Spijskoeken 2 - einde THT","0","11","0","1","1"
"1306","1262","MARS DNA","0","953","0","1","1"
"1307","1238","Monstername VVA GR 3 pluimveevlees","0","953","0","1","1"
"1308","1201","Cargill kwartaalonderzoek","0","953","0","1","1"
"1309","1309","Lood/Kwik/Cadmium","0","905","0","1","1"
"1310","1309","Lood/Kwik/Cadmium","0","905","0","1","1"
"1311","1203","Cargill Popp","0","953","1","1","1"
"1312","1205","Cargill Homann","0","953","0","1","1"
"1313","1207","Cargill warmteonderzoek","0","953","1","1","1"
"1314","1209","GB Food Ham 80% 260127","0","953","1","1","1"
"1315","1212","GB Food All natural pork/beef boulette 1,5g IQF 270485","0","953","0","1","1"
"1316","1218","MARS MIBI","0","953","0","1","1"
"1317","1220","MARS MIBI Bacon smoked IQF 270268","0","953","0","1","1"
"1318","1222","MARS MIBI soepbal rund 270236","0","953","0","1","1"
"1319","1224","Monstername Industrie groep 1 Standaard","0","953","0","1","1"
"1320","1226","Monstername Industrie groep 1 Uitgebreid","0","953","0","1","1"
"1321","1228","Monstername Industrie groep 1 Uitgebreid Kip","0","953","0","1","1"
"1322","1244","Vega MIBI","0","953","0","1","1"
"1323","1250","Wateronderzoek tappunten","0","953","0","1","1"
"1324","1216","MARS CoC jaarlijks MIBI","0","953","0","1","1"
"1325","1201","Cargill kwartaalonderzoek","0","953","0","1","1"
"1326","1255","MARS CHEM per batch","0","953","0","1","1"
"1327","1260","MARS CoC jaarlijks CHEM","0","953","0","1","1"
"1328","1178","Pakket 39 - water","0","189","0","0","1"
"1329","1329","Pakket 43","0","189","0","0","1"
"1330","1329","Pakket 43","0","189","0","0","1"
"1331","1331","Mengmonster conserven","0","905","0","1","1"
"1332","1331","Mengmonster conserven","0","905","0","1","1"
"1333","1331","Mengmonster conserven","0","905","0","1","1"
"1334","1334","Drinkwater","0","607","0","0","1"
"1335","1334","Drinkwater","0","607","0","0","1"
"1336","1201","Cargill kwartaalonderzoek","0","953","0","1","1"
"1337","8","Ingangscontrole","0","426","0","1","1"
"1338","1255","MARS CHEM per batch","0","953","0","1","1"
"1339","164","2416 - Augurkschijfjes","0","164","0","1","1"
"1340","164","2416 - Augurkschijfjes","0","164","0","1","1"
"1341","1341","1613 - Zilveruien","0","164","0","1","1"
"1342","858","Pakket 29","0","189","0","0","1"
"1343","1343","Pakket 44","0","189","0","0","1"
"1344","1343","Pakket 44","0","189","1","0","1"
"1345","116","Bavarois","0","154","0","0","1"
"1346","1346","Rodac - PCA","0","587","0","0","1"
"1347","1346","Rodac - PCA","0","587","0","0","1"
"1348","1201","Cargill warmteonderzoek","0","953","0","1","1"
"1349","1329","Pakket 43","0","189","1","0","1"
"1350","1350","Pakket 45","0","189","0","0","1"
"1351","1350","Pakket 45","0","189","0","0","1"
"1352","1352","Fruit / Yoghurt mixen","0","874","0","0","1"
"1353","1352","Groenten en fruit - direct","0","874","0","0","1"
"1354","1354","Rodac - PCA","0","566","0","0","1"
"1355","1354","Rodac - PCA","0","566","0","0","1"
"1356","1255","MARS CHEM","0","953","0","1","1"
"1357","1357","Pakket 43-1","0","189","0","0","1"
"1358","1357","Pakket 43-1","0","189","1","0","1"
"1359","1199","Pakket 7","0","954","1","1","1"
"1360","1197","Pakket 9","0","954","1","1","1"
"1361","1361","Pakket 10","0","954","0","1","1"
"1362","1361","Pakket 10","0","954","1","1","1"
"1363","1363","Rodac afdrukjes","0","954","0","1","1"
"1364","1363","Rodac afdrukjes","0","954","0","1","1"
"1365","1365","Pakket 46","0","189","0","0","1"
"1366","1365","Pakket 46","0","189","1","0","1"
"1367","1352","Groenten en fruit - direct","0","874","0","0","1"
"1368","1368","Groenten en fruit - THT","0","874","0","0","1"
"1369","1368","Groenten en fruit - THT","0","874","0","0","1"
"1370","1370","Gecombineerde producten - direct","0","874","0","0","1"
"1371","1370","Gecombineerde producten - direct","0","874","0","0","1"
"1372","1372","Gecombineerde producten - THT","0","874","0","0","1"
"1373","1372","Gecombineerde producten - THT","0","874","0","0","1"
"1374","993","Rodac - PCA","0","189","0","0","1"
"1375","344","Pakket 5","0","189","1","0","1"
"1376","345","Pakket 6","0","189","0","0","1"
"1377","346","Pakket 7","0","189","0","0","1"
"1378","347","Pakket 8","0","189","0","0","1"
"1379","348","Pakket 9","0","189","0","0","1"
"1380","349","Pakket 10","0","189","0","0","1"
"1381","350","Pakket 11","0","189","0","0","1"
"1382","351","Pakket 12","0","189","0","0","1"
"1383","352","Pakket 13","0","189","0","0","1"
"1384","702","Pakket 14","0","189","0","0","1"
"1385","353","Pakket 15","0","189","0","0","1"
"1386","354","Pakket 16","0","189","1","0","1"
"1387","356","Pakket 18","0","189","0","0","1"
"1388","357","Pakket 19","0","189","1","0","1"
"1389","358","Pakket 20","0","189","0","0","1"
"1390","681","Pakket 21","0","189","0","0","1"
"1391","359","Pakket 22","0","189","1","0","1"
"1392","360","Pakket 23","0","189","1","0","1"
"1393","548","Pakket 24","0","189","0","0","1"
"1394","532","Pakket 25","0","189","0","0","1"
"1395","534","Pakket 26","0","189","0","0","1"
"1396","594","Pakket 27","0","189","0","0","1"
"1397","596","Pakket 28","0","189","0","0","1"
"1398","340","Pakket 1","0","189","1","0","1"
"1399","341","Pakket 2","0","189","1","0","1"
"1400","343","Pakket 4","0","189","0","0","1"
"1401","858","Pakket 29","0","189","0","0","1"
"1402","911","Pakket 30","0","189","0","0","1"
"1403","965","Pakket 31","0","189","1","0","1"
"1404","1042","Pakket 33","0","189","1","0","1"
"1405","1058","Pakket 34","0","189","1","0","1"
"1406","1142","Pakket 35","0","189","1","0","1"
"1407","1144","Pakket 36","0","189","1","0","1"
"1408","1146","Pakket 37","0","189","1","0","1"
"1409","342","Pakket 3","0","189","0","0","1"
"1410","1350","Pakket 45","0","189","0","0","1"
"1411","991","Rodac - PCA","0","368","1","0","1"
"1412","995","Rodac - PCA","0","343","1","0","1"
"1413","997","Rodac - PCA","0","710","1","0","1"
"1414","999","Rodac - PCA","0","164","0","0","1"
"1415","1002","Rodac - PCA","0","8","1","0","1"
"1416","1004","Rodac - PCA","0","686","1","0","1"
"1417","1006","Rodac - PCA","0","393","1","0","1"
"1418","1010","Rodac - PCA","0","763","1","0","1"
"1419","1008","Rodac - PCA","0","743","1","0","1"
"1420","1012","Rodac - PCA","0","119","1","0","1"
"1421","1014","Rodac - PCA","0","387","1","0","1"
"1422","1016","Rodac - PCA","0","425","1","0","1"
"1423","1018","Rodac - PCA","0","423","0","0","1"
"1424","1020","Rodac - PCA","0","395","1","0","1"
"1425","1022","Rodac - PCA","0","384","1","0","1"
"1426","984","Rodac - PCA","0","404","1","0","1"
"1427","1026","Rodac - PCA","0","103","1","0","1"
"1428","986","Rodac - PCA","0","153","0","0","1"
"1429","1028","Rodac - PCA","0","418","1","0","1"
"1430","1030","Rodac - PCA","0","386","1","0","1"
"1431","1032","Rodac - PCA","0","389","1","0","1"
"1432","1034","Rodac - PCA","0","798","0","0","1"
"1433","1044","Rodac - PCA","0","15","0","0","1"
"1434","1040","Rodac - PCA","0","399","1","0","1"
"1435","1036","Rodac - PCA","0","383","1","0","1"
"1436","1346","Rodac - PCA","0","587","1","0","1"
"1437","1052","Rodac - PCA","0","122","0","0","1"
"1438","1354","Rodac - PCA","0","566","1","0","1"
"1439","1050","Rodac - PCA","0","124","1","0","1"
"1440","1075","Rodac - PCA","0","870","1","0","1"
"1441","316","Ongekoelde presentatie","0","3","1","0","1"
"1442","317","Ongekoelde presentatie","0","5","1","0","1"
"1443","332","Ongekoelde presentatie","0","592","1","0","1"
"1444","333","Ongekoelde presentatie","0","594","1","0","1"
"1445","329","Ongekoelde presentatie","0","590","1","0","1"
"1446","328","Ongekoelde presentatie","0","585","1","0","1"
"1447","318","Ongekoelde presentatie","0","9","1","0","1"
"1448","319","Ongekoelde presentatie","0","10","1","0","1"
"1449","330","Ongekoelde presentatie","0","588","1","0","1"
"1450","322","Ongekoelde presentatie","0","581","1","0","1"
"1451","321","Ongekoelde presentatie","0","579","1","0","1"
"1452","320","Ongekoelde presentatie","0","580","1","0","1"
"1453","323","Ongekoelde presentatie","0","582","1","0","1"
"1454","325","Ongekoelde presentatie","0","31","1","0","1"
"1455","327","Ongekoelde presentatie","0","583","1","0","1"
"1456","326","Ongekoelde presentatie","0","32","1","0","1"
"1457","51","MAZ 1","0","173","0","0","1"
"1458","52","MAZ 1 L","0","173","0","0","1"
"1459","53","MAZ 1 S","0","173","0","0","1"
"1460","52","MAZ 1 L","0","173","0","0","1"
"1461","199","MAZ 4.2","0","173","0","0","1"
"1462","217","MAZ 8a","0","173","0","0","1"
"1463","218","MAZ 9","0","173","0","0","1"
"1464","220","MAZ 11","0","173","0","0","1"
"1465","221","MAZ 11a","0","173","0","0","1"
"1466","222","MAZ 11b","0","173","0","0","1"
"1467","275","MAZ 1 C","0","173","0","0","1"
"1468","219","MAZ 10","0","173","0","0","1"
"1469","223","MAZ 12","0","173","0","0","1"
"1470","202","MAZ 3","0","173","0","0","1"
"1471","215","MAZ 7","0","173","0","0","1"
"1472","216","MAZ 8","0","173","0","0","1"
"1473","717","MAZ-16","0","173","0","0","1"
"1474","851","MAZ 13","0","173","0","0","1"
"1475","557","MAZ 4","0","173","0","1","1"
"1476","214","MAZ 5","0","173","0","0","1"
"1477","536","MAZ 15","0","173","0","0","1"
"1478","203","MAZ 2","0","173","0","0","1"
"1479","581","MAZ 14","0","173","0","0","1"
"1480","187","MAZ 6","0","173","0","1","1"
"1481","54","MAZ 1 L + S","0","173","0","0","1"
"1482","559","MAZ L-PCR","0","173","0","0","1"
"1483","1151","MAZ 23","0","173","0","0","1"
"1484","1149","MAZ 21","0","173","0","0","1"
"1485","277","MAZ L 0","0","173","0","1","1"
"1486","536","MAZ 15","0","173","0","0","1"
"1487","662","CFO Mc Donalds - maand","0","184","0","0","1"
"1488","648","CFO maand","0","184","0","0","1"
"1489","650","CFO kwartaal","0","184","0","0","1"
"1490","652","CFO Chili - kwartaal","0","184","0","0","1"
"1491","654","CFO Curry - kwartaal","0","184","0","0","1"
"1492","656","CFO Chili - maand","0","184","0","0","1"
"1493","658","CFO Curry - maand","0","184","0","0","1"
"1494","660","CFO Mc Donalds - kwartaal","0","184","0","0","1"
"1495","664","FFO maand","0","184","0","0","1"
"1496","666","FFO kwartaal","0","184","0","0","1"
"1497","940","CFO org Mercadonna","0","184","0","0","1"
"1498","961","CFO org Mercadonna maand","0","184","0","0","1"
"1499","50","CFO kwartaal","0","191","0","0","1"
"1500","49","CFO maand","0","191","0","0","1"
"1501","1501","Rodac - PCA","0","108","0","0","1"
"1502","1501","Rodac - PCA","0","108","1","0","1"
"1503","1242","Omgevingsonderzoek","0","953","1","1","1"
"1504","654","CFO Curry - kwartaal","0","184","0","0","1"
"1505","652","CFO Chili - kwartaal","0","184","0","0","1"
"1506","1506","CFO Garlic pepper kwartaal","0","184","0","0","1"
"1507","1506","CFO Garlic pepper kwartaal","0","184","0","0","1"
"1508","652","CFO Chili - kwartaal","0","184","0","0","1"
"1509","650","CFO kwartaal","0","184","0","0","1"
"1510","660","CFO Mc Donalds - kwartaal","0","184","0","0","1"
"1511","666","FFO kwartaal","0","184","0","0","1"
"1512","654","CFO Curry - kwartaal","0","184","0","0","1"
"1513","1506","CFO Garlic pepper kwartaal","0","184","0","0","1"
"1514","652","CFO Chili - kwartaal","0","184","0","0","1"
"1515","1228","Monstername Industrie groep 1 Uitgebreid Kip","0","953","0","1","1"
"1516","1230","Monstername VVA GR 1 vleesbereiding","0","953","0","1","1"
"1517","1232","Monstername VVA template02 vleesbereiding","0","953","0","1","1"
"1518","1234","Monstername VVA template03 gehakt vlees","0","953","0","1","1"
"1519","1236","Monstername VVA template04 gehakt vlees","0","953","0","1","1"
"1520","1363","Rodac afdrukjes","0","954","1","1","1"
"1521","1521","CFO Bacon","0","184","0","0","1"
"1522","1521","CFO Bacon","0","184","0","0","1"
"1523","1523","CFO Bacon","0","191","0","0","1"
"1524","1523","CFO Bacon","0","191","0","0","1"
"1525","1525","Rodac - PCA/OGY/VRBG","0","712","0","0","1"
"1526","1525","Rodac - PCA/OGY/VRBG","0","712","1","0","1"
"1527","1527","Regulier onderzoek","0","569","0","0","1"
"1528","1527","Regulier onderzoek","0","569","0","0","1"
"1529","1529","Pakket 48","0","189","0","0","1"
"1530","1176","Pakket 40","0","189","1","0","1"
"1531","1529","Pakket 48","0","189","0","0","1"
"1532","1532","Noordzeegarnalen Ingangscontrole standaard","0","905","0","1","1"
"1533","1532","Noordzeegarnalen Ingangscontrole standaard","0","905","0","1","1"
"1534","1534","Noordzeegarnalen Ingangscontrole uitgebreid","0","905","0","1","1"
"1535","1534","Noordzeegarnalen Ingangscontrole uitgebreid","0","905","0","1","1"
"1536","1536","Noordzeegarnalen chemisch","0","905","0","1","1"
"1537","1536","Noordzeegarnalen chemisch","0","905","0","1","1"
"1538","1070","Vleesbereiding","0","870","1","0","1"
"1539","1539","Pakket 47","0","189","0","0","1"
"1540","1539","Pakket 47","0","189","0","0","1"
"1541","1541","Pakket 49","0","189","0","0","1"
"1542","1541","Pakket 49","0","189","0","0","1"
"1543","165","Salade","0","167","0","1","1"
"1544","166","THT Salade","0","167","0","1","1"
"1545","114","Hele ui THT","0","120","0","0","1"
"1546","1546","Listeria monocytogenes - na productie","0","978","0","1","1"
"1547","1546","Listeria monocytogenes 2073/2005 - na productie","0","978","0","1","1"
"1548","1548","Listeria monocytogenes - einde THT","0","978","0","1","1"
"1549","1548","Listeria monocytogenes 2073/2005 - einde THT","0","978","0","1","1"
"1550","1550","Histamine","0","978","0","1","1"
"1551","1550","Histamine","0","978","0","1","1"
"1552","1552","Vetgehalte","0","978","0","1","1"
"1553","1552","Vetgehalte","0","978","0","1","1"
"1554","1554","Lood/Kwik/Cadmium","0","978","0","1","1"
"1555","1554","Lood/Kwik/Cadmium","0","978","0","1","1"
"1556","1556","pH & Aw","0","978","0","1","1"
"1557","1556","pH & Aw","0","978","0","1","1"
"1558","1558","Eindproduct vers n=1 - volledig","0","978","0","1","1"
"1559","1558","Eindproduct vers n=1 - volledig","0","978","0","1","1"
"1560","1560","Eindproduct vers - n=4 - S+L","0","978","0","1","1"
"1561","1560","Eindproduct vers - n=4 - S+L","0","978","0","1","1"
"1562","1562","Eindproduct THT n=1 - volledig","0","978","0","1","1"
"1563","1562","Eindproduct THT n=1 - volledig","0","978","0","1","1"
"1564","1564","Eindproduct THT n=4 - Listeria","0","978","0","1","1"
"1565","1564","Eindproduct THT n=4 - Listeria","0","978","0","1","1"
"1566","1566","Swab","0","978","0","1","1"
"1567","1566","Swab - Listeria monocytogenes","0","978","0","1","1"
"1568","1568","Bijproduct vers - na productie","0","978","0","1","1"
"1569","1568","Bijproduct vers - na productie","0","978","0","1","1"
"1570","1570","Bijproduct vers - einde THT","0","978","0","1","1"
"1571","1570","Bijproduct vers - einde THT","0","978","0","1","1"
"1572","1572","Eindproduct diepvries - na ontdooien","0","978","0","1","1"
"1573","1572","Eindproduct diepvries - na ontdooien","0","978","0","1","1"
"1574","1574","Eindproduct diepvries - 2/3 dagen na ontdooien","0","978","0","1","1"
"1575","1574","Eindproduct diepvries - 2/3 dagen na ontdooien","0","978","0","1","1"
"1576","1566","Swab - Listeria monocytogenes","0","978","0","1","1"
"1577","1577","Drinkwater","0","978","0","1","1"
"1578","1577","Drinkwater","0","978","0","1","1"
"1579","1546","Listeria monocytogenes 2073/2005 - na productie","0","978","0","1","1"
"1580","1548","Listeria monocytogenes 2073/2005 - einde THT","0","978","0","1","1"
"1581","113","Hele ui vers","0","120","0","0","1"
"1582","114","Hele ui THT","0","120","0","0","1"
"1583","1583","Gesneden ui vers","0","120","0","0","1"
"1584","1583","Gesneden ui vers","0","120","0","0","1"
"1585","1585","Gesneden ui THT","0","120","0","0","1"
"1586","1585","Gesneden ui THT","0","120","0","0","1"
"1587","1587","Ui vers 2073/2005","0","120","0","0","1"
"1588","1587","Ui vers 2073/2005","0","120","0","0","1"
"1589","1589","Ui THT 2073/2005","0","120","0","0","1"
"1590","1589","Ui THT 2073/2005","0","120","0","0","1"
"1591","134","Rauwe vis","0","378","0","0","1"
"1592","135","THT Rauwe vis","0","378","0","0","1"
"1593","180","THT Rauwkost/Groenten","0","113","0","0","1"
"1594","247","THT Rauwkost/Groenten","0","119","0","0","1"
"1595","194","THT Groenten/Rauwkost","0","122","0","0","1"
"1596","374","Gehakt (vleesbereiding) 2 parameters","0","423","0","0","1"
"1597","374","Gehakt (vleesbereiding) 3 parameters","0","423","0","0","1"
"1598","374","Gehakt (vleesbereiding) 3 parameters","0","423","0","0","1"
"1599","107","THT Rauwkost/Groenten","0","124","0","0","1"
"1600","57","THT Rauwe vis","0","382","0","0","1"
"1601","1352","Groenten en fruit - direct","0","874","0","0","1"
"1602","1368","Groenten en fruit - THT","0","874","0","0","1"
"1603","1370","Gecombineerde producten - direct","0","874","0","0","1"
"1604","1372","Gecombineerde producten - THT","0","874","0","0","1"
"1605","1506","CFO Garlic pepper kwartaal","0","184","0","0","1"
"1606","1521","CFO Bacon","0","184","0","0","1"
"1607","1523","CFO Bacon","0","191","0","0","1"
"1608","1529","Pakket 48","0","189","1","0","1"
"1609","1539","Pakket 47","0","189","0","0","1"
"1610","1541","Pakket 49","0","189","1","0","1"
"1611","541","Rauwkost/Groenten","0","113","0","0","1"
"1612","180","THT Rauwkost/Groenten","0","113","0","0","1"
"1613","1368","Groenten en fruit - THT","0","874","0","0","1"
"1614","494","Pap / vla","0","154","0","0","1"
"1615","116","Bavarois","0","154","0","0","1"
"1616","498","Melk","0","154","0","0","1"
"1617","491","Yoghurt","0","154","0","0","1"
"1618","1618","Kruidenboter","0","154","0","0","1"
"1619","1618","Kruidenboter","0","154","0","0","1"
"1620","179","Yoghurt THT","0","154","0","0","1"
"1621","496","Pap / vla - THT","0","154","0","0","1"
"1622","117","Bavarois THT","0","154","0","0","1"
"1623","1309","Lood/Kwik/Cadmium","0","905","0","1","1"
"1624","644","Reguliere monstername schelpdieren","0","774","1","0","1"
"1625","762","Water voor / na ozon","0","774","1","0","1"
"1626","466","Rauwe vis - af productie","0","383","1","0","1"
"1627","684","Rauwe vis - THT","0","383","1","0","1"
"1628","45","Gehakt (Vleesbereiding) 5 parameters","0","423","0","0","1"
"1629","172","Rauwe vis","0","397","0","0","1"
"1630","1630","THT rauwe vis","0","397","0","0","1"
"1631","1630","THT rauwe vis","0","397","1","0","1"
"1632","172","Rauwe vis","0","397","1","0","1"
"1633","1633","Drinkwater","0","397","0","0","1"
"1634","1633","Drinkwater","0","397","1","0","1"
"1635","1635","Scherfijs","0","397","0","0","1"
"1636","1635","Scherfijs","0","397","1","0","1"
"1637","7","HACCP Maaltijdcomponent","1","0","0","0","1"
"1638","32","HACCP - Vers fruit","1","0","0","0","1"
"1639","43","HACCP Salade (met rauwe ingrediënten)","1","0","0","0","1"
"1640","41","HACCP Maaltijdcomponent (niet zelf bereid)","1","0","0","0","1"
"1641","34","HACCP Rauwkost (met kiemrijke ingrediënten)","1","0","0","0","1"
"1642","1642","HACCP - Rauwe vis","1","0","0","0","1"
"1643","1642","HACCP - Rauwe vis","1","0","0","0","1"
"1644","1644","HACCP - THT Rauwe vis","1","0","0","0","1"
"1645","1644","HACCP - THT Rauwe vis","1","0","0","0","1"
"1646","1646","HACCP - THT rauwkost/groenten/fruit","1","0","0","0","1"
"1647","1646","HACCP - THT rauwkost/groenten/fruit","1","0","0","0","1"
"1648","28","HACCP Salade","1","0","0","0","1"
"1649","31","HACCP Fruit uit blik","1","0","0","0","1"
"1650","32","HACCP - Vers fruit","1","0","0","0","1"
"1651","33","HACCP Vleeswaar (niet gefermenteerd)","1","0","0","0","1"
"1652","36","HACCP Slagroom","1","0","0","0","1"
"1653","37","HACCP Filet americain","1","0","0","0","1"
"1654","38","HACCP Dressing","1","0","0","0","1"
"1655","39","HACCP Gerookte vis","1","0","0","0","1"
"1656","40","HACCP Garnalen ","1","0","0","0","1"
"1657","42","HACCP Rauw vlees","1","0","0","0","1"
"1658","44","HACCP THT Maaltijdcomponent","1","0","0","0","1"
"1659","30","HACCP Rauwkost (zonder kiemrijke ingrediënten)","1","0","0","0","1"
"1660","25","HACCP Dessert","1","0","0","0","1"
"1661","26","HACCP Jus/Sauzen","1","0","0","0","1"
"1662","27","HACCP Soep/Bouillon","1","0","0","0","1"
"1663","29","HACCP Kaas","1","0","0","0","1"
"1664","138","Drinkwater (drinkwaterbesuit)","1","0","1","0","1"
"1665","678","Drinkwater na ontharder (Drinkwaterbesluit)","1","0","0","0","1"
"1666","678","Drinkwater na ontharder (Drinkwaterbesluit)","1","0","0","0","1"
"1667","171","SVRZ - water (kiemgetal + Cu + Ag)","1","0","1","0","1"
"1668","1668","HACCP - Maaltijdcomponent","0","452","0","0","1"
"1669","1668","HACCP - Maaltijdcomponent","0","452","0","0","1"
"1670","1670","HACCP - Maaltijdcomponent","0","520","0","0","1"
"1671","1670","HACCP - Maaltijdcomponent","0","520","0","0","1"
"1672","1672","HACCP - Maaltijdcomponent","0","524","0","0","1"
"1673","1672","HACCP - Maaltijdcomponent","0","524","0","0","1"
"1674","1674","HACCP - Maaltijdcomponent","0","433","0","0","1"
"1675","1674","HACCP - Maaltijdcomponent","0","433","0","0","1"
"1676","1676","HACCP - Maaltijdcomponent","0","434","0","0","1"
"1677","1676","HACCP - Maaltijdcomponent","0","434","0","0","1"
"1678","1678","HACCP - Maaltijdcomponent","0","435","0","0","1"
"1679","1678","HACCP - Maaltijdcomponent","0","435","0","0","1"
"1680","1680","HACCP - Maaltijdcomponent","0","436","0","0","1"
"1681","1680","HACCP - Maaltijdcomponent","0","436","0","0","1"
"1682","1682","HACCP - Maaltijdcomponent","0","464","0","0","1"
"1683","1682","HACCP - Maaltijdcomponent","0","464","0","0","1"
"1684","1684","HACCP - Maaltijdcomponent","0","532","0","0","1"
"1685","1684","HACCP - Maaltijdcomponent","0","532","0","0","1"
"1686","1686","HACCP - Maaltijdcomponent","0","461","0","0","1"
"1687","1686","HACCP - Maaltijdcomponent","0","461","1","0","1"
"1688","1688","HACCP - Maaltijdcomponent","0","479","0","0","1"
"1689","1688","HACCP - Maaltijdcomponent","0","479","0","0","1"
"1690","1690","HACCP - Maaltijdcomponent","0","460","0","0","1"
"1691","1690","HACCP - Maaltijdcomponent","0","460","0","0","1"
"1692","1692","HACCP - Maaltijdcomponent","0","750","0","0","1"
"1693","1692","HACCP - Maaltijdcomponent","0","750","0","0","1"
"1694","1694","HACCP - Maaltijdcomponent","0","529","0","0","1"
"1695","1694","HACCP - Maaltijdcomponent","0","529","0","0","1"
"1696","1696","HACCP - Maaltijdcomponent","0","739","0","0","1"
"1697","1696","HACCP - Maaltijdcomponent","0","739","0","0","1"
"1698","1698","HACCP - Maaltijdcomponent","0","431","0","0","1"
"1699","1698","HACCP - Maaltijdcomponent","0","431","0","0","1"
"1700","1700","HACCP - Maaltijdcomponent","0","137","0","0","1"
"1701","1700","HACCP - Maaltijdcomponent","0","137","0","0","1"
"1702","1702","HACCP - Maaltijdcomponent","0","142","0","0","1"
"1703","1702","HACCP - Maaltijdcomponent","0","142","0","0","1"
"1704","1704","HACCP - Maaltijdcomponent","0","151","0","0","1"
"1705","1704","HACCP - Maaltijdcomponent","0","151","1","0","1"
"1706","1706","HACCP - Maaltijdcomponent","0","150","0","0","1"
"1707","1706","HACCP - Maaltijdcomponent","0","150","1","0","1"
"1708","1708","HACCP - Maaltijdcomponent","0","152","0","0","1"
"1709","1708","HACCP - Maaltijdcomponent","0","152","0","0","1"
"1710","1710","HACCP - Maaltijdcomponent","0","443","0","0","1"
"1711","1710","HACCP - Maaltijdcomponent","0","443","0","0","1"
"1712","1712","HACCP - Salade (met rauwe ingrediënten)","0","452","0","0","1"
"1713","1712","HACCP - Salade (met rauwe ingrediënten)","0","452","0","0","1"
"1714","1714","HACCP - Salade (met rauwe ingrediënten)","0","520","0","0","1"
"1715","1714","HACCP - Salade (met rauwe ingrediënten)","0","520","0","0","1"
"1716","1716","HACCP - Salade (met rauwe ingrediënten)","0","524","0","0","1"
"1717","1716","HACCP - Salade (met rauwe ingrediënten)","0","524","0","0","1"
"1718","1718","HACCP - Salade (met rauwe ingrediënten)","0","433","0","0","1"
"1719","1718","HACCP - Salade (met rauwe ingrediënten)","0","433","0","0","1"
"1720","1720","HACCP - Salade (met rauwe ingrediënten)","0","434","0","0","1"
"1721","1720","HACCP - Salade (met rauwe ingrediënten)","0","434","0","0","1"
"1722","1722","HACCP - Salade (met rauwe ingrediënten)","0","435","0","0","1"
"1723","1722","HACCP - Salade (met rauwe ingrediënten)","0","435","0","0","1"
"1724","1724","HACCP - Salade (met rauwe ingrediënten)","0","436","0","0","1"
"1725","1724","HACCP - Salade (met rauwe ingrediënten)","0","436","0","0","1"
"1726","1726","HACCP - Salade (met rauwe ingrediënten)","0","464","0","0","1"
"1727","1726","HACCP - Salade (met rauwe ingrediënten)","0","464","0","0","1"
"1728","1728","HACCP - Salade (met rauwe ingrediënten)","0","532","0","0","1"
"1729","1728","HACCP - Salade (met rauwe ingrediënten)","0","532","0","0","1"
"1730","1730","HACCP - Salade (met rauwe ingrediënten)","0","460","0","0","1"
"1731","1730","HACCP - Salade (met rauwe ingrediënten)","0","460","0","0","1"
"1732","1732","HACCP - Salade (met rauwe ingrediënten)","0","461","0","0","1"
"1733","1732","HACCP - Salade (met rauwe ingrediënten)","0","461","1","0","1"
"1734","1734","HACCP - Salade (met rauwe ingrediënten)","0","479","0","0","1"
"1735","1734","HACCP - Salade (met rauwe ingrediënten)","0","479","0","0","1"
"1736","1736","HACCP - Salade (met rauwe ingrediënten)","0","750","0","0","1"
"1737","1736","HACCP - Salade (met rauwe ingrediënten)","0","750","0","0","1"
"1738","1738","HACCP - Salade (met rauwe ingrediënten)","0","529","0","0","1"
"1739","1738","HACCP - Salade (met rauwe ingrediënten)","0","529","0","0","1"
"1740","1740","HACCP - Salade (met rauwe ingrediënten)","0","739","0","0","1"
"1741","1740","HACCP - Salade (met rauwe ingrediënten)","0","739","0","0","1"
"1742","1742","HACCP - Salade (met rauwe ingrediënten)","0","431","0","0","1"
"1743","1742","HACCP - Salade (met rauwe ingrediënten)","0","431","0","0","1"
"1744","1744","HACCP - Salade (met rauwe ingrediënten)","0","137","0","0","1"
"1745","1744","HACCP - Salade (met rauwe ingrediënten)","0","137","0","0","1"
"1746","1746","HACCP - Salade (met rauwe ingrediënten)","0","142","0","0","1"
"1747","1746","HACCP - Salade (met rauwe ingrediënten)","0","142","0","0","1"
"1748","1748","HACCP - Salade (met rauwe ingrediënten)","0","151","0","0","1"
"1749","1748","HACCP - Salade (met rauwe ingrediënten)","0","151","1","0","1"
"1750","1750","HACCP - Salade (met rauwe ingrediënten)","0","150","0","0","1"
"1751","1750","HACCP - Salade (met rauwe ingrediënten)","0","150","1","0","1"
"1752","1752","HACCP - Salade (met rauwe ingrediënten)","0","152","0","0","1"
"1753","1752","HACCP - Salade (met rauwe ingrediënten)","0","152","0","0","1"
"1754","1754","HACCP - Salade (met rauwe ingrediënten)","0","443","0","0","1"
"1755","1754","HACCP - Salade (met rauwe ingrediënten)","0","443","0","0","1"
"1756","1046","MAP-pakket","0","905","0","1","1"
"1757","1048","Diepvries-pakket","0","905","1","1","1"
"1758","1077","MAP-pakket THT","0","905","0","1","1"
"1759","1157","MALM","0","905","0","1","1"
"1760","1159","MALM - THT","0","905","0","1","1"
"1761","1170","Ongepelde garnalen","0","905","1","1","1"
"1762","1762","Ongepelde garnalen MAP - THT","0","905","0","1","1"
"1763","1762","Ongepelde garnalen MAP - THT","0","905","0","1","1"
"1764","1309","Lood/Kwik/Cadmium - mosselen","0","905","0","1","1"
"1765","1331","Mengmonster conserven","0","905","1","1","1"
"1766","1532","Noordzeegarnalen Ingangscontrole standaard","0","905","1","1","1"
"1767","1534","Noordzeegarnalen Ingangscontrole uitgebreid","0","905","0","1","1"
"1768","1536","Noordzeegarnalen chemisch","0","905","1","1","1"
"1769","1309","Lood/Kwik/Cadmium - mosselen","0","905","1","1","1"
"1770","1770","HACCP - Maaltijdcomponent (niet zelf bereid)","0","452","0","0","1"
"1771","1770","HACCP - Maaltijdcomponent (niet zelf bereid)","0","452","0","0","1"
"1772","1772","HACCP - Maaltijdcomponent (niet zelf bereid)","0","520","0","0","1"
"1773","1772","HACCP - Maaltijdcomponent (niet zelf bereid)","0","520","0","0","1"
"1774","1774","HACCP - Maaltijdcomponent (niet zelf bereid)","0","524","0","0","1"
"1775","1774","HACCP - Maaltijdcomponent (niet zelf bereid)","0","524","0","0","1"
"1776","1776","HACCP - Maaltijdcomponent (niet zelf bereid)","0","433","0","0","1"
"1777","1776","HACCP - Maaltijdcomponent (niet zelf bereid)","0","433","0","0","1"
"1778","1778","HACCP - Maaltijdcomponent (niet zelf bereid)","0","434","0","0","1"
"1779","1778","HACCP - Maaltijdcomponent (niet zelf bereid)","0","434","0","0","1"
"1780","1780","HACCP - Maaltijdcomponent (niet zelf bereid)","0","435","0","0","1"
"1781","1780","HACCP - Maaltijdcomponent (niet zelf bereid)","0","435","0","0","1"
"1782","1782","HACCP - Maaltijdcomponent (niet zelf bereid)","0","436","0","0","1"
"1783","1782","HACCP - Maaltijdcomponent (niet zelf bereid)","0","436","0","0","1"
"1784","1784","HACCP - Maaltijdcomponent (niet zelf bereid)","0","464","0","0","1"
"1785","1784","HACCP - Maaltijdcomponent (niet zelf bereid)","0","464","0","0","1"
"1786","1786","HACCP - Maaltijdcomponent (niet zelf bereid)","0","532","0","0","1"
"1787","1786","HACCP - Maaltijdcomponent (niet zelf bereid)","0","532","0","0","1"
"1788","1788","HACCP - Maaltijdcomponent (niet zelf bereid)","0","460","0","0","1"
"1789","1788","HACCP - Maaltijdcomponent (niet zelf bereid)","0","460","0","0","1"
"1790","1790","HACCP - Maaltijdcomponent (niet zelf bereid)","0","461","0","0","1"
"1791","1790","HACCP - Maaltijdcomponent (niet zelf bereid)","0","461","1","0","1"
"1792","1792","HACCP - Maaltijdcomponent (niet zelf bereid)","0","479","0","0","1"
"1793","1792","HACCP - Maaltijdcomponent (niet zelf bereid)","0","479","0","0","1"
"1794","1794","HACCP - Maaltijdcomponent (niet zelf bereid)","0","750","0","0","1"
"1795","1794","HACCP - Maaltijdcomponent (niet zelf bereid)","0","750","0","0","1"
"1796","1796","HACCP - Maaltijdcomponent (niet zelf bereid)","0","529","0","0","1"
"1797","1796","HACCP - Maaltijdcomponent (niet zelf bereid)","0","529","0","0","1"
"1798","1798","HACCP - Maaltijdcomponent (niet zelf bereid)","0","739","0","0","1"
"1799","1798","HACCP - Maaltijdcomponent (niet zelf bereid)","0","739","0","0","1"
"1800","1800","HACCP - Maaltijdcomponent (niet zelf bereid)","0","431","0","0","1"
"1801","1800","HACCP - Maaltijdcomponent (niet zelf bereid)","0","431","0","0","1"
"1802","1802","HACCP - Maaltijdcomponent (niet zelf bereid)","0","137","0","0","1"
"1803","1802","HACCP - Maaltijdcomponent (niet zelf bereid)","0","137","0","0","1"
"1804","1804","HACCP - Maaltijdcomponent (niet zelf bereid)","0","142","0","0","1"
"1805","1804","HACCP - Maaltijdcomponent (niet zelf bereid)","0","142","0","0","1"
"1806","1806","HACCP - Maaltijdcomponent (niet zelf bereid)","0","151","0","0","1"
"1807","1806","HACCP - Maaltijdcomponent (niet zelf bereid)","0","151","1","0","1"
"1808","1808","HACCP - Maaltijdcomponent (niet zelf bereid)","0","150","0","0","1"
"1809","1808","HACCP - Maaltijdcomponent (niet zelf bereid)","0","150","1","0","1"
"1810","1810","HACCP - Maaltijdcomponent (niet zelf bereid)","0","152","0","0","1"
"1811","1810","HACCP - Maaltijdcomponent (niet zelf bereid)","0","152","0","0","1"
"1812","1812","HACCP - Maaltijdcomponent (niet zelf bereid)","0","443","0","0","1"
"1813","1812","HACCP - Maaltijdcomponent (niet zelf bereid)","0","443","0","0","1"
"1814","1814","HACCP - Rauwkost (met kiemrijke ingrediënten)","0","452","0","0","1"
"1815","1814","HACCP - Rauwkost (met kiemrijke ingrediënten)","0","452","0","0","1"
"1816","1816","HACCP - Rauwkost (met kiemrijke ingrediënten)","0","520","0","0","1"
"1817","1816","HACCP - Rauwkost (met kiemrijke ingrediënten)","0","520","0","0","1"
"1818","1818","HACCP - Rauwkost (met kiemrijke ingrediënten)","0","524","0","0","1"
"1819","1818","HACCP - Rauwkost (met kiemrijke ingrediënten)","0","524","0","0","1"
"1820","1820","HACCP - Rauwkost (met kiemrijke ingrediënten)","0","433","0","0","1"
"1821","1820","HACCP - Rauwkost (met kiemrijke ingrediënten)","0","433","0","0","1"
"1822","1822","HACCP - Rauwkost (met kiemrijke ingrediënten)","0","434","0","0","1"
"1823","1822","HACCP - Rauwkost (met kiemrijke ingrediënten)","0","434","0","0","1"
"1824","1824","HACCP - Rauwkost (met kiemrijke ingrediënten)","0","435","0","0","1"
"1825","1824","HACCP - Rauwkost (met kiemrijke ingrediënten)","0","435","0","0","1"
"1826","1826","HACCP - Rauwkost (met kiemrijke ingrediënten)","0","436","0","0","1"
"1827","1826","HACCP - Rauwkost (met kiemrijke ingrediënten)","0","436","0","0","1"
"1828","1828","HACCP - Rauwkost (met kiemrijke ingrediënten)","0","464","0","0","1"
"1829","1828","HACCP - Rauwkost (met kiemrijke ingrediënten)","0","464","0","0","1"
"1830","1830","HACCP - Rauwkost (met kiemrijke ingrediënten)","0","532","0","0","1"
"1831","1830","HACCP - Rauwkost (met kiemrijke ingrediënten)","0","532","0","0","1"
"1832","1832","HACCP - Rauwkost (met kiemrijke ingrediënten)","0","460","0","0","1"
"1833","1832","HACCP - Rauwkost (met kiemrijke ingrediënten)","0","460","0","0","1"
"1834","1834","HACCP - Rauwkost (met kiemrijke ingrediënten)","0","461","0","0","1"
"1835","1834","HACCP - Rauwkost (met kiemrijke ingrediënten)","0","461","1","0","1"
"1836","1836","HACCP - Rauwkost (met kiemrijke ingrediënten)","0","479","0","0","1"
"1837","1836","HACCP - Rauwkost (met kiemrijke ingrediënten)","0","479","0","0","1"
"1838","1838","HACCP - Rauwkost (met kiemrijke ingrediënten)","0","750","0","0","1"
"1839","1838","HACCP - Rauwkost (met kiemrijke ingrediënten)","0","750","0","0","1"
"1840","1840","HACCP - Rauwkost (met kiemrijke ingrediënten)","0","529","0","0","1"
"1841","1840","HACCP - Rauwkost (met kiemrijke ingrediënten)","0","529","0","0","1"
"1842","1842","HACCP - Rauwkost (met kiemrijke ingrediënten)","0","739","0","0","1"
"1843","1842","HACCP - Rauwkost (met kiemrijke ingrediënten)","0","739","0","0","1"
"1844","1844","HACCP - Rauwkost (met kiemrijke ingrediënten)","0","431","0","0","1"
"1845","1844","HACCP - Rauwkost (met kiemrijke ingrediënten)","0","431","0","0","1"
"1846","1846","HACCP - Rauwkost (met kiemrijke ingrediënten)","0","137","0","0","1"
"1847","1846","HACCP - Rauwkost (met kiemrijke ingrediënten)","0","137","0","0","1"
"1848","1848","HACCP - Rauwkost (met kiemrijke ingrediënten)","0","142","0","0","1"
"1849","1848","HACCP - Rauwkost (met kiemrijke ingrediënten)","0","142","0","0","1"
"1850","1850","HACCP - Rauwkost (met kiemrijke ingrediënten)","0","151","0","0","1"
"1851","1850","HACCP - Rauwkost (met kiemrijke ingrediënten)","0","151","1","0","1"
"1852","1852","HACCP - Rauwkost (met kiemrijke ingrediënten)","0","150","0","0","1"
"1853","1852","HACCP - Rauwkost (met kiemrijke ingrediënten)","0","150","1","0","1"
"1854","1854","HACCP - Rauwkost (met kiemrijke ingrediënten)","0","152","0","0","1"
"1855","1854","HACCP - Rauwkost (met kiemrijke ingrediënten)","0","152","0","0","1"
"1856","1856","HACCP - Rauwkost (met kiemrijke ingrediënten)","0","443","0","0","1"
"1857","1856","HACCP - Rauwkost (met kiemrijke ingrediënten)","0","443","0","0","1"
"1858","1858","HACCP - Rauwe vis","0","452","0","0","1"
"1859","1858","HACCP - Rauwe vis","0","452","0","0","1"
"1860","1860","HACCP - Rauwe vis","0","520","0","0","1"
"1861","1860","HACCP - Rauwe vis","0","520","0","0","1"
"1862","1862","HACCP - Rauwe vis","0","524","0","0","1"
"1863","1862","HACCP - Rauwe vis","0","524","0","0","1"
"1864","1864","HACCP - Rauwe vis","0","433","0","0","1"
"1865","1864","HACCP - Rauwe vis","0","433","0","0","1"
"1866","1866","HACCP - Rauwe vis","0","434","0","0","1"
"1867","1866","HACCP - Rauwe vis","0","434","0","0","1"
"1868","1868","HACCP - Rauwe vis","0","435","0","0","1"
"1869","1868","HACCP - Rauwe vis","0","435","0","0","1"
"1870","1870","HACCP - Rauwe vis","0","436","0","0","1"
"1871","1870","HACCP - Rauwe vis","0","436","0","0","1"
"1872","1872","HACCP - Rauwe vis","0","464","0","0","1"
"1873","1872","HACCP - Rauwe vis","0","464","0","0","1"
"1874","1874","HACCP - Rauwe vis","0","532","0","0","1"
"1875","1874","HACCP - Rauwe vis","0","532","0","0","1"
"1876","1876","HACCP - Rauwe vis","0","460","0","0","1"
"1877","1876","HACCP - Rauwe vis","0","460","0","0","1"
"1878","1878","HACCP - Rauwe vis","0","461","0","0","1"
"1879","1878","HACCP - Rauwe vis","0","461","1","0","1"
"1880","1880","HACCP - Rauwe vis","0","479","0","0","1"
"1881","1880","HACCP - Rauwe vis","0","479","0","0","1"
"1882","1882","HACCP - Rauwe vis","0","750","0","0","1"
"1883","1882","HACCP - Rauwe vis","0","750","0","0","1"
"1884","1884","HACCP - Rauwe vis","0","529","0","0","1"
"1885","1884","HACCP - Rauwe vis","0","529","0","0","1"
"1886","1886","HACCP - Rauwe vis","0","739","0","0","1"
"1887","1886","HACCP - Rauwe vis","0","739","0","0","1"
"1888","1888","HACCP - Rauwe vis","0","431","0","0","1"
"1889","1888","HACCP - Rauwe vis","0","431","0","0","1"
"1890","1890","HACCP - Rauwe vis","0","137","0","0","1"
"1891","1890","HACCP - Rauwe vis","0","137","0","0","1"
"1892","1892","HACCP - Rauwe vis","0","142","0","0","1"
"1893","1892","HACCP - Rauwe vis","0","142","0","0","1"
"1894","1894","HACCP - Rauwe vis","0","151","0","0","1"
"1895","1894","HACCP - Rauwe vis","0","151","1","0","1"
"1896","1896","HACCP - Rauwe vis","0","150","0","0","1"
"1897","1896","HACCP - Rauwe vis","0","150","1","0","1"
"1898","1898","HACCP - Rauwe vis","0","152","0","0","1"
"1899","1898","HACCP - Rauwe vis","0","152","0","0","1"
"1900","1900","HACCP - Rauwe vis","0","443","0","0","1"
"1901","1900","HACCP - Rauwe vis","0","443","0","0","1"
"1902","1902","HACCP - THT Rauwe vis","0","452","0","0","1"
"1903","1902","HACCP - THT Rauwe vis","0","452","0","0","1"
"1904","1904","HACCP - THT Rauwe vis","0","520","0","0","1"
"1905","1904","HACCP - THT Rauwe vis","0","520","0","0","1"
"1906","1906","HACCP - THT Rauwe vis","0","524","0","0","1"
"1907","1906","HACCP - THT Rauwe vis","0","524","0","0","1"
"1908","1908","HACCP - THT Rauwe vis","0","433","0","0","1"
"1909","1908","HACCP - THT Rauwe vis","0","433","0","0","1"
"1910","1910","HACCP - THT Rauwe vis","0","434","0","0","1"
"1911","1910","HACCP - THT Rauwe vis","0","434","0","0","1"
"1912","1912","HACCP - THT Rauwe vis","0","435","0","0","1"
"1913","1912","HACCP - THT Rauwe vis","0","435","0","0","1"
"1914","1914","HACCP - THT Rauwe vis","0","436","0","0","1"
"1915","1914","HACCP - THT Rauwe vis","0","436","0","0","1"
"1916","1916","HACCP - THT Rauwe vis","0","464","0","0","1"
"1917","1916","HACCP - THT Rauwe vis","0","464","0","0","1"
"1918","1918","HACCP - THT Rauwe vis","0","532","0","0","1"
"1919","1918","HACCP - THT Rauwe vis","0","532","0","0","1"
"1920","1920","HACCP - THT Rauwe vis","0","460","0","0","1"
"1921","1920","HACCP - THT Rauwe vis","0","460","0","0","1"
"1922","1922","HACCP - THT Rauwe vis","0","461","0","0","1"
"1923","1922","HACCP - THT Rauwe vis","0","461","1","0","1"
"1924","1924","HACCP - THT Rauwe vis","0","479","0","0","1"
"1925","1924","HACCP - THT Rauwe vis","0","479","0","0","1"
"1926","1926","HACCP - THT Rauwe vis","0","750","0","0","1"
"1927","1926","HACCP - THT Rauwe vis","0","750","0","0","1"
"1928","1928","HACCP - THT Rauwe vis","0","529","0","0","1"
"1929","1928","HACCP - THT Rauwe vis","0","529","0","0","1"
"1930","1930","HACCP - THT Rauwe vis","0","739","0","0","1"
"1931","1930","HACCP - THT Rauwe vis","0","739","0","0","1"
"1932","1932","HACCP - THT Rauwe vis","0","431","0","0","1"
"1933","1932","HACCP - THT Rauwe vis","0","431","0","0","1"
"1934","1934","HACCP - THT Rauwe vis","0","137","0","0","1"
"1935","1934","HACCP - THT Rauwe vis","0","137","0","0","1"
"1936","1936","HACCP - THT Rauwe vis","0","142","0","0","1"
"1937","1936","HACCP - THT Rauwe vis","0","142","0","0","1"
"1938","1938","HACCP - THT Rauwe vis","0","151","0","0","1"
"1939","1938","HACCP - THT Rauwe vis","0","151","1","0","1"
"1940","1940","HACCP - THT Rauwe vis","0","150","0","0","1"
"1941","1940","HACCP - THT Rauwe vis","0","150","1","0","1"
"1942","1942","HACCP - THT Rauwe vis","0","152","0","0","1"
"1943","1942","HACCP - THT Rauwe vis","0","152","0","0","1"
"1944","1944","HACCP - THT Rauwe vis","0","443","0","0","1"
"1945","1944","HACCP - THT Rauwe vis","0","443","0","0","1"
"1946","1946","HACCP - THT rauwkost/groenten/fruit","0","452","0","0","1"
"1947","1946","HACCP - THT rauwkost/groenten/fruit","0","452","0","0","1"
"1948","1948","HACCP - THT rauwkost/groenten/fruit","0","520","0","0","1"
"1949","1948","HACCP - THT rauwkost/groenten/fruit","0","520","0","0","1"
"1950","1950","HACCP - THT rauwkost/groenten/fruit","0","524","0","0","1"
"1951","1950","HACCP - THT rauwkost/groenten/fruit","0","524","0","0","1"
"1952","1952","HACCP - THT rauwkost/groenten/fruit","0","433","0","0","1"
"1953","1952","HACCP - THT rauwkost/groenten/fruit","0","433","0","0","1"
"1954","1954","HACCP - THT rauwkost/groenten/fruit","0","434","0","0","1"
"1955","1954","HACCP - THT rauwkost/groenten/fruit","0","434","0","0","1"
"1956","1956","HACCP - THT rauwkost/groenten/fruit","0","435","0","0","1"
"1957","1956","HACCP - THT rauwkost/groenten/fruit","0","435","0","0","1"
"1958","1958","HACCP - THT rauwkost/groenten/fruit","0","436","0","0","1"
"1959","1958","HACCP - THT rauwkost/groenten/fruit","0","436","0","0","1"
"1960","1960","HACCP - THT rauwkost/groenten/fruit","0","464","0","0","1"
"1961","1960","HACCP - THT rauwkost/groenten/fruit","0","464","0","0","1"
"1962","1962","HACCP - THT rauwkost/groenten/fruit","0","532","0","0","1"
"1963","1962","HACCP - THT rauwkost/groenten/fruit","0","532","0","0","1"
"1964","1964","HACCP - THT rauwkost/groenten/fruit","0","460","0","0","1"
"1965","1964","HACCP - THT rauwkost/groenten/fruit","0","460","0","0","1"
"1966","1966","HACCP - THT rauwkost/groenten/fruit","0","461","0","0","1"
"1967","1966","HACCP - THT rauwkost/groenten/fruit","0","461","1","0","1"
"1968","1968","HACCP - THT rauwkost/groenten/fruit","0","479","0","0","1"
"1969","1968","HACCP - THT rauwkost/groenten/fruit","0","479","0","0","1"
"1970","1970","HACCP - THT rauwkost/groenten/fruit","0","750","0","0","1"
"1971","1970","HACCP - THT rauwkost/groenten/fruit","0","750","0","0","1"
"1972","1972","HACCP - THT rauwkost/groenten/fruit","0","529","0","0","1"
"1973","1972","HACCP - THT rauwkost/groenten/fruit","0","529","0","0","1"
"1974","1974","HACCP - THT rauwkost/groenten/fruit","0","739","0","0","1"
"1975","1974","HACCP - THT rauwkost/groenten/fruit","0","739","0","0","1"
"1976","1976","HACCP - THT rauwkost/groenten/fruit","0","431","0","0","1"
"1977","1976","HACCP - THT rauwkost/groenten/fruit","0","431","0","0","1"
"1978","1978","HACCP - THT rauwkost/groenten/fruit","0","137","0","0","1"
"1979","1978","HACCP - THT rauwkost/groenten/fruit","0","137","0","0","1"
"1980","1980","HACCP - THT rauwkost/groenten/fruit","0","142","0","0","1"
"1981","1980","HACCP - THT rauwkost/groenten/fruit","0","142","0","0","1"
"1982","1982","HACCP - THT rauwkost/groenten/fruit","0","151","0","0","1"
"1983","1982","HACCP - THT rauwkost/groenten/fruit","0","151","1","0","1"
"1984","1984","HACCP - THT rauwkost/groenten/fruit","0","150","0","0","1"
"1985","1984","HACCP - THT rauwkost/groenten/fruit","0","150","1","0","1"
"1986","1986","HACCP - THT rauwkost/groenten/fruit","0","152","0","0","1"
"1987","1986","HACCP - THT rauwkost/groenten/fruit","0","152","0","0","1"
"1988","1988","HACCP - THT rauwkost/groenten/fruit","0","443","0","0","1"
"1989","1988","HACCP - THT rauwkost/groenten/fruit","0","443","0","0","1"
"1990","1990","HACCP - Salade","0","452","0","0","1"
"1991","1990","HACCP - Salade","0","452","0","0","1"
"1992","1992","HACCP - Salade","0","520","0","0","1"
"1993","1992","HACCP - Salade","0","520","0","0","1"
"1994","1994","HACCP - Salade","0","524","0","0","1"
"1995","1994","HACCP - Salade","0","524","0","0","1"
"1996","1996","HACCP - Salade","0","433","0","0","1"
"1997","1996","HACCP - Salade","0","433","0","0","1"
"1998","1998","HACCP - Salade","0","434","0","0","1"
"1999","1998","HACCP - Salade","0","434","0","0","1"
"2000","2000","HACCP - Salade","0","435","0","0","1"
"2001","2000","HACCP - Salade","0","435","0","0","1"
"2002","2002","HACCP - Salade","0","436","0","0","1"
"2003","2002","HACCP - Salade","0","436","0","0","1"
"2004","2004","HACCP - Salade","0","464","0","0","1"
"2005","2004","HACCP - Salade","0","464","0","0","1"
"2006","2006","HACCP - Salade","0","532","0","0","1"
"2007","2006","HACCP - Salade","0","532","0","0","1"
"2008","2008","HACCP - Salade","0","460","0","0","1"
"2009","2008","HACCP - Salade","0","460","0","0","1"
"2010","2010","HACCP - Salade","0","461","0","0","1"
"2011","2010","HACCP - Salade","0","461","1","0","1"
"2012","2012","HACCP - Salade","0","479","0","0","1"
"2013","2012","HACCP - Salade","0","479","0","0","1"
"2014","2014","HACCP - Salade","0","750","0","0","1"
"2015","2014","HACCP - Salade","0","750","0","0","1"
"2016","2016","HACCP - Salade","0","529","0","0","1"
"2017","2016","HACCP - Salade","0","529","0","0","1"
"2018","2016","HACCP - Salade","0","529","0","0","1"
"2019","2019","HACCP - Salade","0","739","0","0","1"
"2020","2019","HACCP - Salade","0","739","0","0","1"
"2021","2021","HACCP - Salade","0","431","0","0","1"
"2022","2021","HACCP - Salade","0","431","0","0","1"
"2023","2023","HACCP - Salade","0","137","0","0","1"
"2024","2023","HACCP - Salade","0","137","0","0","1"
"2025","2025","HACCP - Salade","0","142","0","0","1"
"2026","2025","HACCP - Salade","0","142","0","0","1"
"2027","2027","HACCP - Salade","0","151","0","0","1"
"2028","2027","HACCP - Salade","0","151","1","0","1"
"2029","2029","HACCP - Salade","0","150","0","0","1"
"2030","2029","HACCP - Salade","0","150","1","0","1"
"2031","2031","HACCP - Salade","0","152","0","0","1"
"2032","2031","HACCP - Salade","0","152","0","0","1"
"2033","2033","HACCP - Salade","0","443","0","0","1"
"2034","2033","HACCP - Salade","0","443","0","0","1"
"2035","100","Soep/Bouillon","0","376","1","0","1"
"2036","599","Zult","0","422","0","0","1"
"2037","603","Bloedworst","0","422","0","0","1"
"2038","601","Boerenworst","0","422","0","0","1"
"2039","605","Maaltijdcomponent","0","743","0","0","1"
"2040","619","Maaltijdcomponent","0","763","1","0","1"
"2041","953","THT rauwe vis","0","566","0","0","1"
"2042","99","Salade","0","376","0","0","1"
"2043","940","CFO org Mercadonna","0","184","0","0","1"
"2044","961","CFO org Mercadonna maand","0","184","0","0","1"
"2045","337","THT Eierkoeken + pathogenen","0","13","0","0","1"
"2046","271","Bolussen","0","15","0","0","1"
"2047","585","Proceswater uitgebreid","0","128","0","0","1"
"2048","963","Kaas product","0","190","0","0","1"
"2049","1216","MARS CoC jaarlijks MIBI","0","953","0","1","1"
"2050","217","MAZ 8a","0","173","0","0","1"
"2051","215","MAZ 7","0","173","0","0","1"
"2052","50","CFO kwartaal","0","191","0","0","1"
"2053","650","CFO kwartaal","0","184","0","0","1"
"2054","660","CFO Mc Donalds - kwartaal","0","184","0","0","1"
"2055","666","FFO kwartaal","0","184","0","0","1"
"2056","654","CFO Curry - kwartaal","0","184","0","0","1"
"2057","652","CFO Chili - kwartaal","0","184","0","0","1"
"2058","1506","CFO Garlic pepper kwartaal","0","184","0","0","1"
"2059","1521","CFO Bacon","0","184","0","0","1"
"2060","1523","CFO Bacon","0","191","0","0","1"
"2061","2061","HACCP - Fruit uit blik","0","452","0","0","1"
"2062","2061","HACCP - Fruit uit blik","0","452","0","0","1"
"2063","2063","HACCP - Fruit uit blik","0","520","0","0","1"
"2064","2063","HACCP - Fruit uit blik","0","520","0","0","1"
"2065","2065","HACCP - Fruit uit blik","0","524","0","0","1"
"2066","2065","HACCP - Fruit uit blik","0","524","0","0","1"
"2067","2067","HACCP - Fruit uit blik","0","433","0","0","1"
"2068","2067","HACCP - Fruit uit blik","0","433","0","0","1"
"2069","2069","HACCP - Fruit uit blik","0","434","0","0","1"
"2070","2069","HACCP - Fruit uit blik","0","434","0","0","1"
"2071","2071","HACCP - Fruit uit blik","0","435","0","0","1"
"2072","2071","HACCP - Fruit uit blik","0","435","0","0","1"
"2073","2073","HACCP - Fruit uit blik","0","436","0","0","1"
"2074","2073","HACCP - Fruit uit blik","0","436","0","0","1"
"2075","2075","HACCP - Fruit uit blik","0","464","0","0","1"
"2076","2075","HACCP - Fruit uit blik","0","464","0","0","1"
"2077","2077","HACCP - Fruit uit blik","0","532","0","0","1"
"2078","2077","HACCP - Fruit uit blik","0","532","0","0","1"
"2079","2079","HACCP - Fruit uit blik","0","460","0","0","1"
"2080","2079","HACCP - Fruit uit blik","0","460","0","0","1"
"2081","2081","HACCP - Fruit uit blik","0","461","0","0","1"
"2082","2081","HACCP - Fruit uit blik","0","461","1","0","1"
"2083","2083","HACCP - Fruit uit blik","0","479","0","0","1"
"2084","2083","HACCP - Fruit uit blik","0","479","0","0","1"
"2085","2085","HACCP - Fruit uit blik","0","750","0","0","1"
"2086","2085","HACCP - Fruit uit blik","0","750","0","0","1"
"2087","2087","HACCP - Fruit uit blik","0","529","0","0","1"
"2088","2087","HACCP - Fruit uit blik","0","529","0","0","1"
"2089","2089","HACCP - Fruit uit blik","0","739","0","0","1"
"2090","2089","HACCP - Fruit uit blik","0","739","0","0","1"
"2091","2091","HACCP - Fruit uit blik","0","431","0","0","1"
"2092","2091","HACCP - Fruit uit blik","0","431","0","0","1"
"2093","2093","HACCP - Fruit uit blik","0","137","0","0","1"
"2094","2093","HACCP - Fruit uit blik","0","137","0","0","1"
"2095","2095","HACCP - Fruit uit blik","0","142","0","0","1"
"2096","2095","HACCP - Fruit uit blik","0","142","0","0","1"
"2097","2097","HACCP - Fruit uit blik","0","151","0","0","1"
"2098","2097","HACCP - Fruit uit blik","0","151","1","0","1"
"2099","2099","HACCP - Fruit uit blik","0","150","0","0","1"
"2100","2099","HACCP - Fruit uit blik","0","150","1","0","1"
"2101","2101","HACCP - Fruit uit blik","0","152","0","0","1"
"2102","2101","HACCP - Fruit uit blik","0","152","0","0","1"
"2103","2103","HACCP - Fruit uit blik","0","443","0","0","1"
"2104","2103","HACCP - Fruit uit blik","0","443","0","0","1"
"2105","2105","HACCP - Vers fruit","0","452","0","0","1"
"2106","2105","HACCP - Vers fruit","0","452","0","0","1"
"2107","2107","HACCP - Vers fruit","0","520","0","0","1"
"2108","2107","HACCP - Vers fruit","0","520","0","0","1"
"2109","2109","HACCP - Vers fruit","0","524","0","0","1"
"2110","2109","HACCP - Vers fruit","0","524","0","0","1"
"2111","2111","HACCP - Vers fruit","0","433","0","0","1"
"2112","2111","HACCP - Vers fruit","0","433","0","0","1"
"2113","2113","HACCP - Vers fruit","0","434","0","0","1"
"2114","2113","HACCP - Vers fruit","0","434","0","0","1"
"2115","2115","HACCP - Vers fruit","0","435","0","0","1"
"2116","2115","HACCP - Vers fruit","0","435","0","0","1"
"2117","2117","HACCP - Vers fruit","0","436","0","0","1"
"2118","2117","HACCP - Vers fruit","0","436","0","0","1"
"2119","2119","HACCP - Vers fruit","0","464","0","0","1"
"2120","2119","HACCP - Vers fruit","0","464","0","0","1"
"2121","2121","HACCP - Vers fruit","0","532","0","0","1"
"2122","2121","HACCP - Vers fruit","0","532","0","0","1"
"2123","2123","HACCP - Vers fruit","0","460","0","0","1"
"2124","2123","HACCP - Vers fruit","0","460","0","0","1"
"2125","2125","HACCP - Vers fruit","0","461","0","0","1"
"2126","2125","HACCP - Vers fruit","0","461","1","0","1"
"2127","2127","HACCP - Vers fruit","0","479","0","0","1"
"2128","2127","HACCP - Vers fruit","0","479","0","0","1"
"2129","2129","HACCP - Vers fruit","0","750","0","0","1"
"2130","2129","HACCP - Vers fruit","0","750","0","0","1"
"2131","2131","HACCP - Vers fruit","0","529","0","0","1"
"2132","2131","HACCP - Vers fruit","0","529","0","0","1"
"2133","2133","HACCP - Vers fruit","0","739","0","0","1"
"2134","2133","HACCP - Vers fruit","0","739","0","0","1"
"2135","2135","HACCP - Vers fruit","0","431","0","0","1"
"2136","2135","HACCP - Vers fruit","0","431","0","0","1"
"2137","2137","HACCP - Vers fruit","0","137","0","0","1"
"2138","2137","HACCP - Vers fruit","0","137","0","0","1"
"2139","2139","HACCP - Vers fruit","0","142","0","0","1"
"2140","2139","HACCP - Vers fruit","0","142","0","0","1"
"2141","2141","HACCP - Vers fruit","0","151","0","0","1"
"2142","2141","HACCP - Vers fruit","0","151","1","0","1"
"2143","2143","HACCP - Vers fruit","0","150","0","0","1"
"2144","2143","HACCP - Vers fruit","0","150","1","0","1"
"2145","2145","HACCP - Vers fruit","0","152","0","0","1"
"2146","2145","HACCP - Vers fruit","0","152","0","0","1"
"2147","2147","HACCP - Vers fruit","0","443","0","0","1"
"2148","2147","HACCP - Vers fruit","0","443","0","0","1"
"2149","2149","HACCP - Vleeswaar (niet gefermenteerd)","0","452","0","0","1"
"2150","2149","HACCP - Vleeswaar (niet gefermenteerd)","0","452","0","0","1"
"2151","2151","HACCP - Vleeswaar (niet gefermenteerd)","0","520","0","0","1"
"2152","2151","HACCP - Vleeswaar (niet gefermenteerd)","0","520","0","0","1"
"2153","2153","HACCP - Vleeswaar (niet gefermenteerd)","0","524","0","0","1"
"2154","2153","HACCP - Vleeswaar (niet gefermenteerd)","0","524","0","0","1"
"2155","2155","HACCP - Vleeswaar (niet gefermenteerd)","0","433","0","0","1"
"2156","2155","HACCP - Vleeswaar (niet gefermenteerd)","0","433","0","0","1"
"2157","2157","HACCP - Vleeswaar (niet gefermenteerd)","0","434","0","0","1"
"2158","2157","HACCP - Vleeswaar (niet gefermenteerd)","0","434","0","0","1"
"2159","2159","HACCP - Vleeswaar (niet gefermenteerd)","0","435","0","0","1"
"2160","2159","HACCP - Vleeswaar (niet gefermenteerd)","0","435","0","0","1"
"2161","2161","HACCP - Vleeswaar (niet gefermenteerd)","0","436","0","0","1"
"2162","2161","HACCP - Vleeswaar (niet gefermenteerd)","0","436","0","0","1"
"2163","2163","HACCP - Vleeswaar (niet gefermenteerd)","0","464","0","0","1"
"2164","2163","HACCP - Vleeswaar (niet gefermenteerd)","0","464","0","0","1"
"2165","2165","HACCP - Vleeswaar (niet gefermenteerd)","0","532","0","0","1"
"2166","2165","HACCP - Vleeswaar (niet gefermenteerd)","0","532","0","0","1"
"2167","2167","HACCP - Vleeswaar (niet gefermenteerd)","0","460","0","0","1"
"2168","2167","HACCP - Vleeswaar (niet gefermenteerd)","0","460","0","0","1"
"2169","2169","HACCP - Vleeswaar (niet gefermenteerd)","0","461","0","0","1"
"2170","2169","HACCP - Vleeswaar (niet gefermenteerd)","0","461","1","0","1"
"2171","2171","HACCP - Vleeswaar (niet gefermenteerd)","0","479","0","0","1"
"2172","2171","HACCP - Vleeswaar (niet gefermenteerd)","0","479","0","0","1"
"2173","2173","HACCP - Vleeswaar (niet gefermenteerd)","0","750","0","0","1"
"2174","2173","HACCP - Vleeswaar (niet gefermenteerd)","0","750","0","0","1"
"2175","2175","HACCP - Vleeswaar (niet gefermenteerd)","0","529","0","0","1"
"2176","2175","HACCP - Vleeswaar (niet gefermenteerd)","0","529","0","0","1"
"2177","2177","HACCP - Vleeswaar (niet gefermenteerd)","0","739","0","0","1"
"2178","2177","HACCP - Vleeswaar (niet gefermenteerd)","0","739","0","0","1"
"2179","2179","HACCP - Vleeswaar (niet gefermenteerd)","0","431","0","0","1"
"2180","2179","HACCP - Vleeswaar (niet gefermenteerd)","0","431","0","0","1"
"2181","2181","HACCP - Vleeswaar (niet gefermenteerd)","0","137","0","0","1"
"2182","2181","HACCP - Vleeswaar (niet gefermenteerd)","0","137","0","0","1"
"2183","2183","HACCP - Vleeswaar (niet gefermenteerd)","0","142","0","0","1"
"2184","2183","HACCP - Vleeswaar (niet gefermenteerd)","0","142","0","0","1"
"2185","2185","HACCP - Vleeswaar (niet gefermenteerd)","0","151","0","0","1"
"2186","2185","HACCP - Vleeswaar (niet gefermenteerd)","0","151","1","0","1"
"2187","2187","HACCP - Vleeswaar (niet gefermenteerd)","0","150","0","0","1"
"2188","2187","HACCP - Vleeswaar (niet gefermenteerd)","0","150","1","0","1"
"2189","2189","HACCP - Vleeswaar (niet gefermenteerd)","0","152","0","0","1"
"2190","2189","HACCP - Vleeswaar (niet gefermenteerd)","0","152","0","0","1"
"2191","2191","HACCP - Vleeswaar (niet gefermenteerd)","0","443","0","0","1"
"2192","2191","HACCP - Vleeswaar (niet gefermenteerd)","0","443","0","0","1"
"2193","2193","HACCP - Slagroom","0","452","0","0","1"
"2194","2193","HACCP - Slagroom","0","452","0","0","1"
"2195","2195","HACCP - Slagroom","0","520","0","0","1"
"2196","2195","HACCP - Slagroom","0","520","0","0","1"
"2197","2197","HACCP - Slagroom","0","524","0","0","1"
"2198","2197","HACCP - Slagroom","0","524","0","0","1"
"2199","2199","HACCP - Slagroom","0","433","0","0","1"
"2200","2199","HACCP - Slagroom","0","433","0","0","1"
"2201","2201","HACCP - Slagroom","0","434","0","0","1"
"2202","2201","HACCP - Slagroom","0","434","0","0","1"
"2203","2203","HACCP - Slagroom","0","435","0","0","1"
"2204","2203","HACCP - Slagroom","0","435","0","0","1"
"2205","2205","HACCP - Slagroom","0","436","0","0","1"
"2206","2205","HACCP - Slagroom","0","436","0","0","1"
"2207","2207","HACCP - Slagroom","0","464","0","0","1"
"2208","2207","HACCP - Slagroom","0","464","0","0","1"
"2209","2209","HACCP - Slagroom","0","532","0","0","1"
"2210","2209","HACCP - Slagroom","0","532","0","0","1"
"2211","2211","HACCP - Slagroom","0","460","0","0","1"
"2212","2211","HACCP - Slagroom","0","460","0","0","1"
"2213","2213","HACCP - Slagroom","0","461","0","0","1"
"2214","2213","HACCP - Slagroom","0","461","1","0","1"
"2215","2215","HACCP - Slagroom","0","479","0","0","1"
"2216","2215","HACCP - Slagroom","0","479","0","0","1"
"2217","2217","HACCP - Slagroom","0","750","0","0","1"
"2218","2217","HACCP - Slagroom","0","750","0","0","1"
"2219","2219","HACCP - Slagroom","0","529","0","0","1"
"2220","2219","HACCP - Slagroom","0","529","0","0","1"
"2221","2221","HACCP - Slagroom","0","739","0","0","1"
"2222","2221","HACCP - Slagroom","0","739","0","0","1"
"2223","2223","HACCP - Slagroom","0","431","0","0","1"
"2224","2223","HACCP - Slagroom","0","431","0","0","1"
"2225","2225","HACCP - Slagroom","0","137","0","0","1"
"2226","2225","HACCP - Slagroom","0","137","0","0","1"
"2227","2227","HACCP - Slagroom","0","142","0","0","1"
"2228","2227","HACCP - Slagroom","0","142","0","0","1"
"2229","2229","HACCP - Slagroom","0","151","0","0","1"
"2230","2229","HACCP - Slagroom","0","151","1","0","1"
"2231","2231","HACCP - Slagroom","0","150","0","0","1"
"2232","2231","HACCP - Slagroom","0","150","1","0","1"
"2233","2233","HACCP - Slagroom","0","152","0","0","1"
"2234","2233","HACCP - Slagroom","0","152","0","0","1"
"2235","2235","HACCP - Slagroom","0","443","0","0","1"
"2236","2235","HACCP - Slagroom","0","443","0","0","1"
"2237","2237","HACCP - Filet american","0","452","0","0","1"
"2238","2237","HACCP - Filet american","0","452","0","0","1"
"2239","2239","HACCP - Filet american","0","520","0","0","1"
"2240","2239","HACCP - Filet american","0","520","0","0","1"
"2241","2241","HACCP - Filet american","0","524","0","0","1"
"2242","2241","HACCP - Filet american","0","524","0","0","1"
"2243","2243","HACCP - Filet american","0","433","0","0","1"
"2244","2243","HACCP - Filet american","0","433","0","0","1"
"2245","2245","HACCP - Filet american","0","434","0","0","1"
"2246","2245","HACCP - Filet american","0","434","0","0","1"
"2247","2247","HACCP - Filet american","0","435","0","0","1"
"2248","2247","HACCP - Filet american","0","435","0","0","1"
"2249","2249","HACCP - Filet american","0","436","0","0","1"
"2250","2249","HACCP - Filet american","0","436","0","0","1"
"2251","2251","HACCP - Filet american","0","464","0","0","1"
"2252","2251","HACCP - Filet american","0","464","0","0","1"
"2253","2253","HACCP - Filet american","0","532","0","0","1"
"2254","2253","HACCP - Filet american","0","532","0","0","1"
"2255","2255","HACCP - Filet american","0","460","0","0","1"
"2256","2255","HACCP - Filet american","0","460","0","0","1"
"2257","2257","HACCP - Filet american","0","461","0","0","1"
"2258","2257","HACCP - Filet american","0","461","1","0","1"
"2259","2259","HACCP - Filet american","0","479","0","0","1"
"2260","2259","HACCP - Filet american","0","479","0","0","1"
"2261","2261","HACCP - Filet american","0","750","0","0","1"
"2262","2261","HACCP - Filet american","0","750","0","0","1"
"2263","2263","HACCP - Filet american","0","529","0","0","1"
"2264","2263","HACCP - Filet american","0","529","0","0","1"
"2265","2265","HACCP - Filet american","0","739","0","0","1"
"2266","2265","HACCP - Filet american","0","739","0","0","1"
"2267","2267","HACCP - Filet american","0","431","0","0","1"
"2268","2267","HACCP - Filet american","0","431","0","0","1"
"2269","2269","HACCP - Filet american","0","137","0","0","1"
"2270","2269","HACCP - Filet american","0","137","0","0","1"
"2271","2271","HACCP - Filet american","0","142","0","0","1"
"2272","2271","HACCP - Filet american","0","142","0","0","1"
"2273","2273","HACCP - Filet american","0","151","0","0","1"
"2274","2273","HACCP - Filet american","0","151","1","0","1"
"2275","2275","HACCP - Filet american","0","150","0","0","1"
"2276","2275","HACCP - Filet american","0","150","1","0","1"
"2277","2277","HACCP - Filet american","0","152","0","0","1"
"2278","2277","HACCP - Filet american","0","152","0","0","1"
"2279","2279","HACCP - Filet american","0","443","0","0","1"
"2280","2279","HACCP - Filet american","0","443","0","0","1"
"2281","2281","HACCP - Dressing","0","452","0","0","1"
"2282","2281","HACCP - Dressing","0","452","0","0","1"
"2283","2283","HACCP - Dressing","0","520","0","0","1"
"2284","2283","HACCP - Dressing","0","520","0","0","1"
"2285","2285","HACCP - Dressing","0","524","0","0","1"
"2286","2285","HACCP - Dressing","0","524","0","0","1"
"2287","2287","HACCP - Dressing","0","433","0","0","1"
"2288","2287","HACCP - Dressing","0","433","0","0","1"
"2289","2289","HACCP - Dressing","0","434","0","0","1"
"2290","2289","HACCP - Dressing","0","434","0","0","1"
"2291","2291","HACCP - Dressing","0","435","0","0","1"
"2292","2291","HACCP - Dressing","0","435","0","0","1"
"2293","2293","HACCP - Dressing","0","436","0","0","1"
"2294","2293","HACCP - Dressing","0","436","0","0","1"
"2295","2295","HACCP - Dressing","0","464","0","0","1"
"2296","2295","HACCP - Dressing","0","464","0","0","1"
"2297","2297","HACCP - Dressing","0","532","0","0","1"
"2298","2297","HACCP - Dressing","0","532","0","0","1"
"2299","2299","HACCP - Dressing","0","460","0","0","1"
"2300","2299","HACCP - Dressing","0","460","0","0","1"
"2301","2301","HACCP - Dressing","0","461","0","0","1"
"2302","2301","HACCP - Dressing","0","461","1","0","1"
"2303","2303","HACCP - Dressing","0","479","0","0","1"
"2304","2303","HACCP - Dressing","0","479","0","0","1"
"2305","2305","HACCP - Dressing","0","750","0","0","1"
"2306","2305","HACCP - Dressing","0","750","0","0","1"
"2307","2307","HACCP - Dressing","0","529","0","0","1"
"2308","2307","HACCP - Dressing","0","529","0","0","1"
"2309","2309","HACCP - Dressing","0","739","0","0","1"
"2310","2309","HACCP - Dressing","0","739","0","0","1"
"2311","2311","HACCP - Dressing","0","431","0","0","1"
"2312","2311","HACCP - Dressing","0","431","0","0","1"
"2313","2313","HACCP - Dressing","0","137","0","0","1"
"2314","2313","HACCP - Dressing","0","137","0","0","1"
"2315","2315","HACCP - Dressing","0","142","0","0","1"
"2316","2315","HACCP - Dressing","0","142","0","0","1"
"2317","2317","HACCP - Dressing","0","151","0","0","1"
"2318","2317","HACCP - Dressing","0","151","1","0","1"
"2319","2319","HACCP - Dressing","0","150","0","0","1"
"2320","2319","HACCP - Dressing","0","150","1","0","1"
"2321","2321","HACCP - Dressing","0","152","0","0","1"
"2322","2321","HACCP - Dressing","0","152","0","0","1"
"2323","2323","HACCP - Dressing","0","443","0","0","1"
"2324","2323","HACCP - Dressing","0","443","0","0","1"
"2325","246","Rauwkost/Groenten","0","119","0","0","1"
"2326","210","(THT) Rauwe vis","0","368","0","0","1"
"2327","734","L. monocytogenes PCR (PALL)","0","787","0","0","1"
"2328","2328","HACCP - Gerookte vis","0","452","0","0","1"
"2329","2328","HACCP - Gerookte vis","0","452","0","0","1"
"2330","2330","HACCP - Gerookte vis","0","520","0","0","1"
"2331","2330","HACCP - Gerookte vis","0","520","0","0","1"
"2332","2332","HACCP - Gerookte vis","0","524","0","0","1"
"2333","2332","HACCP - Gerookte vis","0","524","0","0","1"
"2334","2334","HACCP - Gerookte vis","0","433","0","0","1"
"2335","2334","HACCP - Gerookte vis","0","433","0","0","1"
"2336","2336","HACCP - Gerookte vis","0","434","0","0","1"
"2337","2336","HACCP - Gerookte vis","0","434","0","0","1"
"2338","2338","HACCP - Gerookte vis","0","435","0","0","1"
"2339","2338","HACCP - Gerookte vis","0","435","0","0","1"
"2340","2340","HACCP - Gerookte vis","0","436","0","0","1"
"2341","2340","HACCP - Gerookte vis","0","436","0","0","1"
"2342","2342","HACCP - Gerookte vis","0","464","0","0","1"
"2343","2342","HACCP - Gerookte vis","0","464","0","0","1"
"2344","2344","HACCP - Gerookte vis","0","532","0","0","1"
"2345","2344","HACCP - Gerookte vis","0","532","0","0","1"
"2346","2346","HACCP - Gerookte vis","0","460","0","0","1"
"2347","2346","HACCP - Gerookte vis","0","460","0","0","1"
"2348","2348","HACCP - Gerookte vis","0","461","0","0","1"
"2349","2348","HACCP - Gerookte vis","0","461","1","0","1"
"2350","2350","HACCP - Gerookte vis","0","479","0","0","1"
"2351","2350","HACCP - Gerookte vis","0","479","0","0","1"
"2352","2352","HACCP - Gerookte vis","0","750","0","0","1"
"2353","2352","HACCP - Gerookte vis","0","750","0","0","1"
"2354","2354","HACCP - Gerookte vis","0","529","0","0","1"
"2355","2354","HACCP - Gerookte vis","0","529","0","0","1"
"2356","2356","HACCP - Gerookte vis","0","739","0","0","1"
"2357","2356","HACCP - Gerookte vis","0","739","0","0","1"
"2358","2358","HACCP - Gerookte vis","0","431","0","0","1"
"2359","2358","HACCP - Gerookte vis","0","431","0","0","1"
"2360","2360","HACCP - Gerookte vis","0","137","0","0","1"
"2361","2360","HACCP - Gerookte vis","0","137","0","0","1"
"2362","2362","HACCP - Gerookte vis","0","142","0","0","1"
"2363","2362","HACCP - Gerookte vis","0","142","0","0","1"
"2364","2364","HACCP - Gerookte vis","0","151","0","0","1"
"2365","2364","HACCP - Gerookte vis","0","151","1","0","1"
"2366","2366","HACCP - Gerookte vis","0","150","0","0","1"
"2367","2366","HACCP - Gerookte vis","0","150","1","0","1"
"2368","2368","HACCP - Gerookte vis","0","152","0","0","1"
"2369","2368","HACCP - Gerookte vis","0","152","0","0","1"
"2370","2370","HACCP - Gerookte vis","0","443","0","0","1"
"2371","2370","HACCP - Gerookte vis","0","443","0","0","1"
"2372","2372","HACCP - Garnalen","0","452","0","0","1"
"2373","2372","HACCP - Garnalen","0","452","0","0","1"
"2374","2374","HACCP - Garnalen","0","520","0","0","1"
"2375","2374","HACCP - Garnalen","0","520","0","0","1"
"2376","2376","HACCP - Garnalen","0","452","0","0","1"
"2377","2376","HACCP - Garnalen","0","452","0","0","1"
"2378","2378","	HACCP - Garnalen","0","524","0","0","1"
"2379","2378","	HACCP - Garnalen","0","524","0","0","1"
"2380","2380","HACCP - Garnalen","0","433","0","0","1"
"2381","2380","HACCP - Garnalen","0","433","0","0","1"
"2382","2382","HACCP - Garnalen","0","434","0","0","1"
"2383","2382","HACCP - Garnalen","0","434","0","0","1"
"2384","2384","HACCP - Garnalen","0","435","0","0","1"
"2385","2384","HACCP - Garnalen","0","435","0","0","1"
"2386","2386","HACCP - Garnalen","0","436","0","0","1"
"2387","2386","HACCP - Garnalen","0","436","0","0","1"
"2388","2388","HACCP - Garnalen","0","464","0","0","1"
"2389","2388","HACCP - Garnalen","0","464","0","0","1"
"2390","2390","HACCP - Garnalen","0","532","0","0","1"
"2391","2390","HACCP - Garnalen","0","532","0","0","1"
"2392","2392","HACCP - Garnalen","0","460","0","0","1"
"2393","2392","HACCP - Garnalen","0","460","0","0","1"
"2394","2394","HACCP - Garnalen","0","461","0","0","1"
"2395","2394","HACCP - Garnalen","0","461","1","0","1"
"2396","2396","HACCP - Garnalen","0","479","0","0","1"
"2397","2396","HACCP - Garnalen","0","479","0","0","1"
"2398","2398","HACCP - Garnalen","0","750","0","0","1"
"2399","2398","HACCP - Garnalen","0","750","0","0","1"
"2400","2400","HACCP - Garnalen","0","529","0","0","1"
"2401","2400","HACCP - Garnalen","0","529","0","0","1"
"2402","2402","HACCP - Garnalen","0","739","0","0","1"
"2403","2402","HACCP - Garnalen","0","739","0","0","1"
"2404","2404","HACCP - Garnalen","0","431","0","0","1"
"2405","2404","HACCP - Garnalen","0","431","0","0","1"
"2406","2406","HACCP - Garnalen","0","137","0","0","1"
"2407","2406","HACCP - Garnalen","0","137","0","0","1"
"2408","2408","HACCP - Garnalen","0","142","0","0","1"
"2409","2408","HACCP - Garnalen","0","142","0","0","1"
"2410","2410","HACCP - Garnalen","0","151","0","0","1"
"2411","2410","HACCP - Garnalen","0","151","1","0","1"
"2412","2412","HACCP - Garnalen","0","150","0","0","1"
"2413","2412","HACCP - Garnalen","0","150","1","0","1"
"2414","2414","HACCP - Garnalen","0","152","0","0","1"
"2415","2414","HACCP - Garnalen","0","152","0","0","1"
"2416","2416","HACCP - Garnalen","0","443","0","0","1"
"2417","2416","HACCP - Garnalen","0","443","0","0","1"
"2418","2418","HACCP - Rauw vlees","0","452","0","0","1"
"2419","2418","HACCP - Rauw vlees","0","452","0","0","1"
"2420","2420","HACCP - Rauw vlees","0","520","0","0","1"
"2421","2420","HACCP - Rauw vlees","0","520","0","0","1"
"2422","2422","HACCP - Rauw vlees","0","524","0","0","1"
"2423","2422","HACCP - Rauw vlees","0","524","0","0","1"
"2424","2424","HACCP - Rauw vlees","0","433","0","0","1"
"2425","2424","HACCP - Rauw vlees","0","433","0","0","1"
"2426","2426","HACCP - Rauw vlees","0","434","0","0","1"
"2427","2426","HACCP - Rauw vlees","0","434","0","0","1"
"2428","2428","HACCP - Rauw vlees","0","435","0","0","1"
"2429","2428","HACCP - Rauw vlees","0","435","0","0","1"
"2430","2430","HACCP - Rauw vlees","0","436","0","0","1"
"2431","2430","HACCP - Rauw vlees","0","436","0","0","1"
"2432","2432","HACCP - Rauw vlees","0","464","0","0","1"
"2433","2432","HACCP - Rauw vlees","0","464","0","0","1"
"2434","2434","HACCP - Rauw vlees","0","532","0","0","1"
"2435","2434","HACCP - Rauw vlees","0","532","0","0","1"
"2436","2436","HACCP - Rauw vlees","0","460","0","0","1"
"2437","2436","HACCP - Rauw vlees","0","460","0","0","1"
"2438","2438","HACCP - Rauw vlees","0","461","0","0","1"
"2439","2438","HACCP - Rauw vlees","0","461","1","0","1"
"2440","2440","HACCP - Rauw vlees","0","479","0","0","1"
"2441","2440","HACCP - Rauw vlees","0","479","0","0","1"
"2442","2442","HACCP - Rauw vlees","0","750","0","0","1"
"2443","2442","HACCP - Rauw vlees","0","750","0","0","1"
"2444","2444","HACCP - Rauw vlees","0","529","0","0","1"
"2445","2444","HACCP - Rauw vlees","0","529","0","0","1"
"2446","2446","HACCP - Rauw vlees","0","739","0","0","1"
"2447","2446","HACCP - Rauw vlees","0","739","0","0","1"
"2448","2448","HACCP - Rauw vlees","0","431","0","0","1"
"2449","2448","HACCP - Rauw vlees","0","431","0","0","1"
"2450","2450","HACCP - Rauw vlees","0","137","0","0","1"
"2451","2450","HACCP - Rauw vlees","0","137","0","0","1"
"2452","2452","HACCP - Rauw vlees","0","142","0","0","1"
"2453","2452","HACCP - Rauw vlees","0","142","0","0","1"
"2454","2454","HACCP - Rauw vlees","0","151","0","0","1"
"2455","2454","HACCP - Rauw vlees","0","151","1","0","1"
"2456","2456","HACCP - Rauw vlees","0","150","0","0","1"
"2457","2456","HACCP - Rauw vlees","0","150","1","0","1"
"2458","2458","HACCP - Rauw vlees","0","152","0","0","1"
"2459","2458","HACCP - Rauw vlees","0","152","0","0","1"
"2460","2460","HACCP - Rauw vlees","0","443","0","0","1"
"2461","2460","HACCP - Rauw vlees","0","443","0","0","1"
"2462","2462","HACCP - THT Maaltijdcomponent","0","452","0","0","1"
"2463","2462","HACCP - THT Maaltijdcomponent","0","452","0","0","1"
"2464","2464","HACCP - THT Maaltijdcomponent","0","520","0","0","1"
"2465","2464","HACCP - THT Maaltijdcomponent","0","520","0","0","1"
"2466","2466","HACCP - THT Maaltijdcomponent","0","524","0","0","1"
"2467","2466","HACCP - THT Maaltijdcomponent","0","524","0","0","1"
"2468","2468","HACCP - THT Maaltijdcomponent","0","433","0","0","1"
"2469","2468","HACCP - THT Maaltijdcomponent","0","433","0","0","1"
"2470","2470","HACCP - THT Maaltijdcomponent","0","434","0","0","1"
"2471","2470","HACCP - THT Maaltijdcomponent","0","434","0","0","1"
"2472","2472","HACCP - THT Maaltijdcomponent","0","435","0","0","1"
"2473","2472","HACCP - THT Maaltijdcomponent","0","435","0","0","1"
"2474","2474","HACCP - THT Maaltijdcomponent","0","436","0","0","1"
"2475","2474","HACCP - THT Maaltijdcomponent","0","436","0","0","1"
"2476","2476","HACCP - THT Maaltijdcomponent","0","464","0","0","1"
"2477","2476","HACCP - THT Maaltijdcomponent","0","464","0","0","1"
"2478","2478","HACCP - THT Maaltijdcomponent","0","532","0","0","1"
"2479","2478","HACCP - THT Maaltijdcomponent","0","532","0","0","1"
"2480","2480","HACCP - THT Maaltijdcomponent","0","460","0","0","1"
"2481","2480","HACCP - THT Maaltijdcomponent","0","460","0","0","1"
"2482","2482","HACCP - THT Maaltijdcomponent","0","461","0","0","1"
"2483","2482","HACCP - THT Maaltijdcomponent","0","461","1","0","1"
"2484","2484","HACCP - THT Maaltijdcomponent","0","479","0","0","1"
"2485","2484","HACCP - THT Maaltijdcomponent","0","479","0","0","1"
"2486","2486","HACCP - THT Maaltijdcomponent","0","750","0","0","1"
"2487","2486","HACCP - THT Maaltijdcomponent","0","750","0","0","1"
"2488","2488","HACCP - THT Maaltijdcomponent","0","529","0","0","1"
"2489","2488","HACCP - THT Maaltijdcomponent","0","529","0","0","1"
"2490","2490","HACCP - THT Maaltijdcomponent","0","739","0","0","1"
"2491","2490","HACCP - THT Maaltijdcomponent","0","739","0","0","1"
"2492","2492","HACCP - THT Maaltijdcomponent","0","431","0","0","1"
"2493","2492","HACCP - THT Maaltijdcomponent","0","431","0","0","1"
"2494","2494","HACCP - THT Maaltijdcomponent","0","137","0","0","1"
"2495","2494","HACCP - THT Maaltijdcomponent","0","137","0","0","1"
"2496","2496","HACCP - THT Maaltijdcomponent","0","142","0","0","1"
"2497","2496","HACCP - THT Maaltijdcomponent","0","142","0","0","1"
"2498","2498","HACCP - THT Maaltijdcomponent","0","151","0","0","1"
"2499","2498","HACCP - THT Maaltijdcomponent","0","151","1","0","1"
"2500","2500","HACCP - THT Maaltijdcomponent","0","150","0","0","1"
"2501","2500","HACCP - THT Maaltijdcomponent","0","150","1","0","1"
"2502","2502","HACCP - THT Maaltijdcomponent","0","152","0","0","1"
"2503","2502","HACCP - THT Maaltijdcomponent","0","152","0","0","1"
"2504","2504","HACCP - THT Maaltijdcomponent","0","443","0","0","1"
"2505","2504","HACCP - THT Maaltijdcomponent","0","443","0","0","1"
"2506","2506","HACCP - Rauwkost (zonder kiemrijke ingrediënten)","0","452","0","0","1"
"2507","2506","HACCP - Rauwkost (zonder kiemrijke ingrediënten)","0","452","0","0","1"
"2508","2508","HACCP - Rauwkost (zonder kiemrijke ingrediënten)","0","520","0","0","1"
"2509","2508","HACCP - Rauwkost (zonder kiemrijke ingrediënten)","0","520","0","0","1"
"2510","2510","HACCP - Rauwkost (zonder kiemrijke ingrediënten)","0","524","0","0","1"
"2511","2510","HACCP - Rauwkost (zonder kiemrijke ingrediënten)","0","524","0","0","1"
"2512","2512","HACCP - Rauwkost (zonder kiemrijke ingrediënten)","0","433","0","0","1"
"2513","2512","HACCP - Rauwkost (zonder kiemrijke ingrediënten)","0","433","0","0","1"
"2514","2514","HACCP - Rauwkost (zonder kiemrijke ingrediënten)","0","434","0","0","1"
"2515","2514","HACCP - Rauwkost (zonder kiemrijke ingrediënten)","0","434","0","0","1"
"2516","2516","HACCP - Rauwkost (zonder kiemrijke ingrediënten)","0","435","0","0","1"
"2517","2516","HACCP - Rauwkost (zonder kiemrijke ingrediënten)","0","435","0","0","1"
"2518","2518","HACCP - Rauwkost (zonder kiemrijke ingrediënten)","0","436","0","0","1"
"2519","2518","HACCP - Rauwkost (zonder kiemrijke ingrediënten)","0","436","0","0","1"
"2520","2520","HACCP - Rauwkost (zonder kiemrijke ingrediënten)","0","464","0","0","1"
"2521","2520","HACCP - Rauwkost (zonder kiemrijke ingrediënten)","0","464","0","0","1"
"2522","2522","HACCP - Rauwkost (zonder kiemrijke ingrediënten)","0","532","0","0","1"
"2523","2522","HACCP - Rauwkost (zonder kiemrijke ingrediënten)","0","532","0","0","1"
"2524","2524","HACCP - Rauwkost (zonder kiemrijke ingrediënten)","0","460","0","0","1"
"2525","2524","HACCP - Rauwkost (zonder kiemrijke ingrediënten)","0","460","0","0","1"
"2526","2526","HACCP - Rauwkost (zonder kiemrijke ingrediënten)","0","461","0","0","1"
"2527","2526","HACCP - Rauwkost (zonder kiemrijke ingrediënten)","0","461","1","0","1"
"2528","2528","HACCP - Rauwkost (zonder kiemrijke ingrediënten)","0","479","0","0","1"
"2529","2528","HACCP - Rauwkost (zonder kiemrijke ingrediënten)","0","479","0","0","1"
"2530","2530","HACCP - Rauwkost (zonder kiemrijke ingrediënten)","0","750","0","0","1"
"2531","2530","HACCP - Rauwkost (zonder kiemrijke ingrediënten)","0","750","0","0","1"
"2532","2532","HACCP - Rauwkost (zonder kiemrijke ingrediënten)","0","529","0","0","1"
"2533","2532","HACCP - Rauwkost (zonder kiemrijke ingrediënten)","0","529","0","0","1"
"2534","2534","HACCP - Rauwkost (zonder kiemrijke ingrediënten)","0","739","0","0","1"
"2535","2534","HACCP - Rauwkost (zonder kiemrijke ingrediënten)","0","739","0","0","1"
"2536","2536","HACCP - Rauwkost (zonder kiemrijke ingrediënten)","0","431","0","0","1"
"2537","2536","HACCP - Rauwkost (zonder kiemrijke ingrediënten)","0","431","0","0","1"
"2538","2538","HACCP - Rauwkost (zonder kiemrijke ingrediënten)","0","137","0","0","1"
"2539","2538","HACCP - Rauwkost (zonder kiemrijke ingrediënten)","0","137","0","0","1"
"2540","2540","HACCP - Rauwkost (zonder kiemrijke ingrediënten)","0","142","0","0","1"
"2541","2540","HACCP - Rauwkost (zonder kiemrijke ingrediënten)","0","142","0","0","1"
"2542","2542","HACCP - Rauwkost (zonder kiemrijke ingrediënten)","0","151","0","0","1"
"2543","2542","HACCP - Rauwkost (zonder kiemrijke ingrediënten)","0","151","1","0","1"
"2544","2544","HACCP - Rauwkost (zonder kiemrijke ingrediënten)","0","150","0","0","1"
"2545","2544","HACCP - Rauwkost (zonder kiemrijke ingrediënten)","0","150","1","0","1"
"2546","2546","HACCP - Rauwkost (zonder kiemrijke ingrediënten)","0","152","0","0","1"
"2547","2546","HACCP - Rauwkost (zonder kiemrijke ingrediënten)","0","152","0","0","1"
"2548","2548","HACCP - Rauwkost (zonder kiemrijke ingrediënten)","0","443","0","0","1"
"2549","2548","HACCP - Rauwkost (zonder kiemrijke ingrediënten)","0","443","0","0","1"
"2550","2550","HACCP - Dessert","0","452","0","0","1"
"2551","2550","HACCP - Dessert","0","452","0","0","1"
"2552","2552","HACCP - Dessert","0","520","0","0","1"
"2553","2552","HACCP - Dessert","0","520","0","0","1"
"2554","2554","HACCP - Dessert","0","524","0","0","1"
"2555","2554","HACCP - Dessert","0","524","0","0","1"
"2556","2556","HACCP - Dessert","0","433","0","0","1"
"2557","2556","HACCP - Dessert","0","433","0","0","1"
"2558","2558","HACCP - Dessert","0","434","0","0","1"
"2559","2558","HACCP - Dessert","0","434","0","0","1"
"2560","2560","HACCP - Dessert","0","435","0","0","1"
"2561","2560","HACCP - Dessert","0","435","0","0","1"
"2562","2562","HACCP - Dessert","0","436","0","0","1"
"2563","2562","HACCP - Dessert","0","436","0","0","1"
"2564","2564","HACCP - Dessert","0","464","0","0","1"
"2565","2564","HACCP - Dessert","0","464","0","0","1"
"2566","2566","HACCP - Dessert","0","532","0","0","1"
"2567","2566","HACCP - Dessert","0","532","0","0","1"
"2568","2568","HACCP - Dessert","0","460","0","0","1"
"2569","2568","HACCP - Dessert","0","460","0","0","1"
"2570","2570","HACCP - Dessert","0","461","0","0","1"
"2571","2570","HACCP - Dessert","0","461","1","0","1"
"2572","2572","HACCP - Dessert","0","479","0","0","1"
"2573","2572","HACCP - Dessert","0","479","0","0","1"
"2574","2574","HACCP - Dessert","0","750","0","0","1"
"2575","2574","HACCP - Dessert","0","750","0","0","1"
"2576","2576","HACCP - Dessert","0","529","0","0","1"
"2577","2576","HACCP - Dessert","0","529","0","0","1"
"2578","2578","HACCP - Dessert","0","529","0","0","1"
"2579","2578","HACCP - Dessert","0","529","0","0","1"
"2580","2580","HACCP - Dessert","0","739","0","0","1"
"2581","2580","HACCP - Dessert","0","739","0","0","1"
"2582","2582","HACCP - Dessert","0","431","0","0","1"
"2583","2582","HACCP - Dessert","0","431","0","0","1"
"2584","2584","HACCP - Dessert","0","137","0","0","1"
"2585","2584","HACCP - Dessert","0","137","0","0","1"
"2586","2586","HACCP - Dessert","0","142","0","0","1"
"2587","2586","HACCP - Dessert","0","142","0","0","1"
"2588","2588","HACCP - Dessert","0","151","0","0","1"
"2589","2588","HACCP - Dessert","0","151","1","0","1"
"2590","2590","HACCP - Dessert","0","150","0","0","1"
"2591","2590","HACCP - Dessert","0","150","1","0","1"
"2592","2592","HACCP - Dessert","0","152","0","0","1"
"2593","2592","HACCP - Dessert","0","152","0","0","1"
"2594","2594","HACCP - Dessert","0","443","0","0","1"
"2595","2594","HACCP - Dessert","0","443","0","0","1"
"2596","2596","HACCP - Jus en sauzen","0","452","0","0","1"
"2597","2596","HACCP - Jus en sauzen","0","452","0","0","1"
"2598","2598","HACCP - Jus en sauzen","0","520","0","0","1"
"2599","2598","HACCP - Jus en sauzen","0","520","0","0","1"
"2600","2600","HACCP - Jus en sauzen","0","524","0","0","1"
"2601","2600","HACCP - Jus en sauzen","0","524","0","0","1"
"2602","2602","HACCP - Jus en sauzen","0","433","0","0","1"
"2603","2602","HACCP - Jus en sauzen","0","433","0","0","1"
"2604","2604","HACCP - Jus en sauzen","0","434","0","0","1"
"2605","2604","HACCP - Jus en sauzen","0","434","0","0","1"
"2606","2606","HACCP - Jus en sauzen","0","435","0","0","1"
"2607","2606","HACCP - Jus en sauzen","0","435","0","0","1"
"2608","2608","HACCP - Jus en sauzen","0","436","0","0","1"
"2609","2608","HACCP - Jus en sauzen","0","436","0","0","1"
"2610","2610","HACCP - Jus en sauzen","0","464","0","0","1"
"2611","2610","HACCP - Jus en sauzen","0","464","0","0","1"
"2612","2612","HACCP - Jus en sauzen","0","532","0","0","1"
"2613","2612","HACCP - Jus en sauzen","0","532","0","0","1"
"2614","2614","HACCP - Jus en sauzen","0","460","0","0","1"
"2615","2614","HACCP - Jus en sauzen","0","460","0","0","1"
"2616","2616","HACCP - Jus en sauzen","0","461","0","0","1"
"2617","2616","HACCP - Jus en sauzen","0","461","1","0","1"
"2618","2618","HACCP - Jus en sauzen","0","479","0","0","1"
"2619","2618","HACCP - Jus en sauzen","0","479","0","0","1"
"2620","2620","HACCP - Jus en sauzen","0","750","0","0","1"
"2621","2620","HACCP - Jus en sauzen","0","750","0","0","1"
"2622","2622","HACCP - Jus en sauzen","0","529","0","0","1"
"2623","2622","HACCP - Jus en sauzen","0","529","0","0","1"
"2624","2624","HACCP - Jus en sauzen","0","739","0","0","1"
"2625","2624","HACCP - Jus en sauzen","0","739","0","0","1"
"2626","2626","HACCP - Jus en sauzen","0","431","0","0","1"
"2627","2626","HACCP - Jus en sauzen","0","431","0","0","1"
"2628","2628","HACCP - Jus en sauzen","0","137","0","0","1"
"2629","2628","HACCP - Jus en sauzen","0","137","0","0","1"
"2630","2630","HACCP - Jus en sauzen","0","142","0","0","1"
"2631","2630","HACCP - Jus en sauzen","0","142","0","0","1"
"2632","2632","HACCP - Jus en sauzen","0","151","0","0","1"
"2633","2632","HACCP - Jus en sauzen","0","151","1","0","1"
"2634","2634","HACCP - Jus en sauzen","0","150","0","0","1"
"2635","2634","HACCP - Jus en sauzen","0","150","1","0","1"
"2636","2636","HACCP - Jus en sauzen","0","152","0","0","1"
"2637","2636","HACCP - Jus en sauzen","0","152","0","0","1"
"2638","2638","HACCP - Jus en sauzen","0","443","0","0","1"
"2639","2638","HACCP - Jus en sauzen","0","443","0","0","1"
"2640","2640","HACCP - Soep/bouillon","0","452","0","0","1"
"2641","2640","HACCP - Soep/bouillon","0","452","0","0","1"
"2642","2642","HACCP - Soep/bouillon","0","520","0","0","1"
"2643","2642","HACCP - Soep/bouillon","0","520","0","0","1"
"2644","2644","HACCP - Soep/bouillon","0","524","0","0","1"
"2645","2644","HACCP - Soep/bouillon","0","524","0","0","1"
"2646","2646","HACCP - Soep/bouillon","0","433","0","0","1"
"2647","2646","HACCP - Soep/bouillon","0","433","0","0","1"
"2648","2648","HACCP - Soep/bouillon","0","434","0","0","1"
"2649","2648","HACCP - Soep/bouillon","0","434","0","0","1"
"2650","2650","HACCP - Soep/bouillon","0","435","0","0","1"
"2651","2650","HACCP - Soep/bouillon","0","435","0","0","1"
"2652","2652","HACCP - Soep/bouillon","0","436","0","0","1"
"2653","2652","HACCP - Soep/bouillon","0","436","0","0","1"
"2654","2654","HACCP - Soep/bouillon","0","464","0","0","1"
"2655","2654","HACCP - Soep/bouillon","0","464","0","0","1"
"2656","2656","HACCP - Soep/bouillon","0","532","0","0","1"
"2657","2656","HACCP - Soep/bouillon","0","532","0","0","1"
"2658","2658","HACCP - Soep/bouillon","0","460","0","0","1"
"2659","2658","HACCP - Soep/bouillon","0","460","0","0","1"
"2660","2660","HACCP - Soep/bouillon","0","461","0","0","1"
"2661","2660","HACCP - Soep/bouillon","0","461","1","0","1"
"2662","2662","HACCP - Soep/bouillon","0","479","0","0","1"
"2663","2662","HACCP - Soep/bouillon","0","479","0","0","1"
"2664","2664","HACCP - Soep/bouillon","0","750","0","0","1"
"2665","2664","HACCP - Soep/bouillon","0","750","0","0","1"
"2666","2666","HACCP - Soep/bouillon","0","529","0","0","1"
"2667","2666","HACCP - Soep/bouillon","0","529","0","0","1"
"2668","2668","HACCP - Soep/bouillon","0","739","0","0","1"
"2669","2668","HACCP - Soep/bouillon","0","739","0","0","1"
"2670","2670","HACCP - Soep/bouillon","0","431","0","0","1"
"2671","2670","HACCP - Soep/bouillon","0","431","0","0","1"
"2672","2672","HACCP - Soep/bouillon","0","137","0","0","1"
"2673","2672","HACCP - Soep/bouillon","0","137","0","0","1"
"2674","2674","HACCP - Soep/bouillon","0","142","0","0","1"
"2675","2674","HACCP - Soep/bouillon","0","142","0","0","1"
"2676","2676","HACCP - Soep/bouillon","0","151","0","0","1"
"2677","2676","HACCP - Soep/bouillon","0","151","1","0","1"
"2678","2678","HACCP - Soep/bouillon","0","150","0","0","1"
"2679","2678","HACCP - Soep/bouillon","0","150","1","0","1"
"2680","2680","HACCP - Soep/bouillon","0","152","0","0","1"
"2681","2680","HACCP - Soep/bouillon","0","152","0","0","1"
"2682","2682","HACCP - Soep/bouillon","0","443","0","0","1"
"2683","2682","HACCP - Soep/bouillon","0","443","0","0","1"
"2684","2684","HACCP - Kaas","0","452","0","0","1"
"2685","2684","HACCP - Kaas","0","452","0","0","1"
"2686","2686","HACCP - Kaas","0","520","0","0","1"
"2687","2686","HACCP - Kaas","0","520","0","0","1"
"2688","2688","HACCP - Kaas","0","524","0","0","1"
"2689","2688","HACCP - Kaas","0","524","0","0","1"
"2690","2690","HACCP - Kaas","0","433","0","0","1"
"2691","2690","HACCP - Kaas","0","433","0","0","1"
"2692","2692","HACCP - Kaas","0","434","0","0","1"
"2693","2692","HACCP - Kaas","0","434","0","0","1"
"2694","2694","HACCP - Kaas","0","435","0","0","1"
"2695","2694","HACCP - Kaas","0","435","0","0","1"
"2696","2696","HACCP - Kaas","0","436","0","0","1"
"2697","2696","HACCP - Kaas","0","436","0","0","1"
"2698","2698","HACCP - Kaas","0","464","0","0","1"
"2699","2698","HACCP - Kaas","0","464","0","0","1"
"2700","2700","HACCP - Kaas","0","532","0","0","1"
"2701","2700","HACCP - Kaas","0","532","0","0","1"
"2702","2702","HACCP - Kaas","0","460","0","0","1"
"2703","2702","HACCP - Kaas","0","460","0","0","1"
"2704","2704","HACCP - Kaas","0","461","0","0","1"
"2705","2704","HACCP - Kaas","0","461","1","0","1"
"2706","2706","HACCP - Kaas","0","479","0","0","1"
"2707","2706","HACCP - Kaas","0","479","0","0","1"
"2708","2708","HACCP - Kaas","0","750","0","0","1"
"2709","2708","HACCP - Kaas","0","750","0","0","1"
"2710","2710","HACCP - Kaas","0","529","0","0","1"
"2711","2710","HACCP - Kaas","0","529","0","0","1"
"2712","2712","HACCP - Kaas","0","739","0","0","1"
"2713","2712","HACCP - Kaas","0","739","0","0","1"
"2714","2714","HACCP - Kaas","0","431","0","0","1"
"2715","2714","HACCP - Kaas","0","431","0","0","1"
"2716","2716","HACCP - Kaas","0","137","0","0","1"
"2717","2716","HACCP - Kaas","0","137","0","0","1"
"2718","2718","HACCP - Kaas","0","142","0","0","1"
"2719","2718","HACCP - Kaas","0","142","0","0","1"
"2720","2720","HACCP - Kaas","0","151","0","0","1"
"2721","2720","HACCP - Kaas","0","151","1","0","1"
"2722","2722","HACCP - Kaas","0","150","0","0","1"
"2723","2722","HACCP - Kaas","0","150","1","0","1"
"2724","2724","HACCP - Kaas","0","152","0","0","1"
"2725","2724","HACCP - Kaas","0","152","0","0","1"
"2726","2726","HACCP - Kaas","0","443","0","0","1"
"2727","2726","HACCP - Kaas","0","443","0","0","1"
"2728","1201","Cargill kwartaal warmteonderzoek","0","953","0","1","1"
"2729","1205","Cargill Homann","0","953","1","1","1"
"2730","1212","GB Food All natural pork/beef boulette 1,5g IQF 270485","0","953","1","1","1"
"2731","1230","Monstername VVA GR 1 vleesbereiding","0","953","0","1","1"
"2732","1238","Monstername VVA GR 3 pluimveevlees","0","953","1","1","1"
"2733","1240","Monstername VVA GR 4 grondstof rundvlees","0","953","0","1","1"
"2734","1255","MARS CHEM","0","953","1","1","1"
"2735","1262","MARS DNA","0","953","1","1","1"
"2736","2736","MARS Chicken breast MIBI ","0","953","0","1","1"
"2737","2736","MARS Chicken breast MIBI ","0","953","0","1","1"
"2738","2738","Cargill vacuum nagepasteuriseerd algemeen","0","953","0","1","1"
"2739","2738","Cargill vacuum nagepasteuriseerd algemeen","0","953","1","1","1"
"2740","1201","Cargill kwartaal warmteonderzoek","0","953","0","1","1"
"2741","175","Micro pakket","0","384","0","1","1"
"2742","2742","THT onderzoek","0","384","0","1","1"
"2743","2742","THT onderzoek","0","384","0","1","1"
"2744","2744","Histamine","0","384","0","1","1"
"2745","2744","Histamine","0","384","1","1","1"
"2746","2746","Lood/Kwik/Cadmium","0","384","0","1","1"
"2747","2746","Lood/Kwik/Cadmium","0","384","1","1","1"
"2748","2748","Glazeerwater / leidingwater","0","384","0","1","1"
"2749","2748","Glazeerwater / leidingwater","0","384","1","1","1"
"2750","2750","DNA Meatball pork/beef 1,2gram IQF 270252","0","953","0","1","1"
"2751","2750","DNA Meatball pork/beef 1,2gram IQF 270252","0","953","1","1","1"
"2752","2752","Clean label Franse norm (Dag 0)","0","905","0","1","1"
"2753","2752","Clean label Franse norm (Dag 0)","0","905","0","1","1"
"2754","2754","Clean label Franse norm (Dag 7 en 20)","0","905","0","1","1"
"2755","2754","Clean label Franse norm (Dag 5, 7, 13 en 20)","0","905","0","1","1"
"2756","2756","Clean label Franse norm (Dag 23)","0","905","0","1","1"
"2757","2756","Clean label Franse norm (Einde THT)","0","905","0","1","1"
"2758","2754","Clean label Franse norm (tussentijds)","0","905","0","1","1"
"2759","2756","Clean label Franse norm (Einde THT)","0","905","0","1","1"
"2760","2754","Clean label Franse norm (Tussentijds)","0","905","0","1","1"
"2761","2754","Clean label Franse norm (Tussentijds)","0","905","0","1","1"
"2762","204","Melk","0","364","0","0","1"
"2763","207","Kaasmelk","0","351","0","0","1"
"2764","257","Plastic/Kartonnen verpakking","0","178","0","0","1"
"2765","206","Rauwe melk","0","351","0","0","1"
"2766","609","Gepasteuriseerde melk","0","348","0","0","1"
"2767","611","Rauwe melk","0","348","0","0","1"
"2768","613","Karnemelk","0","348","0","0","1"
"2769","140","Rauwe melk","0","341","0","0","1"
"2770","141","Melk","0","363","0","0","1"
"2771","84","Proceswater","0","168","0","0","1"
"2772","225","Gepasteuriseerde melk","0","341","0","0","1"
"2773","86","Karnemelk","0","364","0","0","1"
"2774","585","Proceswater uitgebreid","0","128","0","0","1"
"2775","498","Melk","0","154","0","0","1"
"2776","142","Kaas","0","352","0","0","1"
"2777","358","Pakket 20","0","189","1","0","1"
"2778","1334","Drinkwater - drinkwaterbesluit","0","607","0","0","1"
"2779","2779","Drinkwater - WHO","0","607","0","0","1"
"2780","2779","Drinkwater - WHO","0","607","0","0","1"
"2781","2781","Pathogenen panel","0","384","0","1","1"
"2782","364","Mosselen","0","719","0","0","1"
"2783","961","CFO org Mercadonna maand","0","184","0","0","1"
"2784","2784","STEC - screening (Q)","1","0","0","0","1"
"2785","2784","STEC - screening (Q)","1","0","0","0","1"
"2786","2786","STEC - screening","1","0","0","0","1"
"2787","2786","STEC - screening","1","0","0","0","1"
"2788","2788","STEC - bevestiging","1","0","0","0","1"
"2789","2788","STEC - bevestiging","1","0","0","0","1"
"2790","2790","Pakket 50","0","189","0","0","1"
"2791","2790","Pakket 50","0","189","0","0","1"
"2792","1162","Pakket 51","0","189","1","0","1"
"2793","2786","STEC - screening","1","0","0","0","1"
"2794","585","Proceswater uitgebreid","0","128","0","0","1"
"2795","585","Proceswater uitgebreid","0","128","0","0","1"
"2796","585","Proceswater uitgebreid","0","128","0","0","1"
"2797","585","Proceswater uitgebreid","0","128","0","0","1"
"2798","2790","Pakket 50","0","189","1","0","1"
"2799","858","Pakket 29","0","189","0","0","1"
"2800","2800","Proceswater","0","792","0","0","1"
"2801","2800","Proceswater","0","792","0","0","1"
"2802","1548","Listeria monocytogenes 2073/2005 - einde THT","0","978","0","1","1"
"2803","927","Haring - direct - standaard","0","787","0","1","1"
"2804","2804","Haring - TGT - standaard","0","787","0","1","1"
"2805","2804","Haring - TGT - standaard","0","787","0","1","1"
"2806","2806","Haring - TGT - uitgebreid","0","787","0","1","1"
"2807","2806","Haring - TGT - uitgebreid","0","787","0","1","1"
"2808","2808","Haring - direct - chemisch","0","787","0","1","1"
"2809","2808","Haring - direct - chemisch","0","787","0","1","1"
"2810","734","Positive release | Listeria monocytogenes","0","787","0","1","1"
"2811","2811","Gebakken vis - direct - standaard","0","787","0","1","1"
"2812","2811","Gebakken vis - direct - standaard","0","787","0","1","1"
"2813","2813","Gebakken vis - TGT - standaard","0","787","0","1","1"
"2814","2813","Gebakken vis - TGT - standaard","0","787","0","1","1"
"2815","2815","Gebakken vis - TGT - uitgebreid","0","787","0","1","1"
"2816","2815","Gebakken vis - TGT - uitgebreid","0","787","0","1","1"
"2817","2817","Gebakken vis - direct - chemisch","0","787","0","1","1"
"2818","2817","Gebakken vis - direct - chemisch","0","787","0","1","1"
"2819","2819","Gebakken vis - direct - zout + Aw","0","787","0","1","1"
"2820","2819","Gebakken vis - direct - zout + Aw","0","787","0","1","1"
"2821","2821","Verse vis - direct - standaard","0","787","0","1","1"
"2822","2821","Verse vis - direct - standaard","0","787","0","1","1"
"2823","2823","Verse vis - TGT - standaard","0","787","0","1","1"
"2824","2823","Verse vis - TGT - standaard","0","787","0","1","1"
"2825","2825","Verse vis - TGT - uitgebreid","0","787","0","1","1"
"2826","2825","Verse vis - TGT - uitgebreid","0","787","0","1","1"
"2827","2827","Verse vis - direct - chemisch","0","787","0","1","1"
"2828","2827","Verse vis - direct - chemisch","0","787","0","1","1"
"2829","2829","Verse vis - TGT Tonijn - Histamine","0","787","0","1","1"
"2830","2829","Verse vis - TGT Tonijn - Histamine","0","787","0","1","1"
"2831","2831","Garnaal - direct - standaard","0","787","0","1","1"
"2832","2831","Garnaal - direct - standaard","0","787","0","1","1"
"2833","2833","Garnaal - TGT - standaard","0","787","0","1","1"
"2834","2833","Garnaal - TGT - standaard","0","787","0","1","1"
"2835","2835","Verse vis - TGT - Uitgebreid + L. mono","0","787","0","1","1"
"2836","2835","Verse vis - TGT - Uitgebreid + L. mono","0","787","0","1","1"
"2837","2835","Garnaal - TGT - Uitgebreid + L. mono","0","787","0","1","1"
"2838","2838","Garnaal - direct - chemisch","0","787","0","1","1"
"2839","2838","Garnaal - direct - chemisch","0","787","0","1","1"
"2840","2840","Garnaal (ASC) - direct - antibiotica","0","787","0","1","1"
"2841","2840","Garnaal (ASC) - direct - antibiotica","0","787","0","1","1"
"2842","2842","Garnaal - direct - chemisch","0","787","0","1","1"
"2843","2842","Garnaal - direct - sulfiet","0","787","0","1","1"
"2844","734","Positive release | Listeria monocytogenes","0","787","0","1","1"
"2845","942","Water pakket","0","787","1","0","1"
"2846","2846","Listeria monocytogenes n=5","0","787","0","1","1"
"2847","2846","Listeria monocytogenes n=5","0","787","0","1","1"
"2848","767","ZG-G(B)","0","798","0","1","1"
"2849","772","ZG-G(D)","0","798","0","1","1"
"2850","2850","Drinkwater (drinkwaterbesuit)","0","119","0","0","1"
"2851","2850","Drinkwater (drinkwaterbesuit)","0","119","0","0","1"
"2852","2835","Garnaal - TGT - Uitgebreid","0","787","0","1","1"
"2853","605","Maaltijdcomponent","0","743","1","0","1"
"2854","2854","Rodac - PCA","0","113","0","0","1"
"2855","2854","Rodac - PCA","0","113","1","0","1"
"2856","2808","Haring - direct - chemisch","0","787","0","1","1"
"2857","2829","Histamine N=9","0","787","0","1","1"
"2858","2858","1A  WG verhit","0","994","0","1","1"
"2859","2858","1A  WG verhit","0","994","0","1","1"
"2860","2860","1B   WG verhit MAP","0","994","0","1","1"
"2861","2860","1B  WG verhit MAP","0","994","0","1","1"
"2862","2862","2A  RTE - Rauw/GF","0","994","0","1","1"
"2863","2862","2A  RTE - Rauw/GF","0","994","0","1","1"
"2864","2864","2B  RTE - Verhit ","0","994","0","1","1"
"2865","2864","2B  RTE - Verhit ","0","994","0","1","1"
"2866","2866","2C  RTE - gefermenteerd","0","994","0","1","1"
"2867","2866","2C  RTE - gefermenteerd","0","994","0","1","1"
"2868","2868","3A  Grondstof ","0","994","0","1","1"
"2869","2868","3A  Grondstof ","0","994","0","1","1"
"2870","2870","3B  Grondstof - RTE","0","994","0","1","1"
"2871","2870","3B  Grondstof - RTE","0","994","0","1","1"
"2872","2872","4A  Hygiënecode normen ","0","994","0","1","1"
"2873","2872","4A  Hygiënecode normen ","0","994","0","1","1"
"2874","2874","4B  Hygiënecode Terugkoelen","0","994","0","1","1"
"2875","2874","4B  Hygiënecode Terugkoelen","0","994","0","1","1"
"2876","2876","5A  OM Listeria ","0","994","0","1","1"
"2877","2876","5A  OM Listeria ","0","994","0","1","1"
"2878","2878","6  THT onderzoek","0","994","0","1","1"
"2879","2878","6  THT onderzoek","0","994","0","1","1"
"2880","2880","7  Uitgebreid onderzoek ","0","994","0","1","1"
"2881","2880","7  Uitgebreid onderzoek ","0","994","0","1","1"
"2882","2882","8 koud gerookte zalm","0","994","0","1","1"
"2883","2882","8  Koud gerookte zalm","0","994","0","1","1"
"2884","2884","AGAR afdruk","0","994","0","1","1"
"2885","2884","AGAR afdruk","0","994","0","1","1"
"2886","2886","Pakket A","0","997","0","1","1"
"2887","2886","Pakket A - direct","0","997","0","1","1"
"2888","2888","Pakket B - THT","0","997","0","1","1"
"2889","2888","Pakket B - THT","0","997","0","1","1"
"2890","2890","Pakket C - THT","0","997","0","1","1"
"2891","2890","Pakket C - THT","0","997","0","1","1"
"2892","2892","Pakket B+C - THT","0","997","0","1","1"
"2893","2892","Pakket B+C - THT","0","997","0","1","1"
"2894","2890","Pakket C - 4x - THT","0","997","1","1","1"
"2895","2892","Pakket B+C - 1x - THT","0","997","0","1","1"
"2896","2896","Big 8 - Voedingswaarde pakket","1","0","0","0","1"
"2897","2896","Big 8 - Voedingswaarde pakket","1","0","0","0","1"
"2898","2898","Aflatoxinen pakket (B1, B2, G1, G2)","1","0","0","0","1"
"2899","2898","Aflatoxinen pakket (B1, B2, G1, G2)","1","0","1","0","1"
"2900","2900","Surimi Denner - einde THT","0","978","0","1","1"
"2901","2900","Surimi Denner - einde THT","0","978","0","1","1"
"2902","2829","Haring - direct - H","0","787","0","1","1"
"2903","2808","Haring - direct - E","0","787","0","1","1"
"2904","927","Haring - direct - A","0","787","0","1","1"
"2905","2804","Haring - TGT - A","0","787","0","1","1"
"2906","2906","Haring - direct - B","0","787","0","1","1"
"2907","2906","Haring - direct - B","0","787","0","1","1"
"2908","2908","Haring - TGT - B","0","787","0","1","1"
"2909","2908","Haring - TGT - B","0","787","0","1","1"
"2910","2806","Haring - TGT - C","0","787","0","1","1"
"2911","2911","Haring - TGT - D","0","787","0","1","1"
"2912","2911","Haring - TGT - D","0","787","0","1","1"
"2913","2808","Haring - direct - E","0","787","0","1","1"
"2914","2829","Haring - direct - H","0","787","0","1","1"
"2915","2811","Gebakken vis - direct - A","0","787","0","1","1"
"2916","2813","Gebakken vis - TGT - A","0","787","0","1","1"
"2917","2917","Gebakken vis - direct - B","0","787","0","1","1"
"2918","2917","Gebakken vis - direct - B","0","787","0","1","1"
"2919","2919","Gebakken vis - TGT - B","0","787","0","1","1"
"2920","2919","Gebakken vis - TGT - B","0","787","0","1","1"
"2921","2815","Gebakken vis - TGT - C","0","787","0","1","1"
"2922","2806","Haring - TGT - C","0","787","0","1","1"
"2923","2923","Gebakken vis - TGT - D","0","787","0","1","1"
"2924","2923","Gebakken vis - TGT - D","0","787","0","1","1"
"2925","2817","Gebakken vis - direct - E + F","0","787","0","1","1"
"2926","2819","Gebakken vis - direct - J","0","787","0","1","1"
"2927","2821","Verse vis - direct - A","0","787","0","1","1"
"2928","2823","Verse vis - TGT - A","0","787","0","1","1"
"2929","2929","Verse vis - direct - B","0","787","0","1","1"
"2930","2929","Verse vis - direct - B","0","787","0","1","1"
"2931","2931","Verse vis - TGT - B","0","787","0","1","1"
"2932","2931","Verse vis - TGT - B","0","787","0","1","1"
"2933","2825","Verse vis - TGT - C","0","787","0","1","1"
"2934","2934","Verse vis - TGT - D","0","787","0","1","1"
"2935","2934","Verse vis - TGT - D","0","787","0","1","1"
"2936","2827","Verse vis - direct - E","0","787","0","1","1"
"2937","2937","Verse vis tonijn - TGT - H","0","787","0","1","1"
"2938","2937","Verse vis tonijn - TGT - H","0","787","0","1","1"
"2939","2831","Garnaal - direct - A","0","787","0","1","1"
"2940","2833","Garnaal - TGT - A","0","787","0","1","1"
"2941","2941","Garnaal - direct - B","0","787","0","1","1"
"2942","2941","Garnaal - direct - B","0","787","0","1","1"
"2943","2943","Garnaal - TGT - B","0","787","0","1","1"
"2944","2943","Garnaal - TGT - B","0","787","0","1","1"
"2945","2835","Garnaal - TGT - C","0","787","0","1","1"
"2946","2946","Garnaal - TGT - D","0","787","0","1","1"
"2947","2946","Garnaal - TGT - D","0","787","0","1","1"
"2948","2838","Garnaal - direct - E","0","787","0","1","1"
"2949","2840","Garnaal (ASC) - direct - G","0","787","0","1","1"
"2950","2842","Garnaal - direct - I","0","787","0","1","1"
"2951","2951","Verse bapao/pita - direct - A","0","819","0","1","1"
"2952","2951","Verse bapao/pita - direct - A","0","819","0","1","1"
"2953","2953","Verse bapao/pita - THT - A","0","819","0","1","1"
"2954","2953","Verse bapao/pita - THT - A","0","819","0","1","1"
"2955","2955","Verse bapao/pita - THT - B","0","819","0","1","1"
"2956","2955","Verse bapao/pita - THT - B","0","819","0","1","1"
"2957","2957","Verse bapao/pita - THT - C","0","819","0","1","1"
"2958","2957","Verse bapao/pita - THT - C","0","819","0","1","1"
"2959","2959","Verse bapao/pita - THT - D","0","819","0","1","1"
"2960","2959","Verse bapao/pita - THT - D","0","819","0","1","1"
"2961","2961","Verse bapao/pita - THT - E","0","819","0","1","1"
"2962","2961","Verse bapao - THT - E","0","819","0","1","1"
"2963","2961","Verse bapao - THT - E","0","819","0","1","1"
"2964","2964","Verse pita - THT - E + F","0","819","0","1","1"
"2965","2964","Verse pita - THT - E + F","0","819","0","1","1"
"2966","2966","Verse bapao/pita - direct - G","0","819","0","1","1"
"2967","2966","Verse bapao/pita - direct - G","0","819","0","1","1"
"2968","2968","Diepvries bapao - direct - A","0","819","0","1","1"
"2969","2968","Diepvries bapao - direct - A + C","0","819","0","1","1"
"2970","2970","Diepvries bapao - direct - D","0","819","0","1","1"
"2971","2970","Diepvries bapao - direct - D","0","819","0","1","1"
"2972","2972","Diepvries bapao - direct - E","0","819","0","1","1"
"2973","2972","Diepvries bapao - direct - E","0","819","0","1","1"
"2974","2974","Diepvries Gao Bao - direct - A + C","0","819","0","1","1"
"2975","2974","Diepvries Gao Bao - direct - A + C","0","819","0","1","1"
"2976","2976","Diepvries Gao Bao - direct - D","0","819","0","1","1"
"2977","2976","Diepvries Gao Bao - direct - D","0","819","0","1","1"
"2978","2978","Diepvries Gao Bao - direct - E","0","819","0","1","1"
"2979","2978","Diepvries Gao Bao - direct - E","0","819","0","1","1"
"2980","2980","Vers Gao Bao - direct - A","0","819","0","1","1"
"2981","2980","Vers Gao Bao - direct - A","0","819","0","1","1"
"2982","2982","Vers Gao Bao - THT - A + C","0","819","0","1","1"
"2983","2982","Vers Gao Bao - THT - A + C","0","819","0","1","1"
"2984","2984","Vers Gao Bao - THT - D","0","819","0","1","1"
"2985","2984","Vers Gao Bao - THT - D","0","819","0","1","1"
"2986","2986","Vers Gao Bao - THT - E","0","819","0","1","1"
"2987","2986","Vers Gao Bao - THT - E","0","819","0","1","1"
"2988","2988","Vers Gao Bao - direct - G + H","0","819","0","1","1"
"2989","2988","Vers Gao Bao - direct - G + H","0","819","0","1","1"
"2990","2990","Vers Gao Bao, Lantmannen - direct - A","0","819","0","1","1"
"2991","2990","Vers Gao Bao, Lantmannen - direct - A","0","819","0","1","1"
"2992","2992","Vers Gao Bao, Lantmannen - THT - A + C","0","819","0","1","1"
"2993","2992","Vers Gao Bao, Lantmannen - THT - A + C","0","819","0","1","1"
"2994","2994","Vers Gao Bao, Lantmannen - THT - E","0","819","0","1","1"
"2995","2994","Vers Gao Bao, Lantmannen - THT - E","0","819","0","1","1"
"2996","2996","Vers Gao Bao, Lantmannen - direct - G","0","819","0","1","1"
"2997","2996","Vers Gao Bao, Lantmannen - direct - G","0","819","0","1","1"
"2998","2998","Vers Gao Bao, Lantmannen - direct - D","0","819","0","1","1"
"2999","2998","Vers Gao Bao, Lantmannen - direct - D","0","819","0","1","1"
"3000","2980","Vers Gao Bao, Lantmannen - direct - A","0","819","0","1","1"
"3001","2982","Vers Gao Bao, Lantmannen - THT - A + C","0","819","0","1","1"
"3002","2984","Vers Gao Bao, Lantmannen - THT - D","0","819","0","1","1"
"3003","2986","Vers Gao Bao, Lantmannen - THT - E","0","819","0","1","1"
"3004","2988","Vers Gao Bao, Lantmannen - direct - G + H","0","819","0","1","1"
"3005","2990","Vers Gao Bao, HelloFresh - direct - A","0","819","0","1","1"
"3006","2992","Vers Gao Bao, HelloFresh - THT - A + C","0","819","0","1","1"
"3007","2994","Vers Gao Bao, HelloFresh - THT - E","0","819","0","1","1"
"3008","2998","Vers Gao Bao, HelloFresh - direct - D","0","819","0","1","1"
"3009","2996","Vers Gao Bao, HelloFresh - direct - G","0","819","0","1","1"
"3010","3010","Vlam - direct - A","0","819","0","1","1"
"3011","3010","Vlam - direct - A","0","819","0","1","1"
"3012","3012","Vlam - direct - C","0","819","0","1","1"
"3013","3012","Vlam - direct - C","0","819","0","1","1"
"3014","3014","Vlam - direct - D","0","819","0","1","1"
"3015","3014","Vlam - direct - D","0","819","0","1","1"
"3016","3016","Vlam - direct - E","0","819","0","1","1"
"3017","3016","Vlam - direct - E","0","819","0","1","1"
"3018","3018","Brado - direct - A","0","843","0","1","1"
"3019","3018","Brado - direct - A","0","843","0","1","1"
"3020","3020","Brado - THT - A","0","843","0","1","1"
"3021","3020","Brado - THT - A","0","843","0","1","1"
"3022","3022","Brado - direct - B","0","843","0","1","1"
"3023","3022","Brado - direct - B","0","843","0","1","1"
"3024","3024","Brado - THT - B","0","843","0","1","1"
"3025","3024","Brado - THT - B","0","843","0","1","1"
"3026","3026","Brado - THT - C","0","843","0","1","1"
"3027","3026","Brado - THT - C","0","843","0","1","1"
"3028","3028","Brado - direct - E","0","843","0","1","1"
"3029","3028","Brado - direct - E","0","843","0","1","1"
"3030","3030","Brado - direct - F","0","843","0","1","1"
"3031","3030","Brado - direct - F","0","843","0","1","1"
"3032","3032","Brado - direct - G","0","843","0","1","1"
"3033","3032","Brado - direct - G","0","843","0","1","1"
"3034","3034","Brado - THT - D","0","843","0","1","1"
"3035","3034","Brado - THT - D","0","843","0","1","1"
"3036","3036","Makreelfilet - direct - A","0","843","0","1","1"
"3037","3036","Makreelfilet - direct - A","0","843","0","1","1"
"3038","3038","Makreelfilet - THT - A","0","843","0","1","1"
"3039","3038","Makreelfilet - THT - A","0","843","0","1","1"
"3040","3040","Makreelfilet - direct - B","0","843","0","1","1"
"3041","3040","Makreelfilet - direct - B","0","843","0","1","1"
"3042","3042","Makreelfilet - THT - B","0","843","0","1","1"
"3043","3042","Makreelfilet - THT - B","0","843","0","1","1"
"3044","3044","Makreelfilet - THT - C","0","843","0","1","1"
"3045","3044","Makreelfilet - THT - C","0","843","0","1","1"
"3046","3046","Makreelfilet - THT - D","0","843","0","1","1"
"3047","3046","Makreelfilet - THT - D","0","843","0","1","1"
"3048","3048","Makreelfilet - direct - E","0","843","0","1","1"
"3049","3048","Makreelfilet - direct - E","0","843","0","1","1"
"3050","3050","Makreelfilet - direct - F","0","0","0","1","1"
"3051","3050","Makreelfilet - direct - F","0","0","0","1","1"
"3052","3050","Makreelfilet - direct - F","0","843","0","1","1"
"3053","3053","Makreelfilet - direct - G","0","843","0","1","1"
"3054","3053","Makreelfilet - direct - G","0","843","0","1","1"
"3055","3055","Makreel flakes - direct - A","0","843","0","1","1"
"3056","3055","Makreel flakes - direct - A","0","843","0","1","1"
"3057","3057","Makreel flakes - direct - B","0","843","0","1","1"
"3058","3057","Makreel flakes - direct - B","0","843","0","1","1"
"3059","3059","Makreel flakes - THT - A","0","843","0","1","1"
"3060","3059","Makreel flakes - THT - A","0","843","0","1","1"
"3061","3061","Makreel flakes - THT - B","0","843","0","1","1"
"3062","3061","Makreel flakes - THT - B","0","843","0","1","1"
"3063","3063","Makreel flakes - THT - C","0","843","0","1","1"
"3064","3063","Makreel flakes - THT - C","0","843","0","1","1"
"3065","3065","Makreel flakes - THT - D","0","843","0","1","1"
"3066","3065","Makreel flakes - THT - D","0","843","0","1","1"
"3067","3067","Makreel flakes - THT - E","0","843","0","1","1"
"3068","3067","Makreel flakes - THT - E","0","843","0","1","1"
"3069","3069","Makreel flakes - THT - F","0","843","0","1","1"
"3070","3069","Makreel flakes - THT - F","0","843","0","1","1"
"3071","3071","Makreel flakes - THT - G","0","843","0","1","1"
"3072","3071","Makreel flakes - THT - G","0","843","0","1","1"
"3073","3059","Makreel flakes - THT - A","0","843","0","1","1"
"3074","3074","Makreelfilet graadloos - direct - A","0","843","0","1","1"
"3075","3074","Makreelfilet graadloos - direct - A","0","843","0","1","1"
"3076","3076","Makreelfilet graadloos - THT - A","0","843","0","1","1"
"3077","3076","Makreelfilet graadloos - THT - A","0","843","0","1","1"
"3078","3078","Makreelfilet graadloos - direct - B","0","843","0","1","1"
"3079","3078","Makreelfilet graadloos - direct - B","0","843","0","1","1"
"3080","3080","Makreelfilet graadloos - THT - B","0","843","0","1","1"
"3081","3080","Makreelfilet graadloos - THT - B","0","843","0","1","1"
"3082","201","MAZ S","0","173","1","1","1"
"3083","276","MAZ L 10","0","173","0","1","1"
"3084","51","MAZ 1","0","173","0","1","1"
"3085","53","MAZ 1 S","0","173","0","1","1"
"3086","203","MAZ 2","0","173","0","1","1"
"3087","557","MAZ 4","0","173","0","1","1"
"3088","187","MAZ 6","0","173","0","1","1"
"3089","215","MAZ 7","0","173","0","1","1"
"3090","219","MAZ 10","0","173","0","1","1"
"3091","223","MAZ 12","0","173","0","1","1"
"3092","581","MAZ 14","0","173","0","1","1"
"3093","536","MAZ 15","0","173","0","1","1"
"3094","3094","MAZ 20","0","173","0","1","1"
"3095","3094","MAZ 20","0","173","1","1","1"
"3096","1149","MAZ 21","0","173","1","1","1"
"3097","1151","MAZ 23","0","173","0","1","1"
"3098","940","CFO org Mercadonna","0","184","0","0","1"
"3099","1352","Groenten en fruit - direct","0","874","1","1","1"
"3100","1368","Groenten en fruit - THT","0","874","1","1","1"
"3101","1370","Gecombineerde producten - direct","0","874","1","1","1"
"3102","1372","Gecombineerde producten - THT","0","874","1","1","1"
"3103","3103","Pesticiden + zware metalen","0","963","0","1","1"
"3104","3103","Pesticiden + zware metalen","0","963","0","1","1"
"3105","3105","Grondstof","0","963","0","1","1"
"3106","3105","3/4 - GMO analyse","0","963","0","1","1"
"3107","3103","1/2 - Pesticiden + zware metalen","0","963","0","1","1"
"3108","3105","3/4 - GMO analyse","0","963","0","1","1"
"3109","3103","Pesticiden + zware metalen","0","963","1","1","1"
"3110","3105","GMO analyse","0","963","1","1","1"
"3111","3111","1. Grondstof","0","963","0","1","1"
"3112","3111","1. Grondstof","0","963","0","1","1"
"3113","3113","2. Eindproduct","0","963","0","1","1"
"3114","3113","2. Eindproduct","0","963","0","1","1"
"3115","3115","3+4. Eindproduct 2073/2005","0","963","0","1","1"
"3116","3115","3+4. Eindproduct 2073/2005","0","963","1","1","1"
"3117","3117","5. Swab","0","963","0","1","1"
"3118","3117","5. Swab","0","963","1","1","1"
"3119","3119","5. Rodac agar afdruk","0","963","0","1","1"
"3120","3119","5. Rodac agar afdruk","0","963","1","1","1"
"3121","3121","6+7. Water","0","963","0","1","1"
"3122","3121","6+7. Water","0","963","0","1","1"
"3123","2988","Vers Gao Bao, Lantmannen - direct - G + H","0","819","0","1","1"
"3124","3124","Yoghurt & Fruit - direct","0","874","0","1","1"
"3125","3124","Yoghurt & Fruit - direct","0","874","1","1","1"
"3126","3126","Yoghurt & Fruit - THT","0","874","0","1","1"
"3127","3126","Yoghurt & Fruit - THT","0","874","1","1","1"
"3128","3128","Granaatappel","0","874","0","1","1"
"3129","3128","Granaatappel","0","874","1","1","1"
"3130","1240","Monstername VVA GR 4 grondstof rundvlees","0","953","0","1","1"
"3131","532","Pakket 25","0","189","0","0","1"
"3132","548","Pakket 24","0","189","0","0","1"
"3133","353","Pakket 15","0","189","0","0","1"
"3134","702","Pakket 14","0","189","0","0","1"
"3135","352","Pakket 13","0","189","0","0","1"
"3136","111","Groenten","0","115","0","0","1"
"3137","1055","Invriesbemonstering 80/20","0","426","0","0","1"
"3138","848","Fruit","0","115","0","0","1"
"3139","49","CFO maand","0","191","0","0","1"
"3140","1523","CFO Bacon","0","191","0","0","1"
"3141","50","CFO kwartaal","0","191","0","0","1"
"3142","758","Rauwe melk","0","637","1","0","1"
"3143","3143","Mars grondstoffen kwartaal onderzoek 1","0","953","0","1","1"
"3144","3143","Mars grondstoffen kwartaal onderzoek 1","0","953","0","1","1"
"3145","3145","VVA grondstoffen kwartaal onderzoek","0","953","0","1","1"
"3146","3145","VVA grondstoffen kwartaal onderzoek","0","953","1","1","1"
"3147","173","Kaas","0","343","0","0","1"
"3148","175","Micro pakket","0","384","0","1","1"
"3149","2742","THT onderzoek","0","384","0","1","1"
"3150","3150","Ongekoelde presentatie","0","968","0","0","1"
"3151","3150","Ongekoelde presentatie","0","968","1","0","1"
"3152","3152","Pakket 52","0","189","0","0","1"
"3153","3152","Pakket 52","0","189","0","0","1"
"3154","3154","Compost/substraat/grond","0","867","0","0","1"
"3155","3154","Compost/substraat/grond","0","867","0","0","1"
"3156","223","MAZ 12","0","173","0","1","1"
"3157","130","Classic micro - Vruchtensap","0","68","0","0","1"
"3158","3158","Classic micro - (spoel)water","0","68","0","0","1"
"3159","3158","Classic micro - (spoel)water","0","68","0","0","1"
"3160","1250","Wateronderzoek tappunten","0","953","1","1","1"
"3161","84","Proceswater","0","168","0","0","1"
"3162","2800","Proceswater","0","792","1","0","1"
"3163","3163","Pakket A","0","1025","0","0","1"
"3164","3163","Pakket A","0","1025","0","0","1"
"3165","3165","Pakket B","0","1025","0","0","1"
"3166","3165","Pakket B","0","1025","0","0","1"
"3167","85","Kaas","0","364","0","0","1"
"3168","258","Kaas","0","347","0","0","1"
"3169","203","MAZ 2","0","173","0","1","1"
"3170","3170","Oppervlaktewater","0","704","0","0","1"
"3171","3170","Oppervlaktewater","0","704","0","0","1"
"3172","3170","Oppervlaktewater - waterschap","0","704","1","0","1"
"3173","142","Kaas","0","352","0","0","1"
"3174","3174","Substraat - 743","0","867","0","1","1"
"3175","3174","Substraat - 743","0","867","0","1","1"
"3176","3176","Water - 743","0","867","0","1","1"
"3177","3176","Water - 743","0","867","0","1","1"
"3178","3174","Substraat - 743","0","867","0","1","1"
"3179","3179","Plantmateriaal - 743","0","867","0","1","1"
"3180","3179","Plantmateriaal - 743","0","867","0","1","1"
"3181","3181","Oppervlaktewater","0","867","0","1","1"
"3182","3181","Oppervlaktewater","0","867","1","1","1"
"3183","3176","Water - 743 + L. mono","0","867","0","1","1"
"3184","3179","Plantmateriaal - 743 + L. mono","0","867","0","1","1"
"3185","3174","Substraat - 743 + L. mono","0","867","0","1","1"
"3186","3186","Water - 743","0","867","0","1","1"
"3187","3186","Water - 743","0","867","0","1","1"
"3188","3188","Plantmateriaal - 743","0","867","0","1","1"
"3189","3188","Plantmateriaal - 743","0","867","0","1","1"
"3190","3190","Substraat - 743","0","867","0","1","1"
"3191","3190","Substraat - 743","0","867","0","1","1"
"3192","3158","Classic micro - (spoel)water","0","68","0","0","1"
"3193","3193","Classic micro laminar flow - Vruchtensap","0","68","0","0","1"
"3194","3193","Classic micro laminar flow - Vruchtensap","0","68","0","0","1"
"3195","3195","Kruidenboter - THT","0","154","0","0","1"
"3196","3195","Kruidenboter - THT","0","154","0","0","1"
"3197","3188","Plantmateriaal / AGF - 743","0","867","0","1","1"
"3198","3179","Plantmateriaal / AGF - 743 + L. mono","0","867","0","1","1"
"3199","3186","Water - 743","0","867","0","1","1"
"3200","3176","Water - 743 + L. mono","0","867","0","1","1"
"3201","894","Snippers vers","0","426","0","0","1"
"3202","8","Ingangscontrole","0","426","0","1","1"
"3203","1055","Invriesbemonstering 80/20","0","426","0","0","1"
"3204","3204","Cater Food","0","426","0","1","1"
"3205","3204","Cater Food","0","426","0","1","1"
"3206","3204","Cater Food","0","426","0","1","1"
"3207","3204","Cater Food","0","426","0","1","1"
"3208","3204","Cater Food","0","426","0","1","1"
"3209","3163","Pakket A","0","1025","0","0","1"
"3210","3165","Pakket B","0","1025","0","0","1"
"3211","195","Pathogenenpanel","0","122","0","1","1"
"3212","192","Groenten/Rauwkost","0","122","0","1","1"
"3213","194","THT Groenten/Rauwkost","0","122","0","1","1"
"3214","397","Stamppotten","0","122","0","1","1"
"3215","399","THT stamppotten","0","122","0","1","1"
"3216","191","Verhitte producten","0","122","0","1","1"
"3217","193","THT Verhitte producten","0","122","0","1","1"
"3218","1052","Rodac - PCA","0","122","0","1","1"
"3219","1052","Rodac - PCA","0","122","1","0","1"
"3220","3220","A - Ingangscontrole gepeld","0","374","0","1","1"
"3221","3220","A - Ingangscontrole gepeld","0","374","0","1","1"
"3222","3222","B - Ingangscontrole uitgebreid","0","374","0","1","1"
"3223","3222","B - Ingangscontrole uitgebreid","0","374","0","1","1"
"3224","3224","C - Einde THT uitgebreid","0","374","0","1","1"
"3225","3224","C - Einde THT uitgebreid","0","374","0","1","1"
"3226","3226","D - Chemisch gepeld","0","374","0","1","1"
"3227","3226","D - Chemisch gepeld","0","374","0","1","1"
"3228","3228","E - Ingangscontrole ongepeld na conservering","0","374","0","1","1"
"3229","3228","E - Ingangscontrole ongepeld na conservering","0","374","0","1","1"
"3230","3230","F - Benzoëzuur van afslag","0","374","0","1","1"
"3231","3230","F - Benzoëzuur van afslag","0","374","0","1","1"
"3232","3232","G - Chemisch ongepeld","0","374","0","1","1"
"3233","3232","G - Chemisch ongepeld","0","374","0","1","1"
"3234","3234","103 - direct","0","179","0","1","1"
"3235","3234","103 - direct","0","179","1","1","1"
"3236","3236","103 - THT","0","179","0","1","1"
"3237","3236","103 - THT","0","179","0","1","1"
"3238","3238","104 - direct","0","179","0","1","1"
"3239","3238","104 - direct","0","179","1","1","1"
"3240","3240","104 - THT","0","179","0","1","1"
"3241","3240","104 - THT","0","179","0","1","1"
"3242","3242","201 - direct","0","179","0","1","1"
"3243","3242","201 - direct","0","179","1","1","1"
"3244","3244","201 - THT","0","179","0","1","1"
"3245","3244","201 - THT","0","179","0","1","1"
"3246","3246","202 - direct","0","179","0","1","1"
"3247","3246","202 - direct","0","179","1","1","1"
"3248","3248","202 - THT","0","179","0","1","1"
"3249","3248","202 - THT","0","179","0","1","1"
"3250","3250","301 - direct","0","179","0","1","1"
"3251","3250","301 - direct","0","179","1","1","1"
"3252","3252","301 - THT","0","179","0","1","1"
"3253","3252","301 - THT","0","179","0","1","1"
"3254","3254","302 - direct","0","179","0","1","1"
"3255","3254","302 - direct","0","179","1","1","1"
"3256","3256","302 - THT","0","179","0","1","1"
"3257","3256","302 - THT","0","179","0","1","1"
"3258","3258","401 - direct","0","179","0","1","1"
"3259","3258","401 - direct","0","179","1","1","1"
"3260","3260","401 - THT","0","179","0","1","1"
"3261","3260","401 - THT","0","179","0","1","1"
"3262","62","Kaas","0","403","1","0","1"
"3263","487","Melk  +","0","344","0","0","1"
"3264","3264","Mariene biotoxinen (ASP/PSP/DSP/TTX)","1","0","0","0","1"
"3265","3264","Mariene biotoxinen (ASP/PSP/DSP/TTX)","1","0","0","0","1"
"3266","3264","Mariene biotoxinen (ASP/PSP/DSP/TTX)","1","0","1","0","1"
"3267","3267","Salmonella cluster 5x","0","1040","0","1","1"
"3268","3267","Salmonella cluster 5x","0","1040","1","1","1"
"3269","3269","Pakket micro","0","1040","0","1","1"
"3270","3269","Pakket micro","0","1040","1","1","1"
"3271","3271","Pakket microbiologie","0","1041","0","1","1"
"3272","3271","Pakket microbiologie","0","1041","1","1","1"
"3273","3273","Listeria modellering","0","953","0","1","1"
"3274","3273","Listeria modellering","0","953","1","1","1"
"3275","3275","Listeria modellering","0","955","0","1","1"
"3276","3275","Listeria modellering","0","955","0","1","1"
"3277","3277","Vla en chocomelk (zonder Bacillus cereus)","0","1045","0","1","1"
"3278","3277","Vla (excl. Bacillus cereus)","0","1045","0","1","1"
"3279","3279","Vla (incl. Bacillus cereus","0","1045","0","1","1"
"3280","3279","Vla (incl. Bacillus cereus)","0","1045","0","1","1"
"3281","3281","Chocomelk (excl. Bacillus cereus)","0","1045","0","1","1"
"3282","3281","Chocomelk (excl. Bacillus cereus)","0","1045","0","1","1"
"3283","3283","Chocomelk (incl. Bacillus cereus)","0","1045","0","1","1"
"3284","3283","Chocomelk (incl. Bacillus cereus)","0","1045","0","1","1"
"3285","3285","Kefir","0","1045","0","1","1"
"3286","3285","Kefir","0","1045","0","1","1"
"3287","3287","Yoghurt (excl. pH)","0","1045","0","1","1"
"3288","3287","Yoghurt (excl. pH)","0","1045","0","1","1"
"3289","3289","Yoghurt (incl. pH)","0","1045","0","1","1"
"3290","3289","Yoghurt (incl. pH)","0","1045","0","1","1"
"3291","3291","Pakket 53","0","189","0","0","1"
"3292","3291","Pakket 53","0","189","1","0","1"
"3293","343","Pakket 4","0","189","0","0","1"
"3294","3294","Pakket A - direct","0","978","0","1","1"
"3295","3294","Pakket A - direct","0","978","0","1","1"
"3296","3296","Pakket A - THT","0","978","0","1","1"
"3297","3296","Pakket A - THT","0","978","0","1","1"
"3298","3298","Pakket B","0","978","0","1","1"
"3299","3298","Pakket B","0","978","1","1","1"
"3300","3300","Pakket C - direct","0","978","0","1","1"
"3301","3300","Pakket C - direct","0","978","0","1","1"
"3302","3302","Pakket C - THT","0","978","0","1","1"
"3303","3302","Pakket C - THT","0","978","0","1","1"
"3304","1554","Pakket D","0","978","0","1","1"
"3305","1550","Pakket E","0","978","0","1","1"
"3306","1556","Pakket F","0","978","0","1","1"
"3307","1577","Pakket G","0","978","0","1","1"
"3308","1566","Swab - Listeria monocytogenes","0","978","1","1","1"
"3309","3302","Pakket C - THT","0","978","0","1","1"
"3310","3300","Pakket D","0","978","1","1","1"
"3311","1550","Pakket G","0","978","0","1","1"
"3312","3302","Pakket C","0","978","0","1","1"
"3313","1554","Pakket E","0","978","0","1","1"
"3314","1577","Pakket J","0","978","0","1","1"
"3315","1556","Pakket H","0","978","0","1","1"
"3316","3316","Pakket F","0","978","0","1","1"
"3317","3316","Pakket F","0","978","0","1","1"
"3318","3318","Pakket I","0","978","0","1","1"
"3319","3318","Pakket I","0","978","0","1","1"
"3320","3320","CFO org Palm","0","184","0","1","1"
"3321","3320","CFO org Palm","0","184","0","1","1"
"3322","3322","CFO org Mercadonna","0","184","0","1","1"
"3323","3322","CFO org Mercadonna","0","184","0","1","1"
"3324","3324","CFO org. HC252","0","184","0","1","1"
"3325","3324","CFO org. HC252","0","184","0","1","1"
"3326","3326","CFO org Palm Onion Crunch","0","184","0","1","1"
"3327","3326","CFO org Palm Onion Crunch","0","184","0","1","1"
"3328","3328","CFO smaakjes (Chili/Curry/Bacon/Garlic/Pepper)","0","184","0","1","1"
"3329","3328","CFO smaakjes (Chili/Curry/Bacon/Garlic/Pepper)","0","184","0","1","1"
"3330","3330","FFO org, FFO BIO GF","0","184","0","1","1"
"3331","3330","FFO org, FFO BIO GF","0","184","0","1","1"
"3332","3332","FFO smaakjes (paprika/garlic-pepper)","0","184","0","1","1"
"3333","3332","FFO smaakjes (paprika/garlic-pepper)","0","184","0","1","1"
"3334","3334","CFO org Palm","0","191","0","1","1"
"3335","3334","CFO org Palm","0","191","0","1","1"
"3336","3336","CFO org HC252","0","191","0","1","1"
"3337","3336","CFO org HC252","0","191","0","1","1"
"3338","3338","CFO org Palm Subway","0","191","0","1","1"
"3339","3338","CFO org Palm Subway","0","191","0","1","1"
"3340","3340","CFO BIO/GF Buckwheat/GF Buckwheat Rice/Light/Fortified","0","191","0","1","1"
"3341","3340","CFO BIO/GF Buckwheat/GF Buckwheat Rice/Light/Fortified","0","191","0","1","1"
"3342","3342","CFO org Palm/Sunflower","0","191","0","1","1"
"3343","3342","CFO org Palm/Sunflower","0","191","0","1","1"
"3344","3344","CFO org Palm Burger King","0","191","0","1","1"
"3345","3344","CFO org Palm Burger King","0","191","0","1","1"
"3346","3346","CFO Bacon","0","191","0","1","1"
"3347","3346","CFO Bacon","0","191","0","1","1"
"3348","3348","CFO smaakjes (Chili/Curry/Garlic-Pepper)","0","191","0","1","1"
"3349","3348","CFO smaakjes (Chili/Curry/Garlic-Pepper)","0","191","0","1","1"
"3350","3350","CFO org","0","1048","0","1","1"
"3351","3350","CFO org","0","1048","0","1","1"
"3352","162","Water","0","124","0","0","1"
"3353","210","Rauwe vis","0","368","0","0","1"
"3354","210","Rauwe vis","0","368","0","0","1"
"3355","3355","THT Rauwe vis","0","368","0","1","1"
"3356","3355","THT Rauwe vis","0","368","0","1","1"
"3357","210","Rauwe vis","0","368","0","0","1"
"3358","3355","THT Rauwe vis","0","368","0","1","1"
"3359","3355","THT Rauwe vis","0","368","0","1","1"
"3360","210","Rauwe vis","0","368","0","0","1"
"3361","3355","THT Rauwe vis","0","368","0","1","1"
"3362","235","Rauwe vis","0","377","0","0","1"
"3363","235","Rauwe vis","0","377","0","0","1"
"3364","210","Rauwe vis","0","368","0","0","1"
"3365","3355","THT Rauwe vis","0","368","0","1","1"
"3366","211","Water","0","368","1","0","1"
"3367","210","Rauwe vis","0","368","1","0","1"
"3368","3355","THT Rauwe vis","0","368","0","1","1"
"3369","3369","Soep - direct","0","368","0","0","1"
"3370","3369","Soep - direct","0","368","1","0","1"
"3371","3371","Soep - THT","0","368","0","0","1"
"3372","3371","Soep - THT","0","368","1","0","1"
"3373","3373","Pakket 1 (vis)","0","995","0","1","1"
"3374","3373","Pakket 1 (vis)","0","995","1","1","1"
"3375","3375","Pakket 2 (vis)","0","995","0","1","1"
"3376","3375","Pakket 2 (vis)","0","995","1","1","1"
"3377","3377","Pakket 3 (vis)","0","995","0","1","1"
"3378","3377","Pakket 3 (vis)","0","995","0","1","1"
"3379","3379","Pakket 5 (vis)","0","995","0","1","1"
"3380","3379","Pakket 5 - (vis)","0","995","0","1","1"
"3381","3381","Pakket 6 (swabs)","0","995","0","1","1"
"3382","3381","Pakket 6 (swabs)","0","995","1","1","1"
"3383","3383","Pakket 8 (water)","0","995","0","1","1"
"3384","3383","Pakket 8 (overig water)","0","995","0","1","1"
"3385","3385","Pakket 9 (drinkwater)","0","995","0","1","1"
"3386","3385","Pakket 9 (drinkwater)","0","995","1","1","1"
"3387","3383","Pakket 8.a (overig water)","0","995","1","1","1"
"3388","3388","Pakket 8.b (Legionella)","0","995","0","1","1"
"3389","3388","Pakket 8.b (Legionella)","0","995","1","1","1"
"3390","3390","Pakket 7 (swabs)","0","995","0","1","1"
"3391","3390","Pakket 7 (swabs)","0","995","1","1","1"
"3392","3377","Pakket 3 (vis)","0","995","0","1","1"
"3393","3393","Antibacteriële activiteit (5 platen test) (E) Nutricontrol","1","0","0","0","1"
"3394","3393","Antibacteriële activiteit (5 platen test) (E) Nutricontrol","1","0","1","0","1"
"3395","3379","Pakket 5 - (vis)","0","995","0","1","1"
"3396","3377","Pakket 3 (vis)","0","995","1","1","1"
"3397","3379","Pakket 5 (vis)","0","995","1","1","1"
"3398","3398","Pakket 54","0","189","0","0","1"
"3399","3398","Pakket 54","0","189","0","0","1"
"3400","3400","Pakket 55","0","189","0","0","1"
"3401","3400","Pakket 55","0","189","0","0","1"
"3402","1550","Pakket H","0","978","0","1","1"
"3403","3403","Pakket G","0","978","0","1","1"
"3404","3403","Pakket G","0","978","0","1","1"
"3405","3405","Pakket I","0","978","0","1","1"
"3406","3405","Pakket I","0","978","0","1","1"
"3407","3318","Pakket K","0","978","0","1","1"
"3408","1556","Pakket J","0","978","0","1","1"
"3409","1577","Pakket N","0","978","0","1","1"
"3410","3410","Pakket O","0","978","0","1","1"
"3411","3410","Pakket O","0","978","0","1","1"
"3412","3412","Pakket L","0","978","0","1","1"
"3413","3413","Pakket A + ui - direct","0","978","0","1","1"
"3414","3413","Pakket A + ui - direct","0","978","0","1","1"
"3415","3415","Pakket A + ui - THT","0","978","0","1","1"
"3416","3415","Pakket A + ui - THT","0","978","0","1","1"
"3417","1577","Pakket M","0","978","0","1","1"
"3418","3410","Pakket N","0","978","0","1","1"
"3419","3419","Pakket L","0","978","0","1","1"
"3420","3419","Pakket L","0","978","0","1","1"
"3421","142","Kaas","0","352","0","0","1"
"3422","3222","B - Ingangscontrole uitgebreid","0","374","0","1","1"
"3423","3226","D - Chemisch gepeld","0","374","0","1","1"
"3424","3228","E - Ingangscontrole ongepeld na conservering","0","374","0","1","1"
"3425","136","Heet/koud gerookte vis","0","378","0","0","1"
"3426","3426","Rodac - PCA - High care","0","798","0","0","1"
"3427","3426","Rodac - PCA - High care","0","798","0","0","1"
"3428","73","Direct - Gravad Lachs","0","380","0","1","1"
"3429","71","Direct - Gerookte zalm","0","380","0","1","1"
"3430","73","Direct - Gravad Lachs","0","380","0","1","1"
"3431","74","THT - Gravad Lachs (n=1)","0","380","1","1","1"
"3432","72","THT - Gerookte zalm (n=1)","0","380","1","1","1"
"3433","71","Direct - Gerookte zalm (n=1)","0","380","1","1","1"
"3434","73","Direct - Gravad Lachs (n=1)","0","380","1","1","1"
"3435","3435","Direct - Gerookte zalm (n=5)","0","380","0","1","1"
"3436","3435","Direct - Gerookte zalm / Gravad lachs (n=5)","0","380","1","1","1"
"3437","3437","Swab - Listeria monocytogenes","0","380","0","1","1"
"3438","3437","Swab - Listeria monocytogenes","0","380","1","1","1"
"3439","3439","THT - Gerookte zalm / Gravad lachs (n=5)","0","380","0","1","1"
"3440","3439","THT - Gerookte zalm / Gravad lachs (n=5)","0","380","1","1","1"
"3441","2911","Haring - direct - D","0","787","0","1","1"
"3442","3442","LH Haring - direct - A","0","787","0","1","1"
"3443","3442","LH Haring - direct - A","0","787","0","1","1"
"3444","3444","Haring - direct - B","0","787","0","1","1"
"3445","3444","Haring - direct - B","0","787","0","1","1"
"3446","3444","LH Haring - direct - B","0","787","0","1","1"
"3447","3447","LH Haring - direct - D","0","787","0","1","1"
"3448","3447","LH Haring - direct - D","0","787","0","1","1"
"3449","3449","LH Haring - TGT - A","0","787","0","1","1"
"3450","3449","LH Haring - TGT - A","0","787","0","1","1"
"3451","3451","LH Haring - TGT - B","0","787","0","1","1"
"3452","3451","LH Haring - TGT - B","0","787","0","1","1"
"3453","3453","LH Haring - TGT - C","0","787","0","1","1"
"3454","3453","LH Haring - TGT - C","0","787","0","1","1"
"3455","3455","LH Haring - direct - J","0","787","0","1","1"
"3456","3455","LH Haring - direct - J","0","787","0","1","1"
"3457","3457","Gebakken vis - direct - D","0","787","0","1","1"
"3458","3457","Gebakken vis - direct - D","0","787","0","1","1"
"3459","2819","Gebakken vis - direct - J","0","787","0","1","1"
"3460","3460","Gebakken vis - direct - L","0","787","0","1","1"
"3461","3460","Gebakken vis - direct - L","0","787","0","1","1"
"3462","2934","Verse vis - direct - D","0","787","0","1","1"
"3463","2946","Garnaal - direct - D","0","787","0","1","1"
"3464","3464","Scherfijs","0","787","0","1","1"
"3465","3464","Scherfijs - direct - B (n=1)","0","787","0","1","1"
"3466","3466","Ui- direct - A","0","787","0","1","1"
"3467","3466","Ui - direct - A","0","787","0","1","1"
"3468","3468","Ui- TGT - A","0","787","0","1","1"
"3469","3468","Ui - TGT - A+K","0","787","0","1","1"
"3470","3466","Ui - direct - A+K","0","787","0","1","1"
"3471","2959","Verse bapao/pita - direct - D","0","819","0","1","1"
"3472","2964","Verse pita - THT - F","0","819","0","1","1"
"3473","2968","Diepvries bapao - direct - A + C + D","0","819","0","1","1"
"3474","2974","Gua Bao recept 4 (DV) - direct - A + C + D","0","819","0","1","1"
"3475","2968","Diepvries bapao - direct - A + C","0","819","0","1","1"
"3476","3476","Diepvries bapao - direct - D","0","819","0","1","1"
"3477","3476","Diepvries bapao - direct - D","0","819","0","1","1"
"3478","2974","Gua Bao recept 4 (DV) - direct - A + C","0","819","0","1","1"
"3479","3479","Gua Bao recept 4 (DV) - direct - D","0","819","0","1","1"
"3480","3479","Gua Bao recept 4 (DV) - direct - D","0","819","0","1","1"
"3481","2980","Gua Bao recept 3 - direct - A","0","819","0","1","1"
"3482","3482","Gua Bao recept 3 - direct - D","0","819","0","1","1"
"3483","3482","Gua Bao recept 3 - direct - D","0","819","0","1","1"
"3484","2966","Gua Bao recept 3 - direct - G","0","819","0","1","1"
"3485","3485","Gua Bao recept 3 - THT - A","0","819","0","1","1"
"3486","3485","Gua Bao recept 3 - THT - A + C","0","819","0","1","1"
"3487","3487","Gua Bao recept 3 - THT - B","0","819","0","1","1"
"3488","3487","Gua Bao recept 3 - THT - B","0","819","0","1","1"
"3489","3489","Gua Bao recept 7 - direct - A","0","819","0","1","1"
"3490","3489","Gua Bao recept 7 - direct - A","0","819","0","1","1"
"3491","3491","Gua Bao recept 7 - THT - A+C","0","819","0","1","1"
"3492","3491","Gua Bao recept 7 - THT - A+C","0","819","0","1","1"
"3493","3485","Gua Bao recept 3 - THT - A + C","0","819","0","1","1"
"3494","3491","Gua Bao recept 7 - THT - A + C","0","819","0","1","1"
"3495","3495","Gua Bao recept 7 - THT - B","0","819","0","1","1"
"3496","3495","Gua Bao recept 7 - THT - B","0","819","0","1","1"
"3497","3497","Gua Bao recept 7 - THT - D","0","819","0","1","1"
"3498","3497","Gua Bao recept 7 - direct - D","0","819","0","1","1"
"3499","3499","Gua Bao recept 7 - direct - G + H","0","819","0","1","1"
"3500","3499","Gua Bao recept 7 - direct - G + H","0","819","0","1","1"
"3501","2961","Verse bapao/pita - direct - G","0","819","0","1","1"
"3502","3032","Brado - direct - G","0","843","0","1","1"
"3503","3028","Brado - direct - E","0","843","0","1","1"
"3504","3504","Brado - direct - D","0","843","0","1","1"
"3505","3504","Brado - direct - D","0","843","0","1","1"
"3506","3026","Brado - THT - C","0","843","0","1","1"
"3507","3046","Makreelfilet - direct - D","0","843","0","1","1"
"3508","3048","Makreelfilet - direct - E","0","843","0","1","1"
"3509","3053","Makreelfilet - direct - G","0","843","0","1","1"
"3510","3044","Makreelfilet - THT - C","0","843","0","1","1"
"3511","3065","Makreel flakes - direct - D","0","843","0","1","1"
"3512","3063","Makreel flakes - THT - C","0","843","0","1","1"
"3513","3067","Makreel flakes - THT - E","0","843","0","1","1"
"3514","3071","Makreel flakes - THT - G","0","843","0","1","1"
"3515","3515","Makreelfilet graadloos - THT - C","0","843","0","1","1"
"3516","3515","Makreelfilet graatloos - THT - C","0","843","0","1","1"
"3517","3517","Makreelfilet graadloos - direct - D","0","843","0","1","1"
"3518","3517","Makreelfilet graadloos - direct - D","0","843","0","1","1"
"3519","3519","Makreelfilet graadloos - direct - E","0","843","0","1","1"
"3520","3519","Makreelfilet graatloos - direct - E","0","843","0","1","1"
"3521","3521","Makreelfilet graatloos - direct - F","0","843","0","1","1"
"3522","3521","Makreelfilet graatloos - direct - F","0","843","0","1","1"
"3523","3523","Makreelfilet graatloos - direct - G","0","843","0","1","1"
"3524","3523","Makreelfilet graatloos - direct - G","0","843","0","1","1"
"3525","3074","Makreelfilet graatloos - direct - A","0","843","0","1","1"
"3526","3076","Makreelfilet graatloos - THT - A","0","843","0","1","1"
"3527","3078","Makreelfilet graatloos - direct - B","0","843","0","1","1"
"3528","3080","Makreelfilet graatloos - THT - B","0","843","0","1","1"
"3529","3517","Makreelfilet graatloos - direct - D","0","843","0","1","1"
"3530","2808","Haring - direct - E","0","787","0","1","1"
"3531","2817","Gebakken vis - direct - E + F","0","787","0","1","1"
"3532","2827","Verse vis - direct - E","0","787","0","1","1"
"3533","2838","Garnaal - direct - E","0","787","0","1","1"
"3534","3076","Makreelfilet graatloos - THT - A","0","843","0","1","1"
"3535","3464","Scherfijs","0","787","0","1","1"
"3536","953","THT rauwe vis","0","566","1","0","1"
"3537","113","Hele ui - vers","0","120","0","1","1"
"3538","114","Hele ui - THT","0","120","0","1","1"
"3539","1583","Gesneden ui - vers","0","120","0","1","1"
"3540","1585","Gesneden ui - THT","0","120","0","1","1"
"3541","1587","Ui - vers - 2073/2005","0","120","1","1","1"
"3542","1589","Ui - THT - 2073/2005","0","120","1","1","1"
"3543","3543","Grondstof - vis","0","567","0","1","1"
"3544","3543","Grondstof - vis","0","567","0","1","1"
"3545","3545","Grondstof - Groenten","0","567","0","1","1"
"3546","3545","Grondstof - Groenten","0","567","0","1","1"
"3547","3545","Grondstof - Groenten","0","567","0","1","1"
"3548","3543","Grondstof - Vis","0","567","0","1","1"
"3549","3549","Grondstof - Kip / vlees / kruiden","0","567","0","1","1"
"3550","3549","Grondstof - Kip / vlees / kruiden","0","567","0","1","1"
"3551","3551","Grondstof - Saus/vloeibaar","0","567","0","1","1"
"3552","3551","Grondstof - Saus/vloeibaar","0","567","0","1","1"
"3553","3553","Eindproduct - Salades","0","567","0","1","1"
"3554","3553","Eindproduct - Salades, Tapas","0","567","0","1","1"
"3555","3555","Eindproduct - Rauwkostsalades","0","567","0","1","1"
"3556","3555","Eindproduct - Rauwkostsalades","0","567","0","1","1"
"3557","3553","Eindproduct - direct - Salades, Tapas","0","567","0","1","1"
"3558","3555","Eindproduct - direct - Rauwkostsalades","0","567","0","1","1"
"3559","3559","Eindproduct - THT - salades obv yoghurt","0","567","0","1","1"
"3560","3559","Eindproduct - THT - salades obv yoghurt","0","567","0","1","1"
"3561","3561","Eindproduct - THT - salades obv mayo","0","567","0","1","1"
"3562","3561","Eindproduct - THT - salades obv mayo","0","567","0","1","1"
"3563","3563","Eindproduct - THT - Tapas","0","567","0","1","1"
"3564","3563","Eindproduct - THT - Tapas","0","567","0","1","1"
"3565","3565","Eindproduct - THT - Rauwkostsalade","0","567","0","1","1"
"3566","3565","Eindproduct - THT - Rauwkostsalade","0","567","0","1","1"
"3567","3567","Swab - omgevingsmonsters","0","567","0","1","1"
"3568","3567","Swab - omgevingsmonsters","0","567","1","1","1"
"3569","3569","Ijs - THT","0","344","0","1","1"
"3570","3569","Ijs - THT","0","344","0","1","1"
"3571","3571","ijs + - THT","0","344","0","1","1"
"3572","3571","ijs + - THT","0","344","0","1","1"
"3573","479","Ijs / sorbetijs","0","344","1","1","1"
"3574","3569","Ijs/sorbetijs - THT","0","344","0","1","1"
"3575","3569","Ijs / sorbetijs - THT","0","344","0","1","1"
"3576","481","Ijs  + ","0","344","0","1","1"
"3577","483","Yoghurt","0","344","0","1","1"
"3578","3578","Yoghurt - THT","0","344","0","1","1"
"3579","3578","Yoghurt - THT","0","344","0","1","1"
"3580","487","Melk  +","0","344","0","1","1"
"3581","485","Melk + - THT","0","344","0","1","1"
"3582","487","Melk  +","0","344","0","1","1"
"3583","3578","Yoghurt - THT","0","344","0","1","1"
"3584","483","Yoghurt","0","344","0","1","1"
"3585","3585","Chocomelk","0","344","0","1","1"
"3586","3585","Chocomelk","0","344","0","1","1"
"3587","3587","Chocomelk - THT","0","344","0","1","1"
"3588","3587","Chocomelk - THT","0","344","0","1","1"
"3589","3589","Hangop / kwark","0","344","0","1","1"
"3590","3589","Hangop / kwark","0","344","0","1","1"
"3591","3591","Hangop / kwark - THT","0","344","0","1","1"
"3592","3591","Hangop / kwark - THT","0","344","0","1","1"
"3593","506","E. coli","0","182","1","1","1"
"3594","512","Salmonella (meng 5x25gram)","0","182","1","1","1"
"3595","514","E. coli","0","158","0","1","1"
"3596","516","Salmonella (meng 5x25gram)","0","158","0","0","1"
"3597","516","Salmonella (meng 5x25gram)","0","158","1","1","1"
"3598","3563","Eindproduct - THT - Tapas","0","567","0","1","1"
"3599","3565","Eindproduct - THT - Rauwkostsalade","0","567","0","1","1"
"3600","3571","ijs + op THT","0","344","1","1","1"
"3601","3569","Sorbetijs op THT","0","344","1","1","1"
"3602","3578","Yoghurt op THT","0","344","0","1","1"
"3603","487","Melk + (direct en THT)","0","344","0","1","1"
"3604","3604","Melk antistoffen","0","344","0","1","1"
"3605","3604","Melk antistoffen","0","344","1","1","1"
"3606","3606","Vla","0","344","0","1","1"
"3607","3606","Vla","0","344","0","1","1"
"3608","3608","Vla + (direct en THT)","0","344","0","1","1"
"3609","3608","Vla + (direct en THT)","0","344","0","1","1"
"3610","3585","Chocomelk","0","344","0","1","1"
"3611","3587","Chocomelk + (direct en THT)","0","344","0","1","1"
"3612","3589","Hangop / kwark","0","344","0","1","1"
"3613","3591","Hangop / kwark + op THT","0","344","0","1","1"
"3614","3614","Hangop / kwark +","0","344","0","1","1"
"3615","3614","Hangop / kwark +","0","344","0","1","1"
"3616","481","Ijs + ","0","344","1","1","1"
"3617","1046","MAP-pakket","0","905","0","1","1"
"3618","1077","MAP-pakket THT","0","905","0","1","1"
"3619","1046","MAP-pakket","0","905","1","1","1"
"3620","1077","MAP-pakket THT","0","905","1","1","1"
"3621","1157","MALM","0","905","1","1","1"
"3622","1159","MALM - THT","0","905","1","1","1"
"3623","3623","Grondstof rauw vlees/vis","0","1086","0","1","1"
"3624","257","Plastic/Kartonnen verpakking","0","178","0","0","1"
"3625","786","THT","0","798","0","1","1"
"3626","3626","Luchtmetingen fall-out","0","189","0","0","1"
"3627","3626","Luchtmetingen fall-out","0","189","0","0","1"
"3628","770","Eindproduct","0","798","0","1","1"
"3629","767","Ingangscontrole met BZ","0","798","0","1","1"
"3630","3630","Ingangscontrole zonder BZ","0","798","0","1","1"
"3631","3630","Ingangscontrole zonder BZ","0","798","0","1","1"
"3632","786","Houdbaarheid","0","798","0","1","1"
"3633","3633","Ongepeld sulfiet","0","798","0","1","1"
"3634","3633","Ongepeld sulfiet","0","798","1","1","1"
"3635","3635","Aw, zout, zware metalen","0","798","0","1","1"
"3636","3635","Aw, zout, zware metalen","0","798","0","1","1"
"3637","3637","Melkzuur en azijnzuur","0","798","1","1","1"
"3638","3638","Melk uit melktap","0","1045","0","1","1"
"3639","3638","Melk uit melktap","0","1045","0","1","1"
"3640","3635","Aw, zout, zware metalen","0","798","1","1","1"
"3641","3228","Pakket 1","0","374","0","1","1"
"3642","3230","Pakket 2","0","374","0","1","1"
"3643","3232","Pakket 3","0","374","0","1","1"
"3644","3220","Pakket 4","0","374","0","1","1"
"3645","3645","Pakket 5","0","374","0","1","1"
"3646","3645","Pakket 5","0","374","0","1","1"
"3647","3222","Pakket 6","0","374","0","1","1"
"3648","3224","Pakket 7","0","374","0","1","1"
"3649","3226","Pakket 8","0","374","0","1","1"
"3650","3650","Pakket 1","0","1041","0","1","1"
"3651","3650","Pakket 1","0","1041","1","1","1"
"3652","3652","Pakket 2","0","1041","0","1","1"
"3653","3652","Pakket 2","0","1041","0","1","1"
"3654","3654","Pakket 3","0","1041","0","1","1"
"3655","3654","Pakket 3","0","1041","1","1","1"
"3656","3656","Pakket 4","0","1041","0","1","1"
"3657","3656","Pakket 4","0","1041","1","1","1"
"3658","3658","Grondstof rauw vlees / vis","0","1086","0","1","1"
"3659","3658","Grondstof rauw vlees / vis","0","1086","0","1","1"
"3660","3660","Grondstof gegaard vlees / product / RTE","0","1086","0","1","1"
"3661","3660","Grondstof gegaard vlees / product / RTE","0","1086","0","1","1"
"3662","3662","Grondstof groenten","0","1086","0","1","1"
"3663","3662","Grondstof groenten","0","1086","0","1","1"
"3664","3664","Eindproduct - af productie","0","1086","0","1","1"
"3665","3664","Eindproduct - af productie","0","1086","0","1","1"
"3666","3666","Eindproducten - THT","0","1086","0","1","1"
"3667","3666","Eindproducten - THT","0","1086","0","1","1"
"3668","3666","Eindproducten - THT","0","1086","0","1","1"
"3669","3669","Eindproducten met rauwe ingrediënten - THT","0","1086","0","1","1"
"3670","3669","Eindproducten met rauwe ingrediënten - THT","0","1086","0","1","1"
"3671","3669","Eindproducten met rauwe ingrediënten - THT","0","1086","0","1","1"
"3672","3672","WB BBvL en Jumbo ond. - einde THT","0","1086","0","1","1"
"3673","3672","WB BBvL en Jumbo ond. - einde THT","0","1086","0","1","1"
"3674","3674","Consumenten onderzoek (7-7-9°C)","0","1086","0","1","1"
"3675","3674","Consumenten onderzoek (7-7-9°C)","0","1086","0","1","1"
"3676","3676","Swabs - Listeria","0","1086","0","1","1"
"3677","3676","Swabs - Listeria","0","1086","0","1","1"
"3678","3678","Eindproduct - af productie - n=5","0","1086","0","1","1"
"3679","3678","Eindproduct - af productie - n=5","0","1086","0","1","1"
"3680","3680","Eindproducten - THT - n=5","0","1086","0","1","1"
"3681","3680","Eindproducten - THT - n=5","0","1086","0","1","1"
"3682","3165","Pakket B","0","1025","0","0","1"
"3683","3683","Microbiologisch (algemeen)","0","955","0","1","1"
"3684","3683","Microbiologisch (algemeen)","0","955","1","1","1"
"3685","2896","Big 8 - Voedingswaarde pakket","1","0","1","0","1"
"3686","92","Filet americain / Tartaar","0","425","0","0","1"
"3687","92","Filet americain / Tartaar","0","425","1","0","1"
"3688","348","Pakket 9","0","189","0","0","1"
"3689","3689","Fertiliser production 702","0","867","0","1","1"
"3690","3689","Fertiliser production 702","0","867","0","1","1"
"3691","181","Vers vruchtensap","0","124","0","0","1"
"3692","105","Groenten","0","124","0","0","1"
"3693","106","Rauwkost/Groenten","0","124","0","0","1"
"3694","858","Pakket 29","0","189","1","0","1"
"3695","3695","Pakket 57","0","189","0","1","1"
"3696","3695","Pakket 57","0","189","0","1","1"
"3697","3697","Pakket 58","0","189","0","1","1"
"3698","3697","Pakket 58","0","189","0","1","1"
"3699","1554","Pakket E","0","978","1","1","1"
"3700","251","Schaal/schelpdieren","0","381","0","1","1"
"3701","169","Oppervlaktewater","0","381","1","1","1"
"3702","3204","Cater Food","0","426","1","0","1"
"3703","894","Snippers vers","0","426","0","1","1"
"3704","315","Salmonells - Pool 5","0","426","0","1","1"
"3705","315","Salmonella - Pool 5","0","426","0","1","1"
"3706","190","Salmonella - Pool 10","0","426","0","1","1"
"3707","8","Ingangscontrole","0","426","1","1","1"
"3708","3708","STEC","0","426","0","1","1"
"3709","3708","STEC","0","426","0","1","1"
"3710","3710","Listeria swab (detectie+telling)","0","426","0","1","1"
"3711","3710","Listeria swab (detectie+telling)","0","426","0","1","1"
"3712","3712","Snippers 80/20 Apetito","0","426","0","1","1"
"3713","3712","Snippers 80/20 Apetito","0","426","1","1","1"
"3714","894","Snippers vers","0","426","1","0","1"
"3715","3715","Groep 1 Vleesbereiding VVA","0","953","0","1","1"
"3716","3715","Groep 1 Vleesbereiding VVA","0","953","0","1","1"
"3717","3717","Groep 3 Vers pluimvlees VVA","0","953","0","1","1"
"3718","3717","Groep 3 Vers pluimvlees VVA","0","953","0","1","1"
"3719","3719","Groep 4 GS Rundvlees VVA","0","953","0","1","1"
"3720","3719","Groep 4 GS Rundvlees VVA","0","953","0","1","1"
"3721","3721","Industrie diepvries mibi","0","953","0","1","1"
"3722","3721","Industrie diepvries mibi","0","953","0","1","1"
"3723","3723","LM afwezig","0","953","0","1","1"
"3724","3723","LM afwezig","0","953","1","1","1"
"3725","3725","Ind gekoeld mibi T begin","0","953","0","1","1"
"3726","3725","Ind gekoeld mibi T begin","0","953","1","1","1"
"3727","3727","Ind gekoeld mibi T eind","0","953","0","1","1"
"3728","3727","Ind gekoeld mibi T eind","0","953","0","1","1"
"3729","3729","LM telling","0","953","0","1","1"
"3730","3729","LM telling","0","953","0","1","1"
"3731","585","Proceswater uitgebreid","0","128","0","0","1"
"3732","3732","Positive release","0","960","0","1","1"
"3733","3732","Positive release","0","960","1","1","1"
"3734","3710","Listeria swab (detectie+telling)","0","426","0","1","1"
"3735","3228","Ingangscontrole ongepelde garnalen na conservering","0","374","1","1","1"
"3736","3230","Benzoëzuur direct van afslag","0","374","0","1","1"
"3737","3232","Chemisch ongepelde garnalen","0","374","1","1","1"
"3738","3220","Ingangscontrole ongepeld","0","374","1","1","1"
"3739","3645","Ingangscontrole machinaal gepeld","0","374","0","1","1"
"3740","3222","Ìngangscontrole (on)gepeld uitgebreid","0","374","0","1","1"
"3741","3224","houdbaarheidsonderzoek (on)gepeld uitgebreid","0","374","0","1","1"
"3742","3226","Chemisch gepeld","0","374","1","1","1"
"3743","3743","Listeria rundvlees (detectie+telling)","0","426","0","1","1"
"3744","3743","Listeria rundvlees (detectie+telling)","0","426","0","1","1"
"3745","3745","Kiem + E.coli + Salm","0","1137","0","0","1"
"3746","3746","n=5 + aanvulling","0","798","0","1","1"
"3747","3746","n=5 + aanvulling","0","798","0","1","1"
"3748","3748","n=5","0","798","0","1","1"
"3749","3748","n=5","0","798","1","1","1"
"3750","290","Proceswater","0","391","0","0","1"
"3751","786","Houdbaarheid","0","798","0","1","1"
"3752","3752","Rodac- PCA","0","120","0","1","1"
"3753","3752","Rodac - PCA","0","120","1","1","1"
"3754","999","Rodac afdrukplaatjes","0","164","1","1","1"
"3755","164","Gisten, schimmels & Kiemgetal","0","164","0","1","1"
"3756","3756","1613 - Silverskin Onions Bonduelle Kenia","0","164","0","1","1"
"3757","3756","1613 - Silverskin Onions Bonduelle Kenia","0","164","0","1","1"
"3758","3758","Delhaize - dag 0","0","374","0","1","1"
"3759","3758","Delhaize - dag 0","0","374","0","1","1"
"3760","3760","Delhaize - dag 7, 14 en 21","0","374","0","1","1"
"3761","3760","Delhaize - dag 7, 14 en 21","0","374","0","1","1"
"3762","3758","Delhaize - dag 1","0","374","1","1","1"
"3763","585","Proceswater","0","128","0","1","1"
"3764","585","Proceswater","0","128","0","1","1"
"3765","3765","Fruit buitenkant (schil)","0","128","0","1","1"
"3766","3765","Fruit buitenkant (schil)","0","128","0","1","1"
"3767","3767","Swab","0","128","0","1","1"
"3768","3767","Swab","0","128","1","1","1"
"3769","3765","Fruit buitenkant (schil)","0","128","0","1","1"
"3770","3770","Delhaize - verkort zonder entero's","0","374","0","1","1"
"3771","3770","Delhaize - verkort zonder Entero's","0","374","1","1","1"
"3772","3772","Pakket 59","0","189","0","1","1"
"3773","3772","Pakket 59","0","189","0","1","1"
"3774","681","Pakket 21","0","189","0","0","1"
"3775","3765","Fruit buitenkant (schil)","0","128","0","1","1"
"3776","3121","6+7. Water","0","963","1","1","1"
"3777","3777","Pakket 59","0","189","0","0","1"
"3778","3777","Pakket 59","0","189","0","0","1"
"3779","927","Pakket A","0","787","1","1","1"
"3780","2906","Pakket B","0","787","1","1","1"
"3781","2815","Pakket C","0","787","0","1","1"
"3782","2911","Pakket D","0","787","1","1","1"
"3783","2827","Pakket E","0","787","0","1","1"
"3784","2829","Pakket F","0","787","1","1","1"
"3785","3455","Pakket G","0","787","1","1","1"
"3786","3460","Pakket H","0","787","1","1","1"
"3787","3787","Pakket I","0","787","0","1","1"
"3788","3787","Pakket I","0","787","1","1","1"
"3789","3789","Pakket J","0","787","0","1","1"
"3790","3789","Pakket J","0","787","1","1","1"
"3791","3791","Pakket K","0","787","0","1","1"
"3792","3791","Pakket K","0","787","0","1","1"
"3793","3793","Pakket L","0","787","0","1","1"
"3794","3793","Pakket L","0","787","0","1","1"
"3795","3795","Pakket M","0","787","0","1","1"
"3796","3795","Pakket M","0","787","0","1","1"
"3797","3797","Pakket N","0","787","0","1","1"
"3798","3797","Pakket N","0","787","0","1","1"
"3799","3799","Pakket O","0","787","0","1","1"
"3800","3799","Pakket O","0","787","1","1","1"
"3801","3801","Pakket P","0","787","0","1","1"
"3802","3801","Pakket P","0","787","1","1","1"
"3803","3803","Pakket Q","0","787","0","1","1"
"3804","3803","Pakket Q","0","787","0","1","1"
"3805","2817","Pakket R","0","787","0","1","1"
"3806","3466","Pakket K - ui","0","787","0","1","1"
"3807","3791","Pakket K - vis","0","787","0","1","1"
"3808","2951","Pakket K","0","819","1","1","1"
"3809","2955","Pakket B","0","819","1","1","1"
"3810","3810","Pakket C","0","819","0","1","1"
"3811","3810","Pakket C","0","819","1","1","1"
"3812","3812","Pakket D","0","819","0","1","1"
"3813","3812","Pakket D","0","819","1","1","1"
"3814","3814","Pakekt Q","0","819","0","1","1"
"3815","3814","Pakekt Q","0","819","0","1","1"
"3816","3816","Pakket L","0","819","0","1","1"
"3817","3816","Pakket L","0","819","1","1","1"
"3818","3818","Pakket N","0","819","0","1","1"
"3819","3818","Pakket N","0","819","1","1","1"
"3820","3820","Pakket P","0","819","0","1","1"
"3821","3820","Pakket P","0","819","1","1","1"
"3822","3018","Pakket A","0","843","0","1","1"
"3823","3022","Pakket B","0","843","0","1","1"
"3824","3026","Brado - THT - C","0","843","0","1","1"
"3825","3026","Pakket C","0","843","0","1","1"
"3826","3046","Pakket D","0","843","0","1","1"
"3827","3028","Pakket E","0","843","0","1","1"
"3828","3050","Pakket F","0","843","0","1","1"
"3829","3053","Pakket G","0","843","0","1","1"
"3830","3830","Pakket H","0","843","0","1","1"
"3831","3830","Pakket H","0","843","0","1","1"
"3832","3832","Pakket I","0","843","0","1","1"
"3833","3832","Pakket I","0","843","0","1","1"
"3834","3834","Pakket O","0","843","0","1","1"
"3835","3834","Pakket O","0","843","0","1","1"
"3836","3836","Pakket P","0","843","0","1","1"
"3837","3836","Pakket P","0","843","0","1","1"
"3838","3838","Proceswater (zonder ref.waarden)","1","0","0","0","1"
"3839","3838","Proceswater (zonder ref.waarden)","1","0","1","0","1"
"3840","806","Legionella - Drinkwater","1","0","1","0","0"
"3841","808","Legionella - Bronwater","1","0","1","0","0"
"3842","810","Legionella - Grondwater","1","0","1","0","0"
"3843","812","Legionella - Proceswater","1","0","0","0","0"
"3844","814","Legionella - Koelwater","1","0","1","0","0"
"3845","816","Legionella - Zwembadwater","1","0","1","0","0"
"3846","818","Legionella - Uit tandarts behandelunit","1","0","1","0","0"
"3847","845","Legionella - Afvalwater","1","0","1","0","0"
"3848","99","Salade","0","376","0","0","1"
"3849","99","Salade","0","376","0","0","1"
"3850","3230","Benzoëzuur direct van afslag","0","374","1","1","1"
"3851","3851","PFAS","0","374","0","1","1"
"3852","3851","PFAS","0","374","1","1","1"
"3853","57","THT Rauwe vis","0","382","0","0","1"
"3854","57","THT Rauwe vis","0","382","1","0","1"
"3855","3855","Wateranalyses","0","164","0","1","1"
"3856","3855","Wateranalyses","0","164","0","1","1"
"3857","3857","Schaal/schelpdieren","0","1007","0","1","1"
"3858","3857","Schaal/schelpdieren","0","1007","1","1","1"
"3859","3859","Oppervlaktewater","0","1007","0","1","1"
"3860","3859","Oppervlaktewater","0","1007","1","1","1"
"3861","3861","Wateranalyses (drinkwaterbesluit)","0","164","0","1","1"
"3862","3861","Wateranalyses (drinkwaterbesluit)","0","164","0","1","1"
"3863","3863","Alpro release","0","165","0","1","1"
"3864","3863","Alpro release","0","165","0","1","1"
"3865","3865","Micro Vers","0","164","0","1","1"
"3866","3865","Micro Vers","0","164","0","1","1"
"3867","3867","Pakket A-HG","0","978","0","1","1"
"3868","3867","Pakket A-HG - direct","0","978","0","1","1"
"3869","3869","Pakket A-HG - THT","0","978","0","1","1"
"3870","3869","Pakket A-HG - THT","0","978","0","1","1"
"3871","192","Groenten/Rauwkost","0","122","0","1","1"
"3872","3872","Pakket 56","0","189","0","0","1"
"3873","3872","Pakket 56","0","189","1","0","1"
"3874","3874","Watermonsters","0","165","0","1","1"
"3875","3874","Proceswater","0","165","0","1","1"
"3876","3876","THT monsters","0","165","0","1","1"
"3877","3876","THT monsters","0","165","0","1","1"
"3878","3878","Standaard CSM France","0","165","0","1","1"
"3879","3878","Standaard CSM France","0","165","0","1","1"
"3880","3880","Swabs putten productie","0","165","0","1","1"
"3881","3880","Swabs putten productie","0","165","1","1","1"
"3882","3882","Swabs productielijn","0","165","0","1","1"
"3883","3882","Swabs productielijn","0","165","0","1","1"
"3884","119","Water volgens drinkwaterbesluit","0","165","1","0","1"
"3885","3294","Pakket A","0","978","1","1","1"
"3886","3302","Pakket C","0","978","0","1","1"
"3887","2827","Pakket E","0","787","0","1","1"
"3888","3316","Pakket F","0","978","1","1","1"
"3889","3403","Pakket G","0","978","1","1","1"
"3890","1550","Pakket H","0","978","1","1","1"
"3891","3405","Pakket I","0","978","0","1","1"
"3892","1556","Pakket J","0","978","0","1","1"
"3893","3419","Pakket Q","0","978","1","1","1"
"3894","3803","Pakket Q","0","787","0","1","1"
"3895","2817","Pakket R","0","787","1","1","1"
"3896","1556","Pakket R","0","978","1","1","1"
"3897","3897","Pakket S","0","978","0","1","1"
"3898","3897","Pakket S","0","978","1","1","1"
"3899","3899","Pakket S","0","787","0","1","1"
"3900","3899","Pakket S","0","787","1","1","1"
"3901","3795","Pakket M","0","787","1","1","1"
"3902","3902","Pakket A","0","684","0","1","1"
"3903","3902","Pakket A","0","684","0","1","1"
"3904","3904","Pakket B","0","684","0","1","1"
"3905","3904","Pakket B","0","684","0","1","1"
"3906","3906","Pakket C","0","684","0","1","1"
"3907","3906","Pakket C","0","684","0","1","1"
"3908","3908","Pakket D","0","684","0","1","1"
"3909","3908","Pakket D","0","684","0","1","1"
"3910","3910","Pakket E","0","684","0","1","1"
"3911","3910","Pakket E","0","684","0","1","1"
"3912","3912","Pakket F","0","684","0","1","1"
"3913","3912","Pakket F","0","684","0","1","1"
"3914","3914","Pakket G","0","684","0","1","1"
"3915","3914","Pakket G","0","684","0","1","1"
"3916","3916","Pakket H","0","684","0","1","1"
"3917","3916","Pakket H","0","684","0","1","1"
"3918","3918","Pakket I","0","684","0","1","1"
"3919","3918","Pakket I","0","684","0","1","1"
"3920","3920","Pakket O","0","684","0","1","1"
"3921","3920","Pakket O","0","684","0","1","1"
"3922","3922","Pakket P","0","684","0","1","1"
"3923","3922","Pakket P","0","684","0","1","1"
"3924","3803","Pakket Q","0","787","0","1","1"
"3925","621","Maaltijdcomponent","0","747","0","0","1"
"3926","621","Maaltijdcomponent","0","747","1","0","1"
"3927","3874","Drinkwater","0","165","1","1","1"
"3928","3928","Handhygiëne afdrukjes","0","165","0","1","1"
"3929","3928","Handhygiëne afdrukjes","0","165","1","1","1"
"3930","3930","Luchtmonsters","0","165","0","1","1"
"3931","3930","Luchtmonsters","0","165","0","1","1"
"3932","3165","Pakket B","0","1025","0","1","1"
"3933","3163","Pakket A","0","1025","1","1","1"
"3934","3934","Pakket A","0","1177","0","1","1"
"3935","3934","Pakket A","0","1177","1","1","1"
"3936","3930","Luchtmonsters","0","165","1","1","1"
"3937","3937","Pakket A-HG","0","978","0","1","1"
"3938","3937","Pakket A-HG","0","978","0","1","1"
"3939","3721","Industrie diepvries mibi","0","953","0","1","1"
"3940","3940","Producten o.b.v. listeriastudie","0","953","0","1","1"
"3941","3940","Producten o.b.v. listeriastudie","0","953","0","1","1"
"3942","3942","Tropische garnalen diepvries, ingangscontrole","0","798","0","1","1"
"3943","3942","Tropische garnalen diepvries, ingangscontrole","0","798","0","1","1"
"3944","3942","Tropische garnalen diepvries, ingangscontrole","0","798","1","1","1"
"3945","3945","Pakket 38","0","1181","1","1","1"
"3946","3946","Pakket 17","0","1181","1","0","1"
"3947","3947","Pakket 41","0","1181","0","0","1"
"3948","3948","Pakket 42","0","1181","0","0","1"
"3949","3949","Pakket 39 - water","0","1181","0","0","1"
"3950","3950","Pakket 44","0","1181","1","0","1"
"3951","3951","Pakket 43","0","1181","1","0","1"
"3952","3952","Pakket 43-1","0","1181","1","0","1"
"3953","3953","Pakket 46","0","1181","1","0","1"
"3954","3954","Rodac - PCA","0","1181","0","0","1"
"3955","3955","Pakket 5","0","1181","1","0","1"
"3956","3956","Pakket 6","0","1181","0","0","1"
"3957","3957","Pakket 7","0","1181","0","0","1"
"3958","3958","Pakket 8","0","1181","0","0","1"
"3959","3959","Pakket 10","0","1181","0","0","1"
"3960","3960","Pakket 11","0","1181","0","0","1"
"3961","3961","Pakket 12","0","1181","0","0","1"
"3962","3962","Pakket 16","0","1181","1","0","1"
"3963","3963","Pakket 18","0","1181","0","0","1"
"3964","3964","Pakket 19","0","1181","1","0","1"
"3965","3965","Pakket 22","0","1181","1","0","1"
"3966","3966","Pakket 23","0","1181","1","0","1"
"3967","3967","Pakket 26","0","1181","0","0","1"
"3968","3968","Pakket 27","0","1181","0","0","1"
"3969","3969","Pakket 28","0","1181","0","0","1"
"3970","3970","Pakket 1","0","1181","1","0","1"
"3971","3971","Pakket 2","0","1181","1","0","1"
"3972","3972","Pakket 30","0","1181","0","0","1"
"3973","3973","Pakket 31","0","1181","1","0","1"
"3974","3974","Pakket 33","0","1181","1","0","1"
"3975","3975","Pakket 34","0","1181","1","0","1"
"3976","3976","Pakket 35","0","1181","1","0","1"
"3977","3977","Pakket 36","0","1181","1","0","1"
"3978","3978","Pakket 37","0","1181","1","0","1"
"3979","3979","Pakket 3","0","1181","0","0","1"
"3980","3980","Pakket 45","0","1181","0","0","1"
"3981","3981","Pakket 40","0","1181","1","0","1"
"3982","3982","Pakket 48","0","1181","1","0","1"
"3983","3983","Pakket 47","0","1181","0","0","1"
"3984","3984","Pakket 49","0","1181","1","0","1"
"3985","3985","Pakket 20","0","1181","1","0","1"
"3986","3986","Pakket 51","0","1181","1","0","1"
"3987","3987","Pakket 50","0","1181","1","0","1"
"3988","3988","Pakket 25","0","1181","0","0","1"
"3989","3989","Pakket 24","0","1181","0","0","1"
"3990","3990","Pakket 15","0","1181","0","0","1"
"3991","3991","Pakket 14","0","1181","0","0","1"
"3992","3992","Pakket 13","0","1181","0","0","1"
"3993","3993","Pakket 52","0","1181","0","0","1"
"3994","3994","Pakket 53","0","1181","1","0","1"
"3995","3995","Pakket 4","0","1181","0","0","1"
"3996","3996","Pakket 54","0","1181","0","0","1"
"3997","3997","Pakket 55","0","1181","0","0","1"
"3998","3998","Luchtmetingen fall-out","0","1181","0","0","1"
"3999","3999","Pakket 9","0","1181","0","0","1"
"4000","4000","Pakket 29","0","1181","1","0","1"
"4001","4001","Pakket 57","0","1181","0","1","1"
"4002","4002","Pakket 58","0","1181","0","1","1"
"4003","4003","Pakket 21","0","1181","0","0","1"
"4004","4004","Pakket 59","0","1181","0","0","1"
"4005","4005","Pakket 56","0","1181","1","0","1"
"4006","678","Drinkwater na ontharder (Meetprogramma 3c Drinkwaterbesluit)","1","0","1","0","1"
"4007","4007","Coliformen MET bevestiging","0","192","0","0","1"
"4008","4007","Coliformen MET bevestiging","0","192","1","0","1"
"4009","4009","Heinz","0","995","0","1","1"
"4010","4009","Heinz","0","995","1","1","1"
"4011","3174","Substraat - 743 + L. mono","0","867","1","1","1"
"4012","3190","Substraat - 743","0","867","0","1","1"
"4013","3186","Water - 743","0","867","1","1","1"
"4014","3176","Water - 743 + L. mono","0","867","1","1","1"
"4015","3188","Plantmateriaal / AGF - 743","0","867","1","1","1"
"4016","3179","Plantmateriaal / AGF - 743 + L. mono","0","867","1","1","1"
"4017","541","Rauwkost/Groenten","0","113","0","1","1"
"4018","180","THT Rauwkost/Groenten","0","113","1","1","1"
"4019","1218","MARS MIBI","0","953","0","1","1"
"4020","2736","MARS Chicken breast MIBI ","0","953","0","1","1"
"4021","1218","MARS MIBI","0","953","1","1","1"
"4022","235","Rauwe vis","0","377","1","1","1"
"4023","14","Scherfijs","0","377","0","1","1"
"4024","4024","Pakket 60","0","189","0","0","1"
"4025","4024","Pakket 60","0","189","1","0","1"
"4026","4026","Pakket 60","0","1181","0","0","1"
"4027","4026","Pakket 60","0","1181","0","0","1"
"4028","2850","Drinkwater (drinkwaterbesuit)","0","119","1","1","1"
"4029","246","Rauwkost/groenten direct (n=1)","0","119","0","1","1"
"4030","247","Rauwkost/groenten THT (n=1)","0","119","0","1","1"
"4031","4031","Rauwkost/groenten direct (n=5)","0","119","0","1","1"
"4032","4031","Rauwkost/groenten direct (n=5)","0","119","0","1","1"
"4033","4033","Rauwkost/groenten THT (n=5)","0","119","0","1","1"
"4034","4033","Rauwkost/groenten THT (n=5)","0","119","0","1","1"
"4035","4035","Swab","0","119","0","1","1"
"4036","4035","Swab listeria","0","119","1","1","1"
"4037","315","Salmonella - Pool 5","0","426","1","1","1"
"4038","190","Salmonella - Pool 10","0","426","1","1","1"
"4039","3727","Ind gekoeld mibi T eind","0","953","1","1","1"
"4040","3729","LM telling","0","953","1","1","1"
"4041","3721","Industrie diepvries mibi","0","953","1","1","1"
"4042","3940","Producten o.b.v. listeriastudie","0","953","0","1","1"
"4043","4043","Pakket S","0","843","0","1","1"
"4044","4043","Pakket S","0","843","0","1","1"
"4045","4045","Pakket T","0","843","0","1","1"
"4046","4045","Pakket T","0","843","0","1","1"
"4047","4047","Pakket U","0","843","0","1","1"
"4048","4047","Pakket U","0","843","0","1","1"
"4049","4049","Pakket I","0","978","0","1","1"
"4050","4049","Pakket I","0","978","1","1","1"
"4051","4051","Pakket T","0","978","0","1","1"
"4052","4051","Pakket T","0","978","1","1","1"
"4053","4053","Pakket U","0","978","0","1","1"
"4054","4053","Pakket U","0","978","1","1","1"
"4055","4055","Pakket V","0","978","0","1","1"
"4056","4055","Pakket V","0","978","1","1","1"
"4057","4057","Pakket W","0","978","0","1","1"
"4058","4057","Pakket W","0","978","1","1","1"
"4059","4059","Pakket T","0","787","0","1","1"
"4060","4059","Pakket T","0","787","1","1","1"
"4061","4061","Pakket U","0","787","0","1","1"
"4062","4061","Pakket U","0","787","1","1","1"
"4063","4063","Pakket V","0","787","0","1","1"
"4064","4063","Pakket V","0","787","1","1","1"
"4065","4065","Pakket S","0","684","0","1","1"
"4066","4065","Pakket S","0","684","0","1","1"
"4067","4067","Pakket T","0","684","0","1","1"
"4068","4067","Pakket T","0","684","1","1","1"
"4069","4069","Pakket U","0","684","0","1","1"
"4070","4069","Pakket U","0","684","1","1","1"
"4071","4071","Rauwe melk","0","1195","0","1","1"
"4072","4071","Rauwe melk","0","1195","0","1","1"
"4073","4073","Pakket 61","0","189","0","1","1"
"4074","4073","Pakket 61","0","189","0","1","1"
"4075","4075","Pakket 61","0","1181","0","1","1"
"4076","4075","Pakket 61","0","1181","0","1","1"
"4077","337","THT Eierkoeken + pathogenen","0","13","0","0","1"
"4078","271","Bolussen","0","15","0","0","1"
"4079","2815","Pakket C","0","787","0","1","1"
"4080","3143","Mars grondstoffen kwartaal onderzoek 1","0","953","1","1","1"
"4081","2736","MARS Chicken breast MIBI ","0","953","1","1","1"
"4082","3224","houdbaarheidsonderzoek (on)gepeld uitgebreid","0","374","0","1","1"
"4083","3672","WB BBvL en Jumbo ond. - einde THT","0","1086","0","1","1"
"4084","3302","Pakket C","0","978","1","1","1"
"4085","3906","Pakket C","0","684","0","1","1"
"4086","195","Pathogenenpanel","0","122","1","1","1"
"4087","3026","Pakket C","0","843","0","1","1"
"4088","581","MAZ 14","0","173","0","1","1"
"4089","349","Pakket 10","0","189","0","0","1"
"4090","348","Pakket 9","0","189","1","0","1"
"4091","3959","Pakket 10","0","1181","1","0","1"
"4092","3999","Pakket 9","0","1181","1","0","1"
"4093","963","Kaas product","0","190","1","0","1"
"4094","4026","Pakket 60","0","1181","1","0","1"
"4095","4095","Pakket 62","0","189","0","0","1"
"4096","4095","Pakket 62","0","189","0","0","1"
"4097","4095","Pakket 62","0","189","1","0","1"
"4098","4098","Pakket 62","0","1181","0","0","1"
"4099","4098","Pakket 62","0","1181","1","0","1"
"4100","4100","Afvalwater","0","1213","0","1","1"
"4101","4100","Afvalwater","0","1213","0","1","1"
"4102","4102","Kefir / hangop (klein)","0","917","0","1","1"
"4103","4102","Kefir / hangop (klein)","0","917","0","1","1"
"4104","4104","Kefir / hangop (groot)","0","917","0","1","1"
"4105","4104","Kefir / hangop (groot)","0","917","0","1","1"
"4106","4106","Kefir / hangop (THT)","0","917","0","1","1"
"4107","4106","Kefir / hangop (THT)","0","917","0","1","1"
"4108","4106","Kefir / hangop / Yoghurt (THT)","0","917","0","1","1"
"4109","4109","Vla (klein)","0","917","0","1","1"
"4110","4109","Vla (klein)","0","917","0","1","1"
"4111","4111","Vla (groot)","0","917","0","1","1"
"4112","4111","Vla (groot)","0","917","0","1","1"
"4113","4113","Vla (THT)","0","917","0","1","1"
"4114","4113","Vla (THT)","0","917","0","1","1"
"4115","4115","Rauwe melk","0","917","0","1","1"
"4116","4115","Rauwe melk","0","917","0","1","1"
"4117","4117","Pakket Hygiënecode horeca","0","1149","0","1","1"
"4118","4117","Pakket Hygiënecode horeca","0","1149","0","1","1"
"4119","4117","Pakket Hygiënecode horeca","0","1149","0","1","1"
"4120","4120","Pakket Hygiënecode Slagers","0","1149","0","1","1"
"4121","4120","Pakket Hygiënecode Slagers","0","1149","0","1","1"
"4122","4117","Pakket Hygiënecode Horeca","0","1149","1","1","1"
"4123","4123","Pakket Hygiënecode Vis","0","1149","0","1","1"
"4124","4123","Pakket Hygiënecode Vis","0","1149","1","1","1"
"4125","246","Product 2 en 3 - direct (n=1)","0","119","0","1","1"
"4126","247","Product 2 en 3 - THT (n=1)","0","119","0","1","1"
"4127","4031","Product 1 - direct (n=5)","0","119","0","1","1"
"4128","4033","Product 1 - THT (n=5)","0","119","0","1","1"
"4129","4129","E. coli (per monster)","0","157","0","1","1"
"4130","4129","E. coli (per monster)","0","157","1","1","1"
"4131","4131","Salmonella (mengmonster)","0","157","0","1","1"
"4132","4131","Salmonella (mengmonster)","0","157","1","1","1"
"4133","174","Compost","0","174","1","1","1"
"4134","188","Compost E.coli","0","181","0","1","1"
"4135","189","Compost Salmonella","0","181","0","1","1"
"4136","188","Pakket - compost","0","181","1","1","1"
"4137","189","Compost Salmonella","0","181","0","0","1"
"4138","4138","E. coli (per monster)","0","195","0","1","1"
"4139","4138","E. coli (per monster)","0","195","1","1","1"
"4140","4140","Salmonella (mengmonster uit 5)","0","195","0","1","1"
"4141","4140","Salmonella (mengmonster uit 5)","0","195","1","1","1"
"4142","4142","E. coli (per monster)","0","844","0","1","1"
"4143","4142","E. coli (per monster)","0","844","1","1","1"
"4144","4144","Salmonella (mengmonster uit 5)","0","844","0","1","1"
"4145","4144","Salmonella (mengmonster uit 5)","0","844","1","1","1"
"4146","514","E. coli (per monster)","0","158","1","1","1"
"4147","4147","Yoghurt","0","917","0","1","1"
"4148","4147","Yoghurt","0","917","0","1","1"
"4149","4149","Vlees THT P+1","0","404","0","1","1"
"4150","4149","Vlees THT P+1","0","404","1","1","1"
"4151","4151","Vlees THT P+14","0","404","0","1","1"
"4152","4151","Vlees THT P+14","0","404","1","1","1"
"4153","4153","Vlees THT P+21","0","404","0","1","1"
"4154","4153","Vlees THT P+21","0","404","1","1","1"
"4155","4155","Organen THT P+1","0","404","0","1","1"
"4156","4155","Organen THT P+1","0","404","1","1","1"
"4157","4157","Organen THT P+3","0","404","0","1","1"
"4158","4157","Organen THT P+3","0","404","1","1","1"
"4159","4159","Organen THT P+7","0","404","0","1","1"
"4160","4159","Organen THT P+7","0","404","1","1","1"
"4161","1230","Monstername VVA GR 1 vleesbereiding","0","953","1","1","1"
"4162","4162","Pakket 64","0","1181","0","0","1"
"4163","4162","Pakket 64","0","1181","0","0","1"
"4164","4164","Pakket 64","0","189","0","0","1"
"4165","4164","Pakket 64","0","189","0","0","1"
"4166","4166","Pakket 63","0","1181","0","0","1"
"4167","4166","Pakket 63","0","1181","0","0","1"
"4168","4168","Pakket 63","0","189","0","0","1"
"4169","4168","Pakket 63","0","189","0","0","1"
"4170","4170","Kaas","0","349","0","1","1"
"4171","4170","Kaas","0","349","0","1","1"
"4172","142","Kaas","0","352","0","1","1"
"4173","4173","Kaas","0","356","0","1","1"
"4174","4173","Kaas","0","356","1","1","1"
"4175","4175","Kaas","0","363","0","1","1"
"4176","4175","Kaas","0","363","0","1","1"
"4177","4177","Kaas","0","824","0","1","1"
"4178","4177","Kaas","0","824","1","1","1"
"4179","4179","Kaas vacuüm verpakt","0","358","0","1","1"
"4180","4179","Kaas vacuüm verpakt","0","358","0","1","1"
"4181","4181","Kaas","0","1092","0","1","1"
"4182","4181","Kaas","0","1092","0","1","1"
"4183","4181","Kaas","0","1092","0","1","1"
"4184","4184","Kaas","0","1187","0","1","1"
"4185","4184","Kaas","0","1187","1","1","1"
"4186","4186","Kaas","0","1001","0","1","1"
"4187","4186","Kaas","0","1001","0","1","1"
"4188","270","Kaas","0","357","0","1","1"
"4189","4189","Kaas","0","1146","0","1","1"
"4190","4189","Kaas","0","1146","0","1","1"
"4191","4191","Kaas","0","975","0","1","1"
"4192","4191","Kaas","0","975","0","1","1"
"4193","4193","Kaas","0","346","0","1","1"
"4194","4193","Kaas","0","346","1","1","1"
"4195","4195","Karnemelk","0","349","0","1","1"
"4196","4195","Karnemelk","0","349","0","1","1"
"4197","4197","Karnemelk","0","852","0","1","1"
"4198","4197","Karnemelk","0","852","0","1","1"
"4199","4199","Boeren karnemelk","0","899","0","1","1"
"4200","4199","Boeren karnemelk","0","899","0","1","1"
"4201","4201","Karnemelk","0","1024","0","1","1"
"4202","4201","Karnemelk","0","1024","0","1","1"
"4203","4203","Karnemelk","0","949","0","1","1"
"4204","4203","Karnemelk","0","949","0","1","1"
"4205","4205","Karnemelk","0","346","0","1","1"
"4206","4205","Karnemelk","0","346","1","1","1"
"4207","4207","Karnemelk","0","636","0","1","1"
"4208","4207","Karnemelk","0","636","1","1","1"
"4209","4209","Karnemelk","0","861","0","1","1"
"4210","4209","Karnemelk","0","861","0","1","1"
"4211","4211","Vla","0","349","0","1","1"
"4212","4211","Vla","0","349","0","1","1"
"4213","4213","Vla","0","852","0","1","1"
"4214","4213","Vla","0","852","0","1","1"
"4215","4215","Vla","0","1080","0","1","1"
"4216","4215","Vla","0","1080","1","1","1"
"4217","4217","Vla","0","1032","0","1","1"
"4218","4217","Vla","0","1032","0","1","1"
"4219","4219","Vla","0","899","0","1","1"
"4220","4219","Vla","0","899","0","1","1"
"4221","4221","Vla","0","1024","0","1","1"
"4222","4221","Vla","0","1024","0","1","1"
"4223","4223","Vla","0","949","0","1","1"
"4224","4223","Vla","0","949","0","1","1"
"4225","4223","Vla","0","949","0","1","1"
"4226","4226","Vla","0","861","0","1","1"
"4227","4226","Vla","0","861","0","1","1"
"4228","4228","Vla","0","348","0","1","1"
"4229","4228","Vla","0","348","0","1","1"
"4230","607","Yoghurt","0","348","0","1","1"
"4231","615","Roomboter","0","348","0","1","1"
"4232","617","Kaas","0","348","0","1","1"
"4233","609","Gepasteuriseerde melk","0","348","0","1","1"
"4234","611","Rauwe melk","0","348","0","1","1"
"4235","613","Karnemelk","0","348","0","1","1"
"4236","4236","Vla","0","793","0","1","1"
"4237","4236","Vla","0","793","0","1","1"
"4238","4238","Karnemelkd","0","793","0","1","1"
"4239","4238","Karnemelkd","0","793","0","1","1"
"4240","4240","Karnemelk","0","357","0","1","1"
"4241","4240","Karnemelk","0","357","0","1","1"
"4242","4242","Karnemelk","0","358","0","1","1"
"4243","4242","Karnemelk","0","358","0","1","1"
"4244","4244","Geiten karnemelk","0","365","0","1","1"
"4245","4244","Geiten karnemelk","0","365","1","1","1"
"4246","4246","Kwark","0","349","0","1","1"
"4247","4246","Kwark","0","349","0","1","1"
"4248","4248","Geitenkwark","0","637","0","1","1"
"4249","4248","Geitenkwark","0","637","0","1","1"
"4250","4250","Kwark","0","1146","0","1","1"
"4251","4250","Kwark","0","1146","0","1","1"
"4252","4252","Kwark","0","793","0","1","1"
"4253","4252","Kwark","0","793","0","1","1"
"4254","4252","Kwark","0","793","0","1","1"
"4255","4255","Kwark","0","899","0","1","1"
"4256","4255","Kwark","0","899","0","1","1"
"4257","4257","Kwark","0","636","0","1","1"
"4258","4257","Kwark","0","636","1","1","1"
"4259","4259","Kwark","0","861","0","1","1"
"4260","4259","Kwark","0","861","0","1","1"
"4261","4261","Kwark","0","365","0","1","1"
"4262","4261","Kwark","0","365","1","1","1"
"4263","4263","Boter","0","349","0","1","1"
"4264","4263","Boter","0","349","0","1","1"
"4265","4265","Roomboter","0","793","0","1","1"
"4266","4265","Roomboter","0","793","0","1","1"
"4267","4267","Boter","0","357","0","1","1"
"4268","4267","Boter","0","357","0","1","1"
"4269","4269","Boter","0","852","0","1","1"
"4270","4269","Boter","0","852","0","1","1"
"4271","4271","Boter","0","1024","0","1","1"
"4272","4271","Boter","0","1024","0","1","1"
"4273","4273","Boter","0","949","0","1","1"
"4274","4273","Boter","0","949","0","1","1"
"4275","4275","Boter","0","358","0","1","1"
"4276","4275","Boter","0","358","0","1","1"
"4277","4277","(Room)boter","0","636","0","1","1"
"4278","4277","(Room)boter","0","636","1","1","1"
"4279","4279","Geiten boter","0","365","0","1","1"
"4280","4279","Geiten boter","0","365","1","1","1"
"4281","4281","Roomboter","0","852","0","1","1"
"4282","4281","Roomboter","0","852","0","1","1"
"4283","4283","Yoghurt","0","1069","0","1","1"
"4284","4283","Yoghurt","0","1069","0","1","1"
"4285","4285","Yoghurt","0","793","0","1","1"
"4286","4285","Yoghurt","0","793","0","1","1"
"4287","4287","Yoghurt","0","852","0","1","1"
"4288","4287","Yoghurt","0","852","0","1","1"
"4289","4289","Yoghurt","0","1080","0","1","1"
"4290","4289","Yoghurt","0","1080","1","1","1"
"4291","4291","Yoghurt","0","1024","0","1","1"
"4292","4291","Yoghurt","0","1024","0","1","1"
"4293","4293","Yoghurt","0","949","0","1","1"
"4294","4293","Yoghurt","0","949","0","1","1"
"4295","4295","Yoghurt","0","358","0","1","1"
"4296","4295","Yoghurt","0","358","0","1","1"
"4297","4297","Yoghurt","0","636","0","1","1"
"4298","4297","Yoghurt","0","636","1","1","1"
"4299","4299","Yoghurt","0","861","0","1","1"
"4300","4299","Yoghurt","0","861","0","1","1"
"4301","607","Yoghurt","0","348","0","1","1"
"4302","4302","Griekse yoghurt","0","636","0","1","1"
"4303","4302","Griekse yoghurt","0","636","1","1","1"
"4304","4304","Yoghurt","0","349","0","1","1"
"4305","4304","Yoghurt","0","349","0","1","1"
"4306","4306","Yoghurt","0","999","0","1","1"
"4307","4306","Yoghurt","0","999","1","1","1"
"4308","4308","Yoghurt","0","350","0","1","1"
"4309","4308","Yoghurt","0","350","1","1","1"
"4310","4310","Yoghurt","0","1032","0","1","1"
"4311","4310","Yoghurt","0","1032","0","1","1"
"4312","4312","Yoghurt","0","899","0","1","1"
"4313","4312","Yoghurt","0","899","0","1","1"
"4314","4314","Drinkyoghurt","0","899","0","1","1"
"4315","4314","Drinkyoghurt","0","899","0","1","1"
"4316","4316","Drinkyoghurt","0","861","0","1","1"
"4317","4316","Drinkyoghurt","0","861","0","1","1"
"4318","4318","Yoghurt","0","365","0","1","1"
"4319","4318","Yoghurt","0","365","1","1","1"
"4320","4320","Slagroom","0","349","0","1","1"
"4321","4320","Slagroom","0","349","0","1","1"
"4322","4322","Slagroom","0","899","0","1","1"
"4323","4322","Slagroom","0","899","0","1","1"
"4324","4324","Slagroom","0","949","0","1","1"
"4325","4324","Slagroom","0","949","0","1","1"
"4326","4326","Volle melk","0","349","0","1","1"
"4327","4326","Volle melk","0","349","0","1","1"
"4328","4328","Volle melk","0","793","0","1","1"
"4329","4328","Volle melk","0","793","0","1","1"
"4330","4328","Melk","0","793","0","1","1"
"4331","4331","Melk","0","899","0","1","1"
"4332","4331","Melk","0","899","0","1","1"
"4333","4333","Ijs","0","349","0","1","1"
"4334","4333","Ijs","0","349","1","1","1"
"4335","4335","Ijs","0","793","0","1","1"
"4336","4335","Ijs","0","793","0","1","1"
"4337","4337","Ijs","0","357","0","1","1"
"4338","4337","Ijs","0","357","1","1","1"
"4339","4339","ijs","0","901","0","1","1"
"4340","4339","ijs","0","901","1","1","1"
"4341","4341","Ijs","0","1024","0","1","1"
"4342","4341","Ijs","0","1024","1","1","1"
"4343","4343","Ijs","0","341","0","1","1"
"4344","4343","Ijs","0","341","0","1","1"
"4345","4345","Ijs","0","345","0","1","1"
"4346","4345","Ijs","0","345","1","1","1"
"4347","4347","Ijs","0","939","0","1","1"
"4348","4347","Ijs","0","939","1","1","1"
"4349","4349","Ijs","0","1143","0","1","1"
"4350","4349","Ijs","0","1143","1","1","1"
"4351","4351","Sorbet ijs","0","949","0","1","1"
"4352","4351","Sorbet ijs","0","949","1","1","1"
"4353","4353","ijs","0","1095","0","1","1"
"4354","4353","ijs","0","1095","1","1","1"
"4355","4355","Ijs","0","348","0","1","1"
"4356","4355","Ijs","0","348","1","1","1"
"4357","4357","Geiten ijs","0","365","0","1","1"
"4358","4357","Geiten ijs","0","365","1","1","1"
"4359","4359","Roomijs","0","949","0","1","1"
"4360","4359","Roomijs","0","949","1","1","1"
"4361","905","Kefir","0","637","1","1","1"
"4362","4362","Geitenkaas","0","637","0","1","1"
"4363","4362","Geitenkaas","0","637","1","1","1"
"4364","4364","Geitenkaas","0","365","0","1","1"
"4365","4364","Geitenkaas","0","365","0","1","1"
"4366","4366","Melk","0","1069","0","1","1"
"4367","4366","Melk","0","1069","0","1","1"
"4368","4368","Rauwe melk","0","999","0","1","1"
"4369","4368","Rauwe melk","0","999","1","1","1"
"4370","4370","Gepasteuriseerde melk","0","999","0","1","1"
"4371","4370","Gepasteuriseerde melk","0","999","1","1","1"
"4372","4372","Gepasteuriseerde melk","0","1187","0","1","1"
"4373","4372","Gepasteuriseerde melk","0","1187","1","1","1"
"4374","4374","Rauwe melk","0","1187","0","1","1"
"4375","4374","Rauwe melk","0","1187","1","1","1"
"4376","4376","Kaasmelk","0","1001","0","1","1"
"4377","4376","Kaasmelk","0","1001","0","1","1"
"4378","4378","Chocolade melk","0","793","0","1","1"
"4379","4378","Chocolade melk","0","793","0","1","1"
"4380","4380","Rauwe melk","0","793","0","1","1"
"4381","4380","Rauwe melk","0","793","0","1","1"
"4382","4382","Gepasteuriseerde melk","0","357","0","1","1"
"4383","4382","Gepasteuriseerde melk","0","357","0","1","1"
"4384","4384","Chocolademelk","0","852","0","1","1"
"4385","4384","Chocolademelk","0","852","0","1","1"
"4386","4386","Rauwe melk","0","852","0","1","1"
"4387","4386","Rauwe melk","0","852","0","1","1"
"4388","4388","Paardenmelk","0","1120","0","1","1"
"4389","4388","Paardenmelk","0","1120","1","1","1"
"4390","4390","Gepasteuriseerde melk","0","1146","0","1","1"
"4391","4390","Gepasteuriseerde melk","0","1146","0","1","1"
"4392","4392","Rauwe melk","0","1146","0","1","1"
"4393","4392","Rauwe melk","0","1146","0","1","1"
"4394","4394","Gepasteuriseerde melk","0","975","0","1","1"
"4395","4394","Gepasteuriseerde melk","0","975","0","1","1"
"4396","141","Melk","0","363","0","1","1"
"4397","4397","Melk","0","1080","0","1","1"
"4398","4397","Melk","0","1080","1","1","1"
"4399","4399","Gepasteuriseerde melk","0","1032","0","1","1"
"4400","4399","Gepasteuriseerde melk","0","1032","0","1","1"
"4401","4401","Chocolademelk","0","899","0","1","1"
"4402","4401","Chocolademelk","0","899","0","1","1"
"4403","4403","Gepasteuriseerde melk","0","341","0","1","1"
"4404","4403","Gepasteuriseerde melk","0","341","1","1","1"
"4405","4405","Gepasteuriseerde melk","0","358","0","1","1"
"4406","4405","Gepasteuriseerde melk","0","358","0","1","1"
"4407","4407","Chocolademelk","0","636","0","1","1"
"4408","4407","Chocolademelk","0","636","1","1","1"
"4409","4409","Gepasteuriseerde melk","0","636","0","1","1"
"4410","4409","Gepasteuriseerde melk","0","636","1","1","1"
"4411","4411","Gepasteuriseerde melk","0","861","0","1","1"
"4412","4411","Gepasteuriseerde melk","0","861","0","1","1"
"4413","4413","Chocolademelk","0","861","0","1","1"
"4414","4413","Chocolademelk","0","861","0","1","1"
"4415","611","Rauwe melk","0","348","0","1","1"
"4416","4416","Rauwe melk","0","365","0","1","1"
"4417","4416","Rauwe melk","0","365","0","1","1"
"4418","4418","Melk uit buis","0","358","0","1","1"
"4419","4418","Melk uit buis","0","358","1","1","1"
"4420","4420","Melk uit kaasbak","0","358","0","1","1"
"4421","4420","Melk uit kaasbak","0","358","1","1","1"
"4422","4422","Rauwe melk","0","1032","0","1","1"
"4423","4422","Rauwe melk","0","1032","1","1","1"
"4424","4424","Chocolademelk","0","1024","0","1","1"
"4425","4424","Chocolademelk","0","1024","0","1","1"
"4426","4426","Rauwe melk","0","1024","0","1","1"
"4427","4426","Rauwe melk","0","1024","1","1","1"
"4428","4428","Rauwe melk","0","341","0","1","1"
"4429","4428","Rauwe melk","0","341","1","1","1"
"4430","4430","Rauwe melk","0","949","0","1","1"
"4431","4430","Rauwe melk","0","949","0","1","1"
"4432","4432","Melk","0","346","0","1","1"
"4433","4432","Melk","0","346","1","1","1"
"4434","4434","Rauwe melk melktap","0","636","0","1","1"
"4435","4434","Rauwe melk melktap","0","636","0","1","1"
"4436","4436","Schapenkaas","0","999","0","1","1"
"4437","4436","Schapenkaas","0","999","1","1","1"
"4438","4438","Kefir","0","793","0","1","1"
"4439","4438","Kefir","0","793","0","1","1"
"4440","4440","Rijstepap / griesmeelpap","0","793","0","1","1"
"4441","4440","Rijstepap / griesmeelpap","0","793","0","1","1"
"4442","4442","Hangop","0","852","0","1","1"
"4443","4442","Hangop","0","852","0","1","1"
"4444","4444","Room","0","852","0","1","1"
"4445","4444","Room","0","852","0","1","1"
"4446","4446","Kaaswei","0","975","0","1","1"
"4447","4446","Kaaswei","0","975","0","1","1"
"4448","4448","Kefir","0","1080","0","1","1"
"4449","4448","Kefir","0","1080","1","1","1"
"4450","4450","Rijstepap","0","1080","0","1","1"
"4451","4450","Rijstepap","0","1080","1","1","1"
"4452","4452","Hangop","0","1080","0","1","1"
"4453","4452","Hangop","0","1080","1","1","1"
"4454","4454","Schapenkaas","0","350","0","1","1"
"4455","4454","Schapenkaas","0","350","1","1","1"
"4456","4217","Vla","0","1032","0","1","1"
"4457","4457","Hangop","0","1032","0","1","1"
"4458","4457","Hangop","0","1032","0","1","1"
"4459","4459","Room","0","899","0","1","1"
"4460","4459","Room","0","899","0","1","1"
"4461","4461","Stuark - Natural Quark","0","899","0","1","1"
"4462","4461","Stuark - Natural Quark","0","899","1","1","1"
"4463","4463","Rijstepap","0","1024","0","1","1"
"4464","4463","Rijstepap","0","1024","0","1","1"
"4465","4465","Hangop","0","1024","0","1","1"
"4466","4465","Hangop","0","1024","0","1","1"
"4467","4221","Vla","0","1024","0","1","1"
"4468","227","Verse kaas","0","341","0","1","1"
"4469","226","Kaas","0","341","0","1","1"
"4470","226","Gepasteuriseerde kaas","0","341","1","1","1"
"4471","4343","Ijs","0","341","1","1","1"
"4472","4472","Kefir","0","949","0","1","1"
"4473","4472","Kefir","0","949","0","1","1"
"4474","4474","Hangop","0","949","0","1","1"
"4475","4474","Hangop","0","949","0","1","1"
"4476","4476","Kaaswei","0","358","0","1","1"
"4477","4476","Kaaswei","0","358","0","1","1"
"4478","4478","Geraspte kaas","0","358","0","1","1"
"4479","4478","Geraspte kaas","0","358","0","1","1"
"4480","4480","Gevacumeerde kaas","0","636","0","1","1"
"4481","4480","Gevacumeerde kaas","0","636","1","1","1"
"4482","4482","Rijstepap","0","861","0","1","1"
"4483","4482","Rijstepap","0","861","1","1","1"
"4484","4484","Griesmeelpudding","0","861","0","1","1"
"4485","4484","Griesmeelpudding","0","861","1","1","1"
"4486","4486","Hangop","0","861","0","1","1"
"4487","4486","Hangop","0","861","0","1","1"
"4488","4488","Kefir","0","348","0","1","1"
"4489","4488","Kefir","0","348","0","1","1"
"4490","4490","Paneer","0","1069","0","1","1"
"4491","4490","Paneer","0","1069","1","1","1"
"4492","4492","Mozarella","0","1069","0","1","1"
"4493","4492","Mozarella","0","1069","0","1","1"
"4494","258","Kaas","0","347","0","1","1"
"4495","4166","Pakket 63","0","1181","1","0","1"
"4496","4168","Pakket 63","0","189","1","0","1"
"4497","85","Kaas","0","364","1","1","1"
"4498","87","Boter","0","364","1","1","1"
"4499","88","Yoghurt","0","364","1","1","1"
"4500","182","Vla","0","364","1","1","1"
"4501","204","Melk","0","364","1","1","1"
"4502","86","Karnemelk","0","364","1","1","1"
"4503","4503","Pakket 65","0","189","0","1","1"
"4504","4503","Pakket 65","0","189","0","1","1"
"4505","4505","Pakket 65","0","1181","0","1","1"
"4506","4505","Pakket 65","0","1181","0","1","1"
"4507","2786","STEC - screening - PALL","1","0","0","0","1"
"4508","2784","STEC - screening (Q) - PALL","1","0","0","0","1"
"4509","2788","STEC - bevestiging - PALL","1","0","0","0","1"
"4510","4510","STEC - screening - Bio-Rad","1","0","0","0","1"
"4511","4510","STEC - screening - Bio-Rad","1","0","0","0","1"
"4512","4510","STEC - screening - Bio-Rad","1","0","0","0","1"
"4513","4513","Pakket 66","0","1181","0","0","1"
"4514","4513","Pakket 66","0","1181","0","0","1"
"4515","4515","Pakket 66","0","189","0","0","1"
"4516","4515","Pakket 66","0","189","0","0","1"
"4517","812","Legionella - Proceswater","1","0","1","0","1"
"4518","4100","Afvalwater","0","1213","1","1","1"
"4519","4519","Melk","0","1095","0","1","1"
"4520","4519","Melk","0","1095","0","1","1"
"4521","4521","Vla","0","1095","0","1","1"
"4522","4521","Vla","0","1095","0","1","1"
"4523","4523","Chocolademelk","0","1095","0","1","1"
"4524","4523","Chocolademelk","0","1095","0","1","1"
"4525","4525","Yoghurt","0","1095","0","1","1"
"4526","4525","Yoghurt","0","1095","0","1","1"
"4527","4527","Schaal/schelpdieren","0","1233","0","1","1"
"4528","4527","Schaal/schelpdieren","0","1233","0","1","1"
"4529","4529","Tarbot","0","381","0","1","1"
"4530","4529","Tarbot - maandelijks","0","381","0","1","1"
"4531","4531","Tarbot - jaarlijks","0","381","0","1","1"
"4532","4531","Tarbot - jaarlijks","0","381","1","1","1"
"4533","4527","Schaal/schelpdieren","0","1233","1","1","1"
"4534","4529","Tarbot - maandelijks","0","381","1","1","1"
"4535","251","Schaal/schelpdieren","0","381","1","1","1"
"4536","4536","Diepvriesproduct","0","381","0","1","1"
"4537","4536","Diepvriesproduct","0","381","1","1","1"
"4538","4538","Palourdes - zware metalen","0","381","0","1","1"
"4539","4538","Palourdes - zware metalen","0","381","1","1","1"
"4540","4540","Stoomschelpen","0","381","0","1","1"
"4541","4540","Stoomschelpen","0","381","1","1","1"
"4542","4542","Scherfijs / drinkwater","0","381","0","1","1"
"4543","4542","Scherfijs / drinkwater","0","381","1","1","1"
"4544","4544","Swab - omgevingsmonster","0","381","0","1","1"
"4545","4544","Swab - omgevingsmonster","0","381","1","1","1"
"4546","3765","Fruit buitenkant (schil)","0","128","0","1","1"
"4547","4547","Rauwmelkse kaas","0","1236","0","1","1"
"4548","4547","Rauwmelkse kaas","0","1236","0","1","1"
"4549","4549","Hangop (klein)","0","1236","0","1","1"
"4550","4549","Hangop (klein)","0","1236","0","1","1"
"4551","4551","Hangop (groot)","0","1236","0","1","1"
"4552","4551","Hangop (groot)","0","1236","0","1","1"
"4553","4553","Hangop (THT)","0","1236","0","1","1"
"4554","4553","Hangop / Yoghurt (THT)","0","1236","0","1","1"
"4555","4555","Vla (klein)","0","1236","0","1","1"
"4556","4555","Vla (klein)","0","1236","0","1","1"
"4557","4557","Vla (groot)","0","1236","0","1","1"
"4558","4557","Vla (groot)","0","1236","0","1","1"
"4559","4559","Vla (THT)","0","1236","0","1","1"
"4560","4559","Vla (THT)","0","1236","0","1","1"
"4561","4561","Yoghurt","0","1236","0","1","1"
"4562","4561","Yoghurt","0","1236","0","1","1"
"4563","4563","Pakket 67","0","1181","0","0","1"
"4564","4563","Pakket 67","0","1181","1","0","1"
"4565","4565","Pakket 67","0","189","0","0","1"
"4566","4565","Pakket 67","0","189","1","0","1"
"4567","4567","Verpakkingsmateriaal","0","1176","0","1","1"
"4568","4567","Verpakkingsmateriaal","0","1176","0","1","1"
"4569","4569","Pakket 1 - Selo verpakking","0","1239","0","1","1"
"4570","4569","Pakket 1 - Selo verpakking","0","1239","0","1","1"
"4571","4567","Verpakkingsmateriaal","0","1176","0","1","1"
"4572","4567","Verpakkingsmateriaal","0","1176","0","1","1"
"4573","4573","Pakket 68","0","1181","0","0","1"
"4574","4573","Pakket 68","0","1181","0","0","1"
"4575","4575","Pakket 68","0","189","0","0","1"
"4576","4575","Pakket 68","0","189","0","0","1"
"4577","4577","STEC pakket","0","128","0","1","1"
"4578","4577","STEC pakket","0","128","0","1","1"
"4579","4579","Oester pakket maandelijks","0","1240","0","1","1"
"4580","4579","Oester pakket maandelijks","0","1240","1","1","1"
"4581","1527","Regulier onderzoek","0","569","1","0","1"
"4582","702","Pakket 14","0","189","0","0","1"
"4583","3991","Pakket 14","0","1181","0","0","1"
"4584","702","Pakket 14","0","189","0","0","1"
"4585","4585","MICRO","0","410","0","1","1"
"4586","4585","MICRO","0","410","0","1","1"
"4587","4587","COA","0","410","0","1","1"
"4588","4587","COA","0","410","0","1","1"
"4589","4587","COA","0","410","0","1","1"
"4590","532","Pakket 25","0","189","0","0","1"
"4591","3689","Fertiliser production 702","0","867","0","1","1"
"4592","3855","Wateranalyses","0","164","0","1","1"
"4593","3861","Wateranalyses (drinkwaterbesluit)","0","164","0","1","1"
"4594","3756","1613 - Silverskin Onions Bonduelle Kenia","0","164","0","1","1"
"4595","4595","Kaas","0","1244","0","1","1"
"4596","4595","Kaas","0","1244","0","1","1"
"4597","4595","Kaas","0","1244","1","1","1"
"4598","4598","Pakket 69","0","1181","0","0","1"
"4599","4598","Pakket 69","0","1181","0","0","1"
"4600","4600","Pakket 69","0","189","0","0","1"
"4601","4600","Pakket 69","0","189","0","0","1"
"4602","4602","Schelpdieren","0","905","0","1","1"
"4603","4602","Schelpdieren","0","905","1","1","1"
"4604","4604","Proceswater","0","905","0","1","1"
"4605","4604","Proceswater","0","905","1","1","1"
"4606","4606","Classic micro - vruchtensap","0","818","0","0","1"
"4607","4606","Classic micro - vruchtensap","0","818","0","0","1"
"4608","4608","Classic micro - (spoel)water","0","818","0","0","1"
"4609","4608","Classic micro - (spoel)water","0","818","0","0","1"
"4610","2786","STEC - screening - PALL","1","0","0","0","1"
"4611","308","Controle van script maz7218grens","0","565","0","0","1"
"4612","1240","Monstername VVA GR 4 grondstof rundvlees","0","953","0","1","1"
"4613","2784","STEC - screening (Q) - PALL","1","0","0","0","1"
"4614","111","Groenten","0","115","0","0","1"
"4615","848","Fruit","0","115","0","0","1"
"4616","142","Kaas","0","352","0","1","1"
"4617","548","Pakket 24","0","189","0","0","1"
"4618","353","Pakket 15","0","189","0","0","1"
"4619","352","Pakket 13","0","189","0","0","1"
"4620","3988","Pakket 25","0","1181","0","0","1"
"4621","3989","Pakket 24","0","1181","0","0","1"
"4622","3990","Pakket 15","0","1181","0","0","1"
"4623","3992","Pakket 13","0","1181","0","0","1"
"4624","308","Controle van script maz7218grens","0","565","0","0","1"
"4625","2862","2A  RTE - Rauw/GF","0","994","0","1","1"
"4626","2870","3B  Grondstof - RTE","0","994","0","1","1"
"4627","1055","Invriesbemonstering 80/20","0","426","0","0","1"
"4628","3708","STEC","0","426","0","1","1"
"4629","3863","Alpro release","0","165","0","1","1"
"4630","526","Shoarma (E.coli + Salm)","0","412","1","1","1"
"4631","528","Shoarma (Salm)","0","412","1","1","1"
"4632","4632","Conserven","0","905","0","1","1"
"4633","4632","Conserven","0","905","1","1","1"
"4634","4634","Pakket 1","0","1248","0","1","1"
"4635","4634","Pakket 1","0","1248","0","1","1"
"4636","4636","Pakket 2","0","1248","0","1","1"
"4637","4636","Pakket 2","0","1248","1","1","1"
"4638","349","Pakket 10","0","189","1","0","1"
"4639","4639","Pakket 60 (kaas)","0","1181","0","0","1"
"4640","4639","Pakket 60 (kaas)","0","1181","0","0","1"
"4641","4641","Pakket 60 (kaas)","0","189","0","0","1"
"4642","4641","Pakket 60 (kaas)","0","189","1","0","1"
"4643","4643","Pakket 61 (kaas)","0","1181","0","0","1"
"4644","4643","Pakket 61 (kaas)","0","1181","0","0","1"
"4645","4645","Pakket 61 (kaas)","0","189","0","0","1"
"4646","4645","Pakket 61 (kaas)","0","189","0","0","1"
"4647","3937","Pakket A-HG","0","978","0","1","1"
"4648","4648","Rauwe melk","0","1052","0","1","1"
"4649","4648","Rauwe melk","0","1052","1","1","1"
"4650","4650","Gepasteuriseerde melk","0","1052","0","1","1"
"4651","4650","Gepasteuriseerde melk","0","1052","0","1","1"
"4652","4652","Yoghurt / Hangop","0","1052","0","1","1"
"4653","4652","Yoghurt / Hangop (1x/6wkn)","0","1052","1","1","1"
"4654","4654","Yoghurt / Hangop (2x/jaar)","0","1052","0","1","1"
"4655","4654","Yoghurt / Hangop (2x/jaar)","0","1052","0","1","1"
"4656","4656","Jonge/verse kaas","0","1052","0","1","1"
"4657","4656","Jonge/verse kaas","0","1052","1","1","1"
"4658","4658","Zoete pap / slagroom","0","1052","0","1","1"
"4659","4658","Zoete pap / slagroom","0","1052","1","1","1"
"4660","4650","Gepasteuriseerde melk","0","1052","1","1","1"
"4661","4547","Kaas","0","1236","0","1","1"
"4662","4662","Gepasteuriseerde melk","0","1236","0","1","1"
"4663","4662","Gepasteuriseerde melk","0","1236","0","1","1"
"4664","4664","Meststoffenwet - Basis","0","867","0","1","1"
"4665","4664","Meststoffenwet - Basis","0","867","0","1","1"
"4666","4664","Meststoffenwet - Basis","0","867","1","1","1"
"4667","4667","Meststoffenwet - Uitgebreid","0","867","0","1","1"
"4668","4667","Meststoffenwet - Uitgebreid","0","867","0","1","1"
"4669","4669","Boerenkaas","0","1252","0","1","1"
"4670","4669","Boerenkaas","0","1252","0","1","1"
"4671","4671","Yoghurt","0","1252","0","1","1"
"4672","4671","Yoghurt","0","1252","0","1","1"
"4673","4673","Karnemelk","0","1252","0","1","1"
"4674","4673","Karnemelk","0","1252","0","1","1"
"4675","4675","Boter","0","1252","0","1","1"
"4676","4675","Boter","0","1252","0","1","1"
"4677","4677","Gepasteuriseerde melk","0","1252","0","1","1"
"4678","4677","Gepasteuriseerde melk","0","1252","0","1","1"
"4679","3275","Listeria modellering","0","955","1","1","1"
"4680","4236","Vla - groot","0","793","1","1","1"
"4681","4681","Vla - klein","0","793","0","1","1"
"4682","4681","Vla - klein","0","793","1","1","1"
"4683","4683","Vla - THT","0","793","0","1","1"
"4684","4683","Vla - THT","0","793","1","1","1"
"4685","4238","Karnemelk - direct na prod.","0","793","1","1","1"
"4686","4686","Karnemelk - THT","0","793","0","1","1"
"4687","4686","Karnemelk - THT","0","793","1","1","1"
"4688","4252","Kwark - direct na prod.","0","793","1","1","1"
"4689","4689","Kwark","0","793","0","1","1"
"4690","4689","Kwark","0","793","0","1","1"
"4691","4689","Kwark - THT","0","793","1","1","1"
"4692","4438","Kefir - direct na prod.","0","793","1","1","1"
"4693","4693","Kefir - THT","0","793","0","1","1"
"4694","4693","Kefir - THT","0","793","1","1","1"
"4695","4285","Yoghurt - direct na prod.","0","793","1","1","1"
"4696","4696","Yoghurt - THT","0","793","0","1","1"
"4697","4696","Yoghurt - THT","0","793","1","1","1"
"4698","4335","Roomijs","0","793","1","1","1"
"4699","4265","Roomboter","0","793","1","1","1"
"4700","4328","Melk / chocolademelk - klein","0","793","1","1","1"
"4701","4701","Melk / chocolademelk - groot","0","793","0","1","1"
"4702","4701","Melk / chocolademelk - groot","0","793","1","1","1"
"4703","4703","Melk / chocolademelk - THT","0","793","0","1","1"
"4704","4703","Melk / chocolademelk - THT","0","793","1","1","1"
"4705","4440","Rijstepap - groot","0","793","1","1","1"
"4706","4706","Rijstepap - klein","0","793","0","1","1"
"4707","4706","Rijstepap - klein","0","793","1","1","1"
"4708","4708","Rijstepap - THT","0","793","0","1","1"
"4709","4708","Rijstepap - THT","0","793","1","1","1"
"4710","4380","Rauwe melk","0","793","0","1","1"
"4711","4711","Witte kaas","0","793","0","1","1"
"4712","4711","Witte kaas","0","793","1","1","1"
"4713","4549","Hangop (klein)","0","1236","0","1","1"
"4714","4553","Hangop / Yoghurt (THT)","0","1236","0","1","1"
"4715","4547","Gepasteuriseerde kaas","0","1236","0","1","1"
"4716","4716","Gepasteuriseerde kaas","0","355","0","1","1"
"4717","4716","Gepasteuriseerde kaas","0","355","0","1","1"
"4718","4718","Gethermiseerde kaas","0","355","0","1","1"
"4719","4718","Gethermiseerde kaas","0","355","0","1","1"
"4720","4720","Vla - klein","0","355","0","1","1"
"4721","4720","Vla - klein","0","355","0","1","1"
"4722","4722","Vla - groot","0","355","0","1","1"
"4723","4722","Vla - groot","0","355","0","1","1"
"4724","4724","Vla - THT","0","355","0","1","1"
"4725","4724","Vla - THT","0","355","0","1","1"
"4726","4726","Melk / chocolademelk - klein","0","355","0","1","1"
"4727","4726","Melk / chocolademelk - klein","0","355","0","1","1"
"4728","4728","Melk / chocolademelk - groot","0","355","0","1","1"
"4729","4728","Melk / chocolademelk - groot","0","355","0","1","1"
"4730","4730","Melk / chocolademelk - THT","0","355","0","1","1"
"4731","4730","Melk / chocolademelk - THT","0","355","0","1","1"
"4732","4732","Roomboter","0","355","0","1","1"
"4733","4732","Roomboter","0","355","0","1","1"
"4734","4734","Yoghurt - direct na prod.","0","355","0","1","1"
"4735","4734","Yoghurt - direct na prod.","0","355","0","1","1"
"4736","4736","Yoghurt - THT","0","355","0","1","1"
"4737","4736","Yoghurt - THT","0","355","0","1","1"
"4738","4738","Karnemelk - direct na prod.","0","355","0","1","1"
"4739","4738","Karnemelk - direct na prod.","0","355","0","1","1"
"4740","4740","Karnemelk - THT","0","355","0","1","1"
"4741","4740","Karnemelk - THT","0","355","0","1","1"
"4742","4380","Rauwe melk","0","793","1","1","1"
"4743","4120","Pakket Hygiënecode Slagers","0","1149","1","1","1"
"4744","4744","Rush DNA PCR screening","0","867","0","1","1"
"4745","4744","Rush DNA PCR screening","0","867","0","1","1"
"4746","3638","Rauwe melk uit melktap","0","1045","0","1","1"
"4747","4747","Melk gepasteuriseerd","0","1271","0","1","1"
"4748","4747","Melk gepasteuriseerd","0","1271","1","1","1"
"4749","4749","Kaas (10-14 dagen)","0","1271","0","1","1"
"4750","4749","Kaas (10-14 dagen)","0","1271","0","1","1"
"4751","4751","Kaas verpakt","0","1271","0","1","1"
"4752","4751","Kaas verpakt","0","1271","0","1","1"
"4753","4749","Kaas (10-14 dagen)","0","1271","1","1","1"
"4754","4754","Rauwe melk","0","1267","0","1","1"
"4755","4754","Rauwe melk","0","1267","0","1","1"
"4756","4756","Rauwmelkse kaas","0","1267","0","1","1"
"4757","4756","Rauwmelkse kaas","0","1267","1","1","1"
"4758","4446","Kaaswei","0","975","0","1","1"
"4759","541","Rauwkost/Groenten","0","113","1","1","1"
"4760","4585","MICRO","0","410","0","1","1"
"4761","4587","COA textured","0","410","0","1","1"
"4762","4762","COA dehydrated","0","410","0","1","1"
"4763","4762","COA dehydrated","0","410","0","1","1"
"4764","4587","COA textured","0","410","0","1","1"
"4765","4762","COA Unilever","0","410","0","1","1"
"4766","4766","COA dehydrated","0","410","0","1","1"
"4767","4766","COA dehydrated","0","410","0","1","1"
"4768","4768","Rauwe melk","0","355","0","1","1"
"4769","4768","Rauwe melk","0","355","0","1","1"
"4770","4754","Rauwe melk","0","1267","1","1","1"
"4771","4771","Rauw product - direct","0","1288","0","1","1"
"4772","4771","Rauw product - direct","0","1288","0","1","1"
"4773","4771","Rauw product - direct","0","1288","1","1","1"
"4774","4774","Bereid product","0","1288","0","1","1"
"4775","4774","Bereid product - direct","0","1288","0","1","1"
"4776","4776","Sausen - direct","0","1288","0","1","1"
"4777","4776","Sausen - direct","0","1288","1","1","1"
"4778","4774","Bereid product - direct","0","1288","1","1","1"
"4779","4779","Rauw product - THT","0","1288","0","1","1"
"4780","4779","Rauw product - THT","0","1288","0","1","1"
"4781","4781","Bereid product - THT","0","1288","0","1","1"
"4782","4781","Bereid product - THT","0","1288","0","1","1"
"4783","4783","Sausen - THT","0","1288","0","1","1"
"4784","4783","Sausen - THT","0","1288","0","1","1"
"4785","4785","Afvalwate","0","1289","0","1","1"
"4786","4785","Afvalwater","0","1289","1","1","1"
"4787","4787","Pakket A","0","1293","0","1","1"
"4788","4787","Pakket A","0","1293","0","1","1"
"4789","4789","Pakket B","0","1293","0","1","1"
"4790","4789","Pakket B","0","1293","0","1","1"
"4791","4791","Pakket C","0","1293","0","1","1"
"4792","4791","Pakket C","0","1293","0","1","1"
"4793","4793","Pakket D","0","1293","0","1","1"
"4794","4793","Pakket D","0","1293","0","1","1"
"4795","4795","Pakket 70","0","189","0","1","1"
"4796","4795","Pakket 70","0","189","0","1","1"
"4797","4797","Pakket 70","0","1181","0","1","1"
"4798","4797","Pakket 70","0","1181","0","1","1"
"4799","4795","Pakket 70","0","189","0","1","1"
"4800","4800","Vitaminen","0","165","0","1","1"
"4801","4800","Vitaminen","0","165","1","1","1"
"4802","4802","Sap/Shot/Smoothie/soep (Direct)","0","622","0","1","1"
"4803","4802","Sap/Shot/Smoothie/soep (Direct)","0","622","1","1","1"
"4804","4804","Sap/Shot/Smoothie/soep (THT)","0","622","0","1","1"
"4805","4804","Sap/Shot/Smoothie/soep (THT)","0","622","1","1","1"
"4806","4806","Swab (omgeving)","0","622","0","1","1"
"4807","4806","Swab (omgeving)","0","622","1","1","1"
"4808","4808","Rodac afdrukjes (omgeving)","0","622","0","1","1"
"4809","4808","Rodac afdrukjes (omgeving)","0","622","1","1","1"
"4810","4810","Water","0","622","0","1","1"
"4811","4810","Water","0","622","1","1","1"
"4812","290","Proceswater","0","391","1","1","1"
"4813","364","Mosselen / oesters (zonder kiemgetal)","0","719","1","1","1"
"4814","4814","Mosselen / oesters (met kiemgetal)","0","719","0","1","1"
"4815","4814","Mosselen / oesters (met kiemgetal)","0","719","1","1","1"
"4816","4816","Kreeft","0","719","0","1","1"
"4817","4816","Kreeft","0","719","1","1","1"
"4818","4818","Oppervlaktewater","0","719","0","1","1"
"4819","4818","Oppervlaktewater","0","719","1","1","1"
"4820","4820","Positive release","0","1086","0","1","1"
"4821","4820","Positive release","0","1086","0","1","1"
"4822","4822","Rauwe koemelk","0","1116","0","1","1"
"4823","4822","Rauwe koemelk","0","1116","0","1","1"
"4824","4824","Rauwe geitenmelk","0","1116","0","1","1"
"4825","4824","Rauwe geitenmelk","0","1116","0","1","1"
"4826","4826","Rauwmelkse geiten/koe kaas","0","1116","0","1","1"
"4827","4826","Rauwmelkse geiten/koe kaas","0","1116","0","1","1"
"4828","4828","Gepasteuriseerde yoghurt","0","1116","0","1","1"
"4829","4828","Gepasteuriseerde yoghurt","0","1116","0","1","1"
"4830","4830","Gepasteuriseerde karnemelk","0","1116","0","1","1"
"4831","4830","Gepasteuriseerde karnemelk","0","1116","0","1","1"
"4832","4832","Productgroep 1 - Direct na productie","0","1313","0","1","1"
"4833","4832","Productgroep 1 - Direct na productie","0","1313","1","1","1"
"4834","4834","Productgroep 1 - THT - 4 dagen","0","1313","0","1","1"
"4835","4834","Productgroep 1 - THT - 4 dagen","0","1313","0","1","1"
"4836","4836","Productgroep 1 - THT - 8 dagen","0","1313","0","1","1"
"4837","4836","Productgroep 1 - THT - 8 dagen","0","1313","0","1","1"
"4838","4838","Productgroep 2 - Direct na productie","0","1313","0","1","1"
"4839","4838","Productgroep 2 - Direct na productie","0","1313","1","1","1"
"4840","4840","Productgroep 2 - THT - 4 dagen","0","1313","0","1","1"
"4841","4840","Productgroep 2 - THT - 4 dagen","0","1313","0","1","1"
"4842","4842","Productgroep 3 - Direct na productie","0","1313","0","1","1"
"4843","4842","Productgroep 3 - Direct na productie","0","1313","1","1","1"
"4844","4844","Productgroep 3 - THT - 4 dagen","0","1313","0","1","1"
"4845","4844","Productgroep 3 - THT - 4 dagen","0","1313","0","1","1"
"4846","4846","Productgroep 3 - THT - 8 dagen","0","1313","0","1","1"
"4847","4846","Productgroep 3 - THT - 8 dagen","0","1313","0","1","1"
"4848","4848","Pakket 71","0","1181","0","1","1"
"4849","4848","Pakket 71","0","1181","0","1","1"
"4850","4850","Pakket 71","0","189","0","1","1"
"4851","4850","Pakket 71","0","189","0","1","1"
"4852","4744","Rush DNA PCR screening","0","867","0","1","1"
"4853","3553","Eindproduct - direct - Salades, Tapas","0","567","0","1","1"
"4854","3555","Eindproduct - direct - Rauwkostsalades","0","567","0","1","1"
"4855","4855","Eindproduct - direct - dressing","0","567","0","1","1"
"4856","4855","Eindproduct - direct - dressing","0","567","0","1","1"
"4857","3559","Eindproduct - THT - salades obv yoghurt","0","567","0","1","1"
"4858","3561","Eindproduct - THT - salades obv mayo","0","567","0","1","1"
"4859","3563","Eindproduct - THT - Tapas","0","567","0","1","1"
"4860","3565","Eindproduct - THT - Rauwkostsalade","0","567","0","1","1"
"4861","4861","Eindproduct - THT - dressing","0","567","0","1","1"
"4862","4861","Eindproduct - THT - dressing","0","567","0","1","1"
"4863","4863","Pakket E","0","1293","0","1","1"
"4864","4863","Pakket E","0","1293","0","1","1"
"4865","4865","Biologische bruine rijst","0","1322","0","1","1"
"4866","4865","Biologische bruine rijst","0","1322","0","1","1"
"4867","4867","Melk / Karnemelk","0","1323","0","1","1"
"4868","4867","Melk / Karnemelk","0","1323","0","1","1"
"4869","4869","Yoghurt / Boter","0","1323","0","1","1"
"4870","4869","Yoghurt / Boter","0","1323","0","1","1"
"4871","4871","Boerenkaas","0","1323","0","1","1"
"4872","4871","Boerenkaas","0","1323","0","1","1"
"4873","4873","Pakket Tradin","0","1200","0","1","1"
"4874","4873","Pakket Tradin","0","1200","0","1","1"
"4875","2827","Pakket E2","0","787","0","1","1"
"4876","4876","Pakket E1","0","787","0","1","1"
"4877","4876","Pakket E1","0","787","1","1","1"
"4878","3803","Pakket Q","0","787","1","1","1"
"4879","4879","Pakket L","0","787","0","1","1"
"4880","4879","Pakket L","0","787","1","1","1"
"4881","4881","Pakket W","0","787","0","1","1"
"4882","4881","Pakket W","0","787","1","1","1"
"4883","4883","Pakket N","0","787","0","1","1"
"4884","4883","Pakket N","0","787","1","1","1"
"4885","2815","Pakket C","0","787","1","1","1"
"4886","4886","Drinkwaterpakket","0","374","0","1","1"
"4887","4886","Drinkwaterpakket","0","374","1","1","1"
"4888","3902","Pakket A","0","684","1","1","1"
"4889","3904","Pakket B","0","684","1","1","1"
"4890","4890","Pakket C","0","684","0","1","1"
"4891","4890","Pakket C","0","684","1","1","1"
"4892","3908","Pakket D","0","684","1","1","1"
"4893","3910","Pakket E1","0","684","1","1","1"
"4894","4894","Pakket E2","0","684","0","1","1"
"4895","4894","Pakket E2","0","684","0","1","1"
"4896","3912","Pakket F","0","684","1","1","1"
"4897","3914","Pakket G","0","684","1","1","1"
"4898","3916","Pakket H","0","684","1","1","1"
"4899","3918","Pakket I","0","684","1","1","1"
"4900","4900","Pakket J","0","684","0","1","1"
"4901","4900","Pakket J","0","684","1","1","1"
"4902","4902","Pakket K","0","684","0","1","1"
"4903","4902","Pakket K","0","684","0","1","1"
"4904","4902","Pakket K - ui","0","684","0","1","1"
"4905","4905","Pakket K - vis","0","684","0","1","1"
"4906","4905","Pakket K - vis","0","684","0","1","1"
"4907","4907","Pakket L","0","684","0","1","1"
"4908","4907","Pakket L","0","684","1","1","1"
"4909","4909","Pakket M","0","684","0","1","1"
"4910","4909","Pakket M","0","684","1","1","1"
"4911","4911","Pakket N","0","684","0","1","1"
"4912","4911","Pakket N","0","684","1","1","1"
"4913","3920","Pakket O","0","684","1","1","1"
"4914","3922","Pakket P","0","684","1","1","1"
"4915","4915","Pakket Q","0","684","0","1","1"
"4916","4915","Pakket Q","0","684","1","1","1"
"4917","4917","Pakket R","0","684","0","1","1"
"4918","4917","Pakket R","0","684","1","1","1"
"4919","4065","Pakket S","0","684","1","1","1"
"4920","4920","Pakket V","0","684","0","1","1"
"4921","4920","Pakket V","0","684","1","1","1"
"4922","4922","Pakket W","0","684","0","1","1"
"4923","4922","Pakket W","0","684","1","1","1"
"4924","3018","Pakket A","0","843","1","1","1"
"4925","3022","Pakket B","0","843","1","1","1"
"4926","3026","Pakket C","0","843","1","1","1"
"4927","3046","Pakket D","0","843","1","1","1"
"4928","4928","Pakket E1","0","843","0","1","1"
"4929","4928","Pakket E1","0","843","1","1","1"
"4930","4930","Pakket E2","0","843","0","1","1"
"4931","4930","Pakket E2","0","843","0","1","1"
"4932","3050","Pakket F","0","843","1","1","1"
"4933","3053","Pakket G","0","843","1","1","1"
"4934","3830","Pakket H","0","843","1","1","1"
"4935","3832","Pakket I","0","843","1","1","1"
"4936","4936","Pakket J","0","843","0","1","1"
"4937","4936","Pakket J","0","843","1","1","1"
"4938","4938","Pakket K - ui","0","843","0","1","1"
"4939","4938","Pakket K - ui","0","843","0","1","1"
"4940","4940","Pakket K - vis","0","843","0","1","1"
"4941","4940","Pakket K - vis","0","843","0","1","1"
"4942","4942","Pakket L","0","843","0","1","1"
"4943","4942","Pakket L","0","843","1","1","1"
"4944","4944","Pakket M","0","843","0","1","1"
"4945","4944","Pakket M","0","843","1","1","1"
"4946","4946","Pakket N","0","843","0","1","1"
"4947","4946","Pakket N","0","843","1","1","1"
"4948","3834","Pakket O","0","843","1","1","1"
"4949","3836","Pakket P","0","843","1","1","1"
"4950","4950","Pakket Q","0","843","0","1","1"
"4951","4950","Pakket Q","0","843","1","1","1"
"4952","4952","Pakket R","0","843","0","1","1"
"4953","4952","Pakket R","0","843","1","1","1"
"4954","4043","Pakket S","0","843","1","1","1"
"4955","4045","Pakket T","0","843","1","1","1"
"4956","4047","Pakket U","0","843","1","1","1"
"4957","4957","Pakket V","0","843","0","1","1"
"4958","4957","Pakket V","0","843","1","1","1"
"4959","4959","Pakket W","0","843","0","1","1"
"4960","4959","Pakket W","0","843","1","1","1"
"4961","4961","Pakket 72","0","189","0","1","1"
"4962","4961","Pakket 72","0","189","0","1","1"
"4963","4963","Pakket 72","0","1181","0","1","1"
"4964","4963","Pakket 72","0","1181","0","1","1"
"4965","4965","Rice","0","1322","0","1","1"
"4966","4965","Rice","0","1322","0","1","1"
"4967","4865","Biologische bruine rijst","0","1322","0","1","1"
"4968","4865","Rijst","0","1322","0","1","1"
"4969","3855","Wateranalyses","0","164","1","1","1"
"4970","3861","Wateranalyses (drinkwaterbesluit)","0","164","1","1","1"
"4971","4971","Chocolade","0","27","0","1","1"
"4972","4971","Chocolade","0","27","0","1","1"
"4973","4973","Tabletten","0","1206","0","0","1"
"4974","4973","Tabletten","0","1206","0","0","1"
"4975","4975","Water","0","1206","0","0","1"
"4976","4975","Water","0","1206","0","0","1"
"4977","4977","Paardenmelk","0","1335","0","1","1"
"4978","4977","Paardenmelk","0","1335","1","1","1"
"4979","4979","Schema P-1","0","11","0","1","1"
"4980","4979","Schema P-1","0","11","0","1","1"
"4981","4981","Schema P-2","0","11","0","1","1"
"4982","4981","Schema P-2","0","11","0","1","1"
"4983","4983","Schema P-3","0","11","0","1","1"
"4984","4983","Schema P-3","0","11","0","1","1"
"4985","4985","Schema P-4","0","11","0","1","1"
"4986","4985","Schema P-4","0","11","0","1","1"
"4987","4987","Schema P-5","0","11","0","1","1"
"4988","4987","Schema P-5","0","11","0","1","1"
"4989","4989","Schema P-6","0","11","0","1","1"
"4990","4989","Schema P-6","0","11","0","1","1"
"4991","4991","Schema P-7","0","11","0","1","1"
"4992","4991","Schema P-7","0","11","0","1","1"
"4993","4993","E. coli","0","632","0","1","1"
"4994","4994","E. coli","0","632","0","1","1"
"4995","4994","E. coli","0","632","1","1","1"
"4996","4996","Salmonella (meng 5x25gram)","0","632","0","1","1"
"4997","4996","Salmonella (meng 5x25gram)","0","632","1","1","1"
"4998","1334","Drinkwater - drinkwaterbesluit","0","607","0","1","1"
"4999","3746","n=5 + aanvulling","0","798","0","1","1"
"5000","5000","Spoelwater <1","0","36","0","1","1"
"5001","5000","Spoelwater <1","0","36","0","1","1"
"5002","5002","Beregeningswater","0","36","0","1","1"
"5003","5002","Beregeningswater (1000 kve/100ml)","0","36","0","1","1"
"5004","5000","Spoelwater (<1 kve/100ml)","0","36","0","1","1"
"5005","5005","Gepasteuriseerde melk","0","1357","0","1","1"
"5006","5005","Gepasteuriseerde melk","0","1357","0","1","1"
"5007","5007","Rauwe melk","0","1357","0","1","1"
"5008","5007","Rauwe melk","0","1357","0","1","1"
"5009","5009","Yoghurt - direct na prod.","0","1357","0","1","1"
"5010","5009","Yoghurt - direct na prod.","0","1357","0","1","1"
"5011","5011","Yoghurt - THT","0","1357","0","1","1"
"5012","5011","Yoghurt - THT","0","1357","0","1","1"
"5013","5013","Kwark - direct na prod.","0","1357","0","1","1"
"5014","5013","Kwark - direct na prod.","0","1357","0","1","1"
"5015","5015","Kwark - THT","0","1357","0","1","1"
"5016","5015","Kwark - THT","0","1357","0","1","1"
"5017","5017","Pakket 73","0","1181","0","1","1"
"5018","5017","Pakket 73","0","1181","1","1","1"
"5019","5019","Pakket 73","0","189","0","1","1"
"5020","5019","Pakket 73","0","189","1","1","1"
"5021","5021","Pakket compost","0","1361","0","1","1"
"5022","5021","Pakket compost","0","1361","1","1","1"
"5023","4585","MICRO","0","410","0","1","1"
"5024","4248","Geitenkwark","0","637","0","1","1"
"5025","4248","Geitenkwark","0","637","1","1","1"
"5026","5026","Vla - klein","0","1370","0","1","1"
"5027","5026","Vla - klein","0","1370","0","1","1"
"5028","5028","Vla - groot","0","1370","0","1","1"
"5029","5028","Vla - groot","0","1370","0","1","1"
"5030","5030","Vla - THT","0","1370","0","1","1"
"5031","5030","Vla - THT","0","1370","0","1","1"
"5032","5032","Melk / chocomelk - klein","0","1370","0","1","1"
"5033","5032","Melk / chocomelk - klein","0","1370","0","1","1"
"5034","5034","Melk / chocomelk - groot","0","1370","0","1","1"
"5035","5034","Melk / chocomelk - groot","0","1370","0","1","1"
"5036","5036","Melk / chocomelk - THT","0","1370","0","1","1"
"5037","5036","Melk / chocomelk - THT","0","1370","0","1","1"
"5038","5038","Kwark - direct na prod.","0","1370","0","1","1"
"5039","5038","Kwark - direct na prod.","0","1370","0","1","1"
"5040","5040","Kwark - THT","0","1370","0","1","1"
"5041","5040","Kwark - THT","0","1370","0","1","1"
"5042","5042","Kefir - direct na prod.","0","1370","0","1","1"
"5043","5042","Kefir - direct na prod.","0","1370","0","1","1"
"5044","5044","Kefir - THT","0","1370","0","1","1"
"5045","5044","Kefir - THT","0","1370","0","1","1"
"5046","5046","Yoghurt - direct na prod.","0","1370","0","1","1"
"5047","5046","Yoghurt - direct na prod.","0","1370","0","1","1"
"5048","5048","Yoghurt - THT","0","1370","0","1","1"
"5049","5048","Yoghurt - THT","0","1370","0","1","1"
"5050","5050","Roomboter - direct na prod.","0","1370","0","1","1"
"5051","5050","Roomboter - direct na prod.","0","1370","0","1","1"
"5052","5052","Roomboter - THT","0","1370","0","1","1"
"5053","5052","Roomboter - THT","0","1370","0","1","1"
"5054","5054","Swab","0","153","0","1","1"
"5055","5054","Swab","0","153","1","1","1"
"5056","986","Rodac - PCA","0","153","1","1","1"
"5057","5057","Kroketten (n=1)","0","153","0","1","1"
"5058","5057","Kroketten (n=1)","0","153","0","1","1"
"5059","5059","Kroketten (n=4)","0","153","0","1","1"
"5060","5059","Kroketten (n=4)","0","153","1","1","1"
"5061","5061","Swab","0","808","0","1","1"
"5062","5061","Swab","0","808","0","1","1"
"5063","5061","Swab","0","808","1","1","1"
"5064","5064","Rodac - PCA","0","808","0","1","1"
"5065","5064","Rodac - PCA","0","808","1","1","1"
"5066","5066","Kroketten (n=1)","0","808","0","1","1"
"5067","5066","Kroketten (n=1)","0","808","0","1","1"
"5068","5068","Kroketten (n=4)","0","808","0","1","1"
"5069","5068","Kroketten (n=4)","0","808","1","1","1"
"5070","5070","Karnemelk","0","1370","0","1","1"
"5071","5070","Karnemelk","0","1370","0","1","1"
"5072","5072","Karnemelk - THT","0","1370","0","1","1"
"5073","5072","Karnemelk - THT","0","1370","0","1","1"
"5074","5074","Sinecura","0","1214","0","0","1"
"5075","5074","Sinecura","0","1214","0","0","1"
"5076","4820","Positive release","0","1086","0","1","1"
"5077","5077","Pakket 74","0","189","0","1","1"
"5078","5077","Pakket 74","0","189","0","1","1"
"5079","5079","Pakket 74","0","1181","0","1","1"
"5080","5079","Pakket 74","0","1181","0","1","1"
"5081","3710","Listeria swab (detectie)","0","426","0","1","1"
"5082","3224","houdbaarheidsonderzoek (on)gepeld uitgebreid","0","374","0","1","1"
"5083","5083","Rauwe melk (kiemgetal + pathogenen)","0","1376","0","1","1"
"5084","5083","Rauwe melk (kiemgetal + pathogenen)","0","1376","0","1","1"
"5085","5085","Rauwe melk (kiemgetal)","0","1376","0","1","1"
"5086","5085","Rauwe melk (kiemgetal)","0","1376","1","1","1"
"5087","3638","Rauwe melk uit melktap","0","1045","0","1","1"
"5088","3638","Rauwe melk uit melktap (kiemgetal + pathogenen)","0","1045","0","1","1"
"5089","5089","Rauwe melk uit melktap (alleen kiemgetal)","0","1045","0","1","1"
"5090","5089","Rauwe melk uit melktap (alleen kiemgetal)","0","1045","0","1","1"
"5091","5091","Pakket F","0","1293","0","1","1"
"5092","5091","Pakket F","0","1293","0","1","1"
"5093","3222","Ìngangscontrole (on)gepeld uitgebreid","0","374","0","1","1"
"5094","173","Kaas","0","343","1","0","1"
"5095","5095","Shoarma vlees - wekelijks n=5","0","1381","0","1","1"
"5096","5095","Shoarma vlees - wekelijks n=5","0","1381","1","1","1"
"5097","162","Water","0","124","1","0","1"
"5098","5098","Rauwe melk uit melktap (kiemgetal + pathogenen)","0","348","0","1","1"
"5099","5098","Rauwe melk uit melktap (kiemgetal + pathogenen)","0","348","0","1","1"
"5100","5100","Rauwe melk uit melktap (alleen kiemgetal)","0","348","0","1","1"
"5101","5100","Rauwe melk uit melktap (alleen kiemgetal)","0","348","1","1","1"
"5102","5102","Sorteerwater","0","1384","0","1","1"
"5103","5102","Sorteerwater","0","1384","0","1","1"
"5104","5102","Sorteerwater","0","1384","0","1","1"
"5105","4434","Rauwe melk uit melktap (kiemgetal + pathogenen)","0","636","0","1","1"
"5106","5106","Rauwe melk uit melktap (alleen kiemgetal)","0","636","0","1","1"
"5107","5106","Rauwe melk uit melktap (alleen kiemgetal)","0","636","1","1","1"
"5108","5108","Oesters (E.coli en Salmonella)","0","1385","0","1","1"
"5109","5108","Oesters (E.coli en Salmonella)","0","1385","0","1","1"
"5110","5108","Oesters (E.coli en Salmonella)","0","1385","1","1","1"
"5111","5111","Oppervlaktewater","0","1385","0","1","1"
"5112","5111","Water","0","1385","1","1","1"
"5113","5113","Vla","0","636","0","1","1"
"5114","5113","Vla","0","636","1","1","1"
"5115","4071","Rauwe melk (klein)","0","1195","1","1","1"
"5116","5116","Rauwe melk (uitgebreid)","0","1195","0","1","1"
"5117","5116","Rauwe melk (uitgebreid)","0","1195","0","1","1"
"5118","5118","Rauwe melk uit melktap (kiemgetal + pathogenen)","0","1386","0","1","1"
"5119","5118","Rauwe melk uit melktap (kiemgetal + pathogenen)","0","1386","0","1","1"
"5120","5120","Rauwe melk uit melktap (alleen kiemgetal)","0","1386","0","1","1"
"5121","5120","Rauwe melk uit melktap (alleen kiemgetal)","0","1386","0","1","1"
"5122","5002","Beregeningswater (1000 kve/100ml)","0","36","0","1","1"
"5123","5000","Spoelwater (<1 kve/100ml)","0","36","0","1","1"
"5124","5118","Rauwe melk uit melktap (kiemgetal + pathogenen)","0","1386","0","1","1"
"5125","5125","Rauwe melk uit melktap (kiemgetal + pathogenen)","0","1267","0","1","1"
"5126","5125","Rauwe melk uit melktap (kiemgetal + pathogenen)","0","1267","0","1","1"
"5127","5118","Rauwe melk uit melktap (pathogenen)","0","1386","0","1","1"
"5128","5125","Melktap - rauwe melk (kiemgetal + pathogenen)","0","1267","0","1","1"
"5129","5125","Melktap - rauwe melk (kiemgetal + pathogenen)","0","1267","0","1","1"
"5130","5130","Rauwe melk uit melktap (pathogenen)","0","949","0","1","1"
"5131","5130","Rauwe melk uit melktap (pathogenen)","0","949","0","1","1"
"5132","5132","Water","0","411","0","1","1"
"5133","5132","Water","0","411","1","1","1"
"5134","5134","Swab","0","411","0","1","1"
"5135","5134","Swab","0","411","1","1","1"
"5136","576","Vleesbereiding - gehaktproduct","0","411","1","0","1"
"5137","5137","Vleesbereiding - E.coli n=1","0","411","0","0","1"
"5138","5137","Vleesbereiding - E.coli n=1","0","411","1","0","1"
"5139","5139","Vleesbereiding - Salmonella n=5","0","411","0","0","1"
"5140","5139","Vleesbereiding - Salmonella n=5","0","411","1","0","1"
"5141","5141","Pakket 75","0","189","0","1","1"
"5142","5141","Pakket 75","0","189","0","1","1"
"5143","5143","Pakket 75","0","1181","0","1","1"
"5144","5143","Pakket 75","0","1181","0","1","1"
"5145","266","Gedroogde Bio Champignons","0","568","0","0","1"
"5146","266","Gedroogde Bio Champignons","0","568","0","1","1"
"5147","5147","Pakket 76","0","189","0","1","1"
"5148","5147","Pakket 76","0","189","0","1","1"
"5149","5149","Pakket 76","0","1181","0","1","1"
"5150","5149","Pakket 76","0","1181","0","1","1"
"5151","5151","Pakket Hygiënecode Brood- en Banketbakkerij","0","1149","0","1","1"
"5152","5151","Pakket Hygiënecode Brood- en Banketbakkerij","0","1149","1","1","1"
"5153","504","Drinkwater","0","113","0","1","1"
"5154","504","Drinkwater","0","113","1","1","1"
"5155","5155","Rauwe melk","0","349","0","1","1"
"5156","5155","Rauwe melk","0","349","0","1","1"
"5157","5157","Salade FSSP","0","167","0","1","1"
"5158","5157","Salade FSSP","0","167","0","1","1"
"5159","5157","Salade FSSP","0","167","0","1","1"
"5160","5157","Salade FSSP","0","167","0","1","1"
"5161","5161","Rauwe melk uit melktap (kiemgetal + pathogenen)","0","1391","0","1","1"
"5162","5161","Rauwe melk uit melktap (kiemgetal + pathogenen)","0","1391","0","1","1"
"5163","5163","Rauwe melk uit melktap (alleen kiemgetal)","0","1391","0","1","1"
"5164","5163","Rauwe melk uit melktap (alleen kiemgetal)","0","1391","1","1","1"
"5165","3710","Listeria monocytogenes swab (detectie)","0","426","1","1","1"
"5166","5166","Listeria species swab (detectie)","0","426","0","1","1"
"5167","5166","Listeria species swab (detectie)","0","426","1","1","1"
"5168","5168","Pakket 3","0","1248","0","1","1"
"5169","5168","Pakket 3","0","1248","1","1","1"
"5170","4820","Positive release","0","1086","0","1","1"
"5171","5171","Rauwe melk (kiemgetal)","0","1395","0","1","1"
"5172","5171","Rauwe melk (kiemgetal)","0","1395","1","1","1"
"5173","5173","Rauwe melk (kiemgetal + pathogenen)","0","1395","0","1","1"
"5174","5173","Rauwe melk (kiemgetal + pathogenen)","0","1395","0","1","1"
"5175","5175","THT-pakket","0","426","0","1","1"
"5176","5175","THT-pakket","0","426","0","1","1"
"5177","5177","Swab","0","622","0","1","1"
"5178","5177","Swab","0","622","0","1","1"
"5179","5175","THT-pakket","0","426","0","1","1"
"5180","5175","THT-pakket","0","426","0","1","1"
"5181","5181","Melktap - rauwe melk (kiemgetal + pathogenen)","1","0","0","0","1"
"5182","5181","Melktap - rauwe melk (kiemgetal + pathogenen)","1","0","0","0","1"
"5183","5183","Protocole EDV - Tonijn pikant - direct","0","567","0","1","1"
"5184","5183","Protocole EDV - Tonijn pikant - direct","0","567","1","1","1"
"5185","5185","Protocole EDV - Tonijn pikant - THT","0","567","0","1","1"
"5186","5185","Protocole EDV - Tonijn pikant - THT","0","567","1","1","1"
"5187","5187","Alpro release versie 2","0","165","0","0","1"
"5188","5187","Alpro release versie 2","0","165","0","0","1"
"5189","3863","Alpro release versie 1","0","165","0","1","1"
"5190","247","Product 2 en 3 - THT (n=1)","0","119","0","1","1"
"5191","246","Product 2 en 3 - direct (n=1)","0","119","0","1","1"
"5192","5192","Pakket 77","0","1181","0","1","1"
"5193","5192","Pakket 77","0","1181","0","1","1"
"5194","5194","Pakket 77","0","189","0","1","1"
"5195","5194","Pakket 77","0","189","0","1","1"
"5196","84","Proceswater","0","168","0","1","1"
"5197","5197","Volle melk","0","1408","0","1","1"
"5198","5197","(Volle en halfvolle) melk","0","1408","0","1","1"
"5199","5199","Yoghurt en kefir","0","1408","0","1","1"
"5200","5199","Yoghurt en kefir","0","1408","0","1","1"
"5201","5197","Volle,  halfvolle en karnemelk","0","1408","0","1","1"
"5202","5197","Volle-,  halfvolle- en karnemelk","0","1408","0","1","1"
"5203","5197","Melk (volle-,halfvolle-,karne-,cholade-)","0","1408","0","1","1"
"5204","5204","Vanille vla","0","1408","0","1","1"
"5205","5204","Vanille vla","0","1408","0","1","1"
"5206","5206","Rauwe melk","0","1408","0","1","1"
"5207","5206","Rauwe melk","0","1408","0","1","1"
"5208","5197","Melk (volle-,halfvolle-,karne-,chocolade-)","0","1408","0","1","1"
"5209","5209","Melktap rauwe melk","0","344","0","1","1"
"5210","5209","Melktap rauwe melk","0","344","0","1","1"
"5211","5211","Kwark","0","348","0","1","1"
"5212","5211","Kwark","0","348","0","1","1"
"5213","3991","Pakket 14","0","1181","0","0","1"
"5214","3991","Pakket 14","0","1181","0","0","1"
"5215","702","Pakket 14","0","189","0","0","1"
"5216","532","Pakket 25","0","189","0","0","1"
"5217","1240","Monstername VVA GR 4 grondstof rundvlees","0","953","1","1","1"
"5218","111","Groenten","0","115","1","0","1"
"5219","848","Fruit","0","115","1","0","1"
"5220","142","Kaas","0","352","1","1","1"
"5221","548","Pakket 24","0","189","0","0","1"
"5222","353","Pakket 15","0","189","0","0","1"
"5223","352","Pakket 13","0","189","0","0","1"
"5224","3988","Pakket 25","0","1181","0","0","1"
"5225","3989","Pakket 24","0","1181","0","0","1"
"5226","3990","Pakket 15","0","1181","0","0","1"
"5227","3992","Pakket 13","0","1181","0","0","1"
"5228","1055","Invriesbemonstering 80/20","0","426","1","0","1"
"5229","3708","STEC","0","426","0","1","1"
"5230","4848","Pakket 71","0","1181","1","1","1"
"5231","4850","Pakket 71","0","189","1","1","1"
"5232","5007","Rauwe melk","0","1357","0","1","1"
"5233","5083","Rauwe melk (kiemgetal + pathogenen)","0","1376","1","1","1"
"5234","3638","Rauwe melk uit melktap (kiemgetal + pathogenen)","0","1045","1","1","1"
"5235","5098","Rauwe melk uit melktap (kiemgetal + pathogenen)","0","348","1","1","1"
"5236","4434","Rauwe melk uit melktap (kiemgetal + pathogenen)","0","636","1","1","1"
"5237","5116","Rauwe melk (uitgebreid)","0","1195","1","1","1"
"5238","5118","Rauwe melk uit melktap (pathogenen)","0","1386","1","1","1"
"5239","5125","Melktap - rauwe melk (kiemgetal + pathogenen)","0","1267","1","1","1"
"5240","5130","Rauwe melk uit melktap (pathogenen)","0","949","1","1","1"
"5241","5155","Rauwe melk","0","349","0","1","1"
"5242","5161","Rauwe melk uit melktap (kiemgetal + pathogenen)","0","1391","1","1","1"
"5243","5173","Rauwe melk (kiemgetal + pathogenen)","0","1395","1","1","1"
"5244","5181","Melktap - rauwe melk (kiemgetal + pathogenen)","1","0","1","0","1"
"5245","5206","Rauwe melk","0","1408","0","1","1"
"5246","5209","Melktap rauwe melk","0","344","1","1","1"
"5247","5194","Pakket 77","0","189","0","1","1"
"5248","5192","Pakket 77","0","1181","0","1","1"
"5249","5149","Pakket 76","0","1181","0","1","1"
"5250","5147","Pakket 76","0","189","0","1","1"
"5251","5079","Pakket 74","0","1181","0","1","1"
"5252","5077","Pakket 74","0","189","0","1","1"
"5253","4510","STEC - screening - Bio-Rad - (Rauwe zuivelproducten - protocol 1)","1","0","1","0","1"
"5254","5254","STEC - screening - Bio-Rad - ","1","0","0","0","1"
"5255","5254","STEC - screening - Bio-Rad - (Rauw vlees (behalve kip) - protocol 2)","1","0","1","0","1"
"5256","5256","STEC - screening - Bio-Rad - ","1","0","0","0","1"
"5257","5256","STEC - screening - Bio-Rad - (Meel, rauw deeg, noten - protocol 3)","1","0","1","0","1"
"5258","5258","STEC - screening - Bio-Rad -","1","0","0","0","1"
"5259","5258","STEC - screening - Bio-Rad - (Samengestelde prod. en fruit - protocol 4)","1","0","1","0","1"
"5260","308","Controle van script maz7218grens","0","565","1","0","1"
"5261","3708","STEC - matrix: rauw vlees","0","426","1","1","1"
"5262","4577","STEC pakket - matrix: fruit","0","128","1","1","1"
"5263","2862","2A  RTE - Rauw/GF","0","994","0","1","1"
"5264","3689","Fertiliser production 702","0","867","0","1","1"
"5265","4744","Rush DNA PCR screening","0","867","1","1","1"
"5266","5266","Pakket G","0","1293","0","1","1"
"5267","5266","Pakket G","0","1293","0","1","1"
"5268","5187","Alpro release versie 2","0","165","1","1","1"
"5269","3863","Alpro release versie 1","0","165","1","0","0"
"5270","3676","Swabs - Listeria","0","1086","0","1","1"
"5271","3664","Eindproduct af productie - maaltijden","0","1086","0","1","1"
"5272","5272","Eindproduct af productie - Ultra Fresh maaltijden","0","1086","0","1","1"
"5273","5272","Eindproduct af productie - Ultra Fresh maaltijden","0","1086","0","1","1"
"5274","5274","Eindproduct af productie - Coldfill pH > 4,4","0","1086","0","1","1"
"5275","5274","Eindproduct af productie - Coldfill pH > 4,4","0","1086","0","1","1"
"5276","5276","Eindproducten af productie - Coldfill pH < 4,4","0","1086","0","1","1"
"5277","5276","Eindproducten af productie - Coldfill pH < 4,4","0","1086","0","1","1"
"5278","5278","Eindproduct Eind THT - maaltijden","0","1086","0","1","1"
"5279","5278","Eindproduct Eind THT - maaltijden","0","1086","0","1","1"
"5280","5280","Eindproduct Eind THT - Ultra Fresh maaltijden","0","1086","0","1","1"
"5281","5280","Eindproduct Eind THT - Ultra Fresh maaltijden","0","1086","0","1","1"
"5282","5282","Eindproduct Eind THT - Coldfill > 4,4","0","1086","0","1","1"
"5283","5282","Eindproduct Eind THT - Coldfill > 4,4","0","1086","0","1","1"
"5284","5284","Eindproducten Eind THT - Coldfill pH < 4,4","0","1086","0","1","1"
"5285","5284","Eindproducten Eind THT - Coldfill pH < 4,4","0","1086","0","1","1"
"5286","5286","Positive release","0","1086","0","0","1"
"5287","5286","Positive release","0","1086","0","0","1"
"5288","166","THT Salade","0","167","0","1","1"
"5289","165","Salade","0","167","0","1","1"
"5290","166","THT Salade","0","167","0","1","1"
"5291","5291","Luchtbemonstering","0","1086","0","1","1"
"5292","5291","Luchtbemonstering","0","1086","0","1","1"
"5293","5291","Luchtbemonstering","0","1086","0","1","1"
"5294","5294","Waterbemonstering","0","1086","0","1","1"
"5295","5294","Waterbemonstering","0","1086","1","1","1"
"5296","5296","Contramonster analyse","0","1086","0","1","1"
"5297","5296","Contramonster analyse","0","1086","0","1","1"
"5298","5298","THT test","0","1086","0","1","1"
"5299","5298","THT test","0","1086","0","1","1"
"5300","878","Luchtmetingen","0","169","0","0","1"
"5301","876","Luchtmetingen","0","170","0","0","1"
"5302","5291","Luchtbemonstering","0","1086","0","1","1"
"5303","5291","Luchtbemonstering","0","1086","0","1","1"
"5304","800","Controle van script luchtmetingen","0","565","0","0","1"
"5305","3626","Luchtmetingen fall-out","0","189","0","0","1"
"5306","3998","Luchtmetingen fall-out","0","1181","0","0","1"
"5307","800","Controle van script luchtmetingen","0","565","0","0","1"
"5308","257","Plastic/Kartonnen verpakking","0","178","0","0","1"
"5309","84","Proceswater","0","168","0","1","1"
"5310","5102","Sorteerwater","0","1384","0","1","1"
"5311","3882","Swabs productielijn","0","165","0","1","1"
"5312","4975","Water","0","1206","0","0","1"
"5313","585","Proceswater","0","128","0","1","1"
"5314","3765","Fruit buitenkant (schil)","0","128","0","1","1"
"5315","2700","HACCP - Kaas","0","532","0","0","1"
"5316","2718","HACCP - Kaas","0","142","0","0","1"
"5317","4645","Pakket 61 (kaas)","0","189","0","0","1"
"5318","4643","Pakket 61 (kaas)","0","1181","0","0","1"
"5319","4751","Kaas verpakt","0","1271","0","1","1"
"5320","2716","HACCP - Kaas","0","137","0","0","1"
"5321","2724","HACCP - Kaas","0","152","0","0","1"
"5322","286","Geraspte kaas algemeen","0","198","0","0","1"
"5323","2714","HACCP - Kaas","0","431","0","0","1"
"5324","2690","HACCP - Kaas","0","433","0","0","1"
"5325","2696","HACCP - Kaas","0","436","0","0","1"
"5326","2694","HACCP - Kaas","0","435","0","0","1"
"5327","2692","HACCP - Kaas","0","434","0","0","1"
"5328","2710","HACCP - Kaas","0","529","0","0","1"
"5329","2712","HACCP - Kaas","0","739","0","0","1"
"5330","2702","HACCP - Kaas","0","460","0","0","1"
"5331","2708","HACCP - Kaas","0","750","0","0","1"
"5332","2726","HACCP - Kaas","0","443","0","0","1"
"5333","2706","HACCP - Kaas","0","479","0","0","1"
"5334","2698","HACCP - Kaas","0","464","0","0","1"
"5335","2686","HACCP - Kaas","0","520","0","0","1"
"5336","2688","HACCP - Kaas","0","524","0","0","1"
"5337","2684","HACCP - Kaas","0","452","0","0","1"
"5338","4567","Verpakkingsmateriaal","0","1176","0","1","1"
"5339","4667","Meststoffenwet - Uitgebreid","0","867","0","1","1"
"5340","3158","Classic micro - (spoel)water","0","68","0","0","1"
"5341","4608","Classic micro - (spoel)water","0","818","0","0","1"
"5342","4569","Pakket 1 - Selo verpakking","0","1239","0","1","1"
"5343","4740","Karnemelk - THT","0","355","0","1","1"
"5344","5072","Karnemelk - THT","0","1370","0","1","1"
"5345","4654","Yoghurt / Hangop (2x/jaar)","0","1052","0","1","1"
"5346","1684","HACCP - Maaltijdcomponent","0","532","0","0","1"
"5347","1728","HACCP - Salade (met rauwe ingrediënten)","0","532","0","0","1"
"5348","1786","HACCP - Maaltijdcomponent (niet zelf bereid)","0","532","0","0","1"
"5349","1830","HACCP - Rauwkost (met kiemrijke ingrediënten)","0","532","0","0","1"
"5350","1874","HACCP - Rauwe vis","0","532","0","0","1"
"5351","1918","HACCP - THT Rauwe vis","0","532","0","0","1"
"5352","1962","HACCP - THT rauwkost/groenten/fruit","0","532","0","0","1"
"5353","2006","HACCP - Salade","0","532","0","0","1"
"5354","2077","HACCP - Fruit uit blik","0","532","0","0","1"
"5355","2121","HACCP - Vers fruit","0","532","0","0","1"
"5356","2165","HACCP - Vleeswaar (niet gefermenteerd)","0","532","0","0","1"
"5357","2209","HACCP - Slagroom","0","532","0","0","1"
"5358","2253","HACCP - Filet american","0","532","0","0","1"
"5359","2297","HACCP - Dressing","0","532","0","0","1"
"5360","2344","HACCP - Gerookte vis","0","532","0","0","1"
"5361","2390","HACCP - Garnalen","0","532","0","0","1"
"5362","2434","HACCP - Rauw vlees","0","532","0","0","1"
"5363","2478","HACCP - THT Maaltijdcomponent","0","532","0","0","1"
"5364","2522","HACCP - Rauwkost (zonder kiemrijke ingrediënten)","0","532","0","0","1"
"5365","2566","HACCP - Dessert","0","532","0","0","1"
"5366","2612","HACCP - Jus en sauzen","0","532","0","0","1"
"5367","2656","HACCP - Soep/bouillon","0","532","0","0","1"
"5368","334","Banketbakkerswaar","0","7","0","0","1"
"5369","281","THT Cake/Taart","0","8","0","0","1"
"5370","282","THT Cake/Taart uitgebreid","0","8","0","0","1"
"5371","468","Gevulde slagroomsoes 1","0","11","0","1","1"
"5372","1267","Gevulde slagroomsoes 2","0","11","0","1","1"
"5373","1275","Korstkoeken","0","11","0","1","1"
"5374","1279","Restdeeg","0","11","0","1","1"
"5375","1290","Koek 1","0","11","0","1","1"
"5376","1273","Gevulde slagroomsoes 4 - einde THT","0","11","0","1","1"
"5377","1287","Slagroomsoes gecoat 2 - einde THT","0","11","0","1","1"
"5378","1298","Spijskoeken 2 - einde THT","0","11","0","1","1"
"5379","4979","Schema P-1","0","11","0","1","1"
"5380","4981","Schema P-2","0","11","0","1","1"
"5381","4983","Schema P-3","0","11","0","1","1"
"5382","4985","Schema P-4","0","11","0","1","1"
"5383","4987","Schema P-5","0","11","0","1","1"
"5384","4989","Schema P-6","0","11","0","1","1"
"5385","4991","Schema P-7","0","11","0","1","1"
"5386","108","THT Eierkoeken","0","13","0","0","1"
"5387","337","THT Eierkoeken + pathogenen","0","13","0","0","1"
"5388","671","Bieten - af productie","0","712","0","0","1"
"5389","673","Bieten - na 8 dagen","0","712","0","0","1"
"5390","5011","Yoghurt - THT","0","1357","0","1","1"
"5391","5015","Kwark - THT","0","1357","0","1","1"
"5392","338","Broodproducten (direct en THT)","0","15","0","0","1"
"5393","271","Bolussen","0","15","0","0","1"
"5394","892","Bonbon","0","584","0","0","1"
"5395","390","Banketbakkerswaar","0","18","0","0","1"
"5396","3466","Pakket K - ui","0","787","0","1","1"
"5397","3791","Pakket K - vis","0","787","0","1","1"
"5398","164","Gisten, schimmels & Kiemgetal","0","164","0","1","1"
"5399","3865","Micro Vers","0","164","0","1","1"
"5400","3756","1613 - Silverskin Onions Bonduelle Kenia","0","164","0","1","1"
"5401","5057","Kroketten (n=1)","0","153","0","1","1"
"5402","3355","THT Rauwe vis","0","368","0","1","1"
"5403","1201","Cargill kwartaal warmteonderzoek","0","953","0","1","1"
"5404","4553","Hangop / Yoghurt (THT)","0","1236","0","1","1"
"5405","5157","Salade FSSP","0","167","0","1","1"
"5406","165","Salade","0","167","0","1","1"
"5407","166","THT Salade","0","167","0","1","1"
"5408","1702","HACCP - Maaltijdcomponent","0","142","0","0","1"
"5409","1746","HACCP - Salade (met rauwe ingrediënten)","0","142","0","0","1"
"5410","1804","HACCP - Maaltijdcomponent (niet zelf bereid)","0","142","0","0","1"
"5411","1848","HACCP - Rauwkost (met kiemrijke ingrediënten)","0","142","0","0","1"
"5412","1892","HACCP - Rauwe vis","0","142","0","0","1"
"5413","1936","HACCP - THT Rauwe vis","0","142","0","0","1"
"5414","1980","HACCP - THT rauwkost/groenten/fruit","0","142","0","0","1"
"5415","2025","HACCP - Salade","0","142","0","0","1"
"5416","2095","HACCP - Fruit uit blik","0","142","0","0","1"
"5417","2139","HACCP - Vers fruit","0","142","0","0","1"
"5418","2183","HACCP - Vleeswaar (niet gefermenteerd)","0","142","0","0","1"
"5419","2227","HACCP - Slagroom","0","142","0","0","1"
"5420","2271","HACCP - Filet american","0","142","0","0","1"
"5421","2315","HACCP - Dressing","0","142","0","0","1"
"5422","2362","HACCP - Gerookte vis","0","142","0","0","1"
"5423","2408","HACCP - Garnalen","0","142","0","0","1"
"5424","2452","HACCP - Rauw vlees","0","142","0","0","1"
"5425","2496","HACCP - THT Maaltijdcomponent","0","142","0","0","1"
"5426","2540","HACCP - Rauwkost (zonder kiemrijke ingrediënten)","0","142","0","0","1"
"5427","2586","HACCP - Dessert","0","142","0","0","1"
"5428","2630","HACCP - Jus en sauzen","0","142","0","0","1"
"5429","2674","HACCP - Soep/bouillon","0","142","0","0","1"
"5430","4787","Pakket A","0","1293","0","1","1"
"5431","4789","Pakket B","0","1293","0","1","1"
"5432","4791","Pakket C","0","1293","0","1","1"
"5433","4793","Pakket D","0","1293","0","1","1"
"5434","4863","Pakket E","0","1293","0","1","1"
"5435","5091","Pakket F","0","1293","0","1","1"
"5436","5266","Pakket G","0","1293","0","1","1"
"5437","51","MAZ 1","0","173","0","1","1"
"5438","53","MAZ 1 S","0","173","0","1","1"
"5439","557","MAZ 4","0","173","0","1","1"
"5440","187","MAZ 6","0","173","0","1","1"
"5441","215","MAZ 7","0","173","0","1","1"
"5442","219","MAZ 10","0","173","0","1","1"
"5443","536","MAZ 15","0","173","0","1","1"
"5444","1151","MAZ 23","0","173","0","1","1"
"5445","223","MAZ 12","0","173","0","1","1"
"5446","203","MAZ 2","0","173","0","1","1"
"5447","581","MAZ 14","0","173","0","1","1"
"5448","3545","Grondstof - Groenten","0","567","0","1","1"
"5449","3543","Grondstof - Vis","0","567","0","1","1"
"5450","3549","Grondstof - Kip / vlees / kruiden","0","567","0","1","1"
"5451","3551","Grondstof - Saus/vloeibaar","0","567","0","1","1"
"5452","3553","Eindproduct - direct - Salades, Tapas","0","567","0","1","1"
"5453","3555","Eindproduct - direct - Rauwkostsalades","0","567","0","1","1"
"5454","4855","Eindproduct - direct - dressing","0","567","0","1","1"
"5455","3559","Eindproduct - THT - salades obv yoghurt","0","567","0","1","1"
"5456","3561","Eindproduct - THT - salades obv mayo","0","567","0","1","1"
"5457","3563","Eindproduct - THT - Tapas","0","567","0","1","1"
"5458","3565","Eindproduct - THT - Rauwkostsalade","0","567","0","1","1"
"5459","4861","Eindproduct - THT - dressing","0","567","0","1","1"
"5460","4634","Pakket 1","0","1248","0","1","1"
"5461","2886","Pakket A - direct","0","997","0","1","1"
"5462","2888","Pakket B - THT","0","997","0","1","1"
"5463","2892","Pakket B+C - 1x - THT","0","997","0","1","1"
"5464","266","Gedroogde Bio Champignons","0","568","0","1","1"
"5465","3236","103 - THT","0","179","0","1","1"
"5466","3240","104 - THT","0","179","0","1","1"
"5467","3244","201 - THT","0","179","0","1","1"
"5468","3248","202 - THT","0","179","0","1","1"
"5469","3252","301 - THT","0","179","0","1","1"
"5470","3256","302 - THT","0","179","0","1","1"
"5471","3260","401 - THT","0","179","0","1","1"
"5472","3578","Yoghurt op THT","0","344","0","1","1"
"5473","3591","Hangop / kwark + op THT","0","344","0","1","1"
"5474","3876","THT monsters","0","165","0","1","1"
"5475","3878","Standaard CSM France","0","165","0","1","1"
"5476","4736","Yoghurt - THT","0","355","0","1","1"
"5477","3760","Delhaize - dag 7, 14 en 21","0","374","0","1","1"
"5478","3224","houdbaarheidsonderzoek (on)gepeld uitgebreid","0","374","0","1","1"
"5479","3222","Ìngangscontrole (on)gepeld uitgebreid","0","374","0","1","1"
"5480","518","gedroogde / gezouten vis","0","375","0","0","1"
"5481","5066","Kroketten (n=1)","0","808","0","1","1"
"5482","130","Classic micro - Vruchtensap","0","68","0","0","1"
"5483","3193","Classic micro laminar flow - Vruchtensap","0","68","0","0","1"
"5484","4606","Classic micro - vruchtensap","0","818","0","0","1"
"5485","3320","CFO org Palm","0","184","0","1","1"
"5486","3322","CFO org Mercadonna","0","184","0","1","1"
"5487","3324","CFO org. HC252","0","184","0","1","1"
"5488","3326","CFO org Palm Onion Crunch","0","184","0","1","1"
"5489","3328","CFO smaakjes (Chili/Curry/Bacon/Garlic/Pepper)","0","184","0","1","1"
"5490","3330","FFO org, FFO BIO GF","0","184","0","1","1"
"5491","3332","FFO smaakjes (paprika/garlic-pepper)","0","184","0","1","1"
"5492","5298","THT test","0","1086","0","1","1"
"5493","1252","Pakket 41","0","189","0","0","1"
"5494","345","Pakket 6","0","189","0","0","1"
"5495","346","Pakket 7","0","189","0","0","1"
"5496","347","Pakket 8","0","189","0","0","1"
"5497","350","Pakket 11","0","189","0","0","1"
"5498","351","Pakket 12","0","189","0","0","1"
"5499","356","Pakket 18","0","189","0","0","1"
"5500","534","Pakket 26","0","189","0","0","1"
"5501","594","Pakket 27","0","189","0","0","1"
"5502","596","Pakket 28","0","189","0","0","1"
"5503","911","Pakket 30","0","189","0","0","1"
"5504","342","Pakket 3","0","189","0","0","1"
"5505","1350","Pakket 45","0","189","0","0","1"
"5506","1539","Pakket 47","0","189","0","0","1"
"5507","3152","Pakket 52","0","189","0","0","1"
"5508","343","Pakket 4","0","189","0","0","1"
"5509","3398","Pakket 54","0","189","0","0","1"
"5510","3400","Pakket 55","0","189","0","0","1"
"5511","3695","Pakket 57","0","189","0","1","1"
"5512","3697","Pakket 58","0","189","0","1","1"
"5513","3777","Pakket 59","0","189","0","0","1"
"5514","4073","Pakket 61","0","189","0","1","1"
"5515","4164","Pakket 64","0","189","0","0","1"
"5516","4503","Pakket 65","0","189","0","1","1"
"5517","4515","Pakket 66","0","189","0","0","1"
"5518","4575","Pakket 68","0","189","0","0","1"
"5519","4600","Pakket 69","0","189","0","0","1"
"5520","4795","Pakket 70","0","189","0","1","1"
"5521","4961","Pakket 72","0","189","0","1","1"
"5522","702","Pakket 14","0","189","0","0","1"
"5523","532","Pakket 25","0","189","0","0","1"
"5524","548","Pakket 24","0","189","0","0","1"
"5525","353","Pakket 15","0","189","0","0","1"
"5526","352","Pakket 13","0","189","0","0","1"
"5527","5194","Pakket 77","0","189","0","1","1"
"5528","5077","Pakket 74","0","189","0","1","1"
"5529","3947","Pakket 41","0","1181","0","0","1"
"5530","3956","Pakket 6","0","1181","0","0","1"
"5531","3957","Pakket 7","0","1181","0","0","1"
"5532","3958","Pakket 8","0","1181","0","0","1"
"5533","3960","Pakket 11","0","1181","0","0","1"
"5534","3961","Pakket 12","0","1181","0","0","1"
"5535","3963","Pakket 18","0","1181","0","0","1"
"5536","3967","Pakket 26","0","1181","0","0","1"
"5537","3968","Pakket 27","0","1181","0","0","1"
"5538","3969","Pakket 28","0","1181","0","0","1"
"5539","3972","Pakket 30","0","1181","0","0","1"
"5540","3979","Pakket 3","0","1181","0","0","1"
"5541","3980","Pakket 45","0","1181","0","0","1"
"5542","3983","Pakket 47","0","1181","0","0","1"
"5543","3993","Pakket 52","0","1181","0","0","1"
"5544","3995","Pakket 4","0","1181","0","0","1"
"5545","3996","Pakket 54","0","1181","0","0","1"
"5546","3997","Pakket 55","0","1181","0","0","1"
"5547","4001","Pakket 57","0","1181","0","1","1"
"5548","4002","Pakket 58","0","1181","0","1","1"
"5549","4004","Pakket 59","0","1181","0","0","1"
"5550","4075","Pakket 61","0","1181","0","1","1"
"5551","4162","Pakket 64","0","1181","0","0","1"
"5552","4505","Pakket 65","0","1181","0","1","1"
"5553","4513","Pakket 66","0","1181","0","0","1"
"5554","4573","Pakket 68","0","1181","0","0","1"
"5555","4598","Pakket 69","0","1181","0","0","1"
"5556","4797","Pakket 70","0","1181","0","1","1"
"5557","4963","Pakket 72","0","1181","0","1","1"
"5558","3991","Pakket 14","0","1181","0","0","1"
"5559","3988","Pakket 25","0","1181","0","0","1"
"5560","3989","Pakket 24","0","1181","0","0","1"
"5561","3990","Pakket 15","0","1181","0","0","1"
"5562","3992","Pakket 13","0","1181","0","0","1"
"5563","5192","Pakket 77","0","1181","0","1","1"
"5564","5079","Pakket 74","0","1181","0","1","1"
"5565","4587","COA textured","0","410","0","1","1"
"5566","4762","COA Unilever","0","410","0","1","1"
"5567","4766","COA dehydrated","0","410","0","1","1"
"5568","4585","MICRO","0","410","0","1","1"
"5569","97","Gerookte vis","0","376","0","0","1"
"5570","99","Salade","0","376","0","0","1"
"5571","307","Controle van script maz7218","0","565","1","0","1"
"5572","3937","Pakket A-HG","0","978","1","1","1"
"5573","3165","Pakket B","0","1025","0","1","1"
"5574","4971","Chocolade","0","27","0","1","1"
"5575","4779","Rauw product - THT","0","1288","0","1","1"
"5576","4781","Bereid product - THT","0","1288","0","1","1"
"5577","4783","Sausen - THT","0","1288","0","1","1"
"5578","137","THT Heet/koud gerookte vis","0","378","0","0","1"
"5579","134","Rauwe vis","0","378","0","0","1"
"5580","135","THT Rauwe vis","0","378","0","0","1"
"5581","136","Heet/koud gerookte vis","0","378","0","0","1"
"5582","3652","Pakket 2","0","1041","0","1","1"
"5583","1700","HACCP - Maaltijdcomponent","0","137","0","0","1"
"5584","1744","HACCP - Salade (met rauwe ingrediënten)","0","137","0","0","1"
"5585","1802","HACCP - Maaltijdcomponent (niet zelf bereid)","0","137","0","0","1"
"5586","1846","HACCP - Rauwkost (met kiemrijke ingrediënten)","0","137","0","0","1"
"5587","1890","HACCP - Rauwe vis","0","137","0","0","1"
"5588","1934","HACCP - THT Rauwe vis","0","137","0","0","1"
"5589","1978","HACCP - THT rauwkost/groenten/fruit","0","137","0","0","1"
"5590","2023","HACCP - Salade","0","137","0","0","1"
"5591","2093","HACCP - Fruit uit blik","0","137","0","0","1"
"5592","2137","HACCP - Vers fruit","0","137","0","0","1"
"5593","2181","HACCP - Vleeswaar (niet gefermenteerd)","0","137","0","0","1"
"5594","2225","HACCP - Slagroom","0","137","0","0","1"
"5595","2269","HACCP - Filet american","0","137","0","0","1"
"5596","2313","HACCP - Dressing","0","137","0","0","1"
"5597","2360","HACCP - Gerookte vis","0","137","0","0","1"
"5598","2406","HACCP - Garnalen","0","137","0","0","1"
"5599","2450","HACCP - Rauw vlees","0","137","0","0","1"
"5600","2494","HACCP - THT Maaltijdcomponent","0","137","0","0","1"
"5601","2538","HACCP - Rauwkost (zonder kiemrijke ingrediënten)","0","137","0","0","1"
"5602","2584","HACCP - Dessert","0","137","0","0","1"
"5603","2628","HACCP - Jus en sauzen","0","137","0","0","1"
"5604","2672","HACCP - Soep/bouillon","0","137","0","0","1"
"5605","1708","HACCP - Maaltijdcomponent","0","152","0","0","1"
"5606","1752","HACCP - Salade (met rauwe ingrediënten)","0","152","0","0","1"
"5607","1810","HACCP - Maaltijdcomponent (niet zelf bereid)","0","152","0","0","1"
"5608","1854","HACCP - Rauwkost (met kiemrijke ingrediënten)","0","152","0","0","1"
"5609","1898","HACCP - Rauwe vis","0","152","0","0","1"
"5610","1942","HACCP - THT Rauwe vis","0","152","0","0","1"
"5611","1986","HACCP - THT rauwkost/groenten/fruit","0","152","0","0","1"
"5612","2031","HACCP - Salade","0","152","0","0","1"
"5613","2101","HACCP - Fruit uit blik","0","152","0","0","1"
"5614","2145","HACCP - Vers fruit","0","152","0","0","1"
"5615","2189","HACCP - Vleeswaar (niet gefermenteerd)","0","152","0","0","1"
"5616","2233","HACCP - Slagroom","0","152","0","0","1"
"5617","2277","HACCP - Filet american","0","152","0","0","1"
"5618","2321","HACCP - Dressing","0","152","0","0","1"
"5619","2368","HACCP - Gerookte vis","0","152","0","0","1"
"5620","2414","HACCP - Garnalen","0","152","0","0","1"
"5621","2458","HACCP - Rauw vlees","0","152","0","0","1"
"5622","2502","HACCP - THT Maaltijdcomponent","0","152","0","0","1"
"5623","2546","HACCP - Rauwkost (zonder kiemrijke ingrediënten)","0","152","0","0","1"
"5624","2592","HACCP - Dessert","0","152","0","0","1"
"5625","2636","HACCP - Jus en sauzen","0","152","0","0","1"
"5626","2680","HACCP - Soep/bouillon","0","152","0","0","1"
"5627","1762","Ongepelde garnalen MAP - THT","0","905","1","1","1"
"5628","1534","Noordzeegarnalen Ingangscontrole uitgebreid","0","905","0","1","1"
"5629","2752","Clean label Franse norm (Dag 0)","0","905","0","1","1"
"5630","2756","Clean label Franse norm (Einde THT)","0","905","0","1","1"
"5631","2754","Clean label Franse norm (Tussentijds)","0","905","0","1","1"
"5632","247","Product 2 en 3 - THT (n=1)","0","119","0","1","1"
"5633","246","Product 2 en 3 - direct (n=1)","0","119","0","1","1"
"5634","5040","Kwark - THT","0","1370","0","1","1"
"5635","5044","Kefir - THT","0","1370","0","1","1"
"5636","5048","Yoghurt - THT","0","1370","0","1","1"
"5637","5052","Roomboter - THT","0","1370","0","1","1"
"5638","4865","Rijst","0","1322","0","1","1"
"5639","4902","Pakket K - ui","0","684","0","1","1"
"5640","4905","Pakket K - vis","0","684","0","1","1"
"5641","5074","Sinecura","0","1214","0","0","1"
"5642","4834","Productgroep 1 - THT - 4 dagen","0","1313","0","1","1"
"5643","4836","Productgroep 1 - THT - 8 dagen","0","1313","0","1","1"
"5644","4840","Productgroep 2 - THT - 4 dagen","0","1313","0","1","1"
"5645","4844","Productgroep 3 - THT - 4 dagen","0","1313","0","1","1"
"5646","4846","Productgroep 3 - THT - 8 dagen","0","1313","0","1","1"
"5647","599","Zult","0","422","0","0","1"
"5648","603","Bloedworst","0","422","0","0","1"
"5649","601","Boerenworst","0","422","0","0","1"
"5650","113","Hele ui - vers","0","120","0","1","1"
"5651","114","Hele ui - THT","0","120","0","1","1"
"5652","1583","Gesneden ui - vers","0","120","0","1","1"
"5653","1585","Gesneden ui - THT","0","120","0","1","1"
"5654","4973","Tabletten","0","1206","0","0","1"
"5655","1698","HACCP - Maaltijdcomponent","0","431","0","0","1"
"5656","1742","HACCP - Salade (met rauwe ingrediënten)","0","431","0","0","1"
"5657","1800","HACCP - Maaltijdcomponent (niet zelf bereid)","0","431","0","0","1"
"5658","1844","HACCP - Rauwkost (met kiemrijke ingrediënten)","0","431","0","0","1"
"5659","1888","HACCP - Rauwe vis","0","431","0","0","1"
"5660","1932","HACCP - THT Rauwe vis","0","431","0","0","1"
"5661","1976","HACCP - THT rauwkost/groenten/fruit","0","431","0","0","1"
"5662","2021","HACCP - Salade","0","431","0","0","1"
"5663","2091","HACCP - Fruit uit blik","0","431","0","0","1"
"5664","2135","HACCP - Vers fruit","0","431","0","0","1"
"5665","2179","HACCP - Vleeswaar (niet gefermenteerd)","0","431","0","0","1"
"5666","2223","HACCP - Slagroom","0","431","0","0","1"
"5667","2267","HACCP - Filet american","0","431","0","0","1"
"5668","2311","HACCP - Dressing","0","431","0","0","1"
"5669","2358","HACCP - Gerookte vis","0","431","0","0","1"
"5670","2404","HACCP - Garnalen","0","431","0","0","1"
"5671","2448","HACCP - Rauw vlees","0","431","0","0","1"
"5672","2492","HACCP - THT Maaltijdcomponent","0","431","0","0","1"
"5673","2536","HACCP - Rauwkost (zonder kiemrijke ingrediënten)","0","431","0","0","1"
"5674","2582","HACCP - Dessert","0","431","0","0","1"
"5675","2626","HACCP - Jus en sauzen","0","431","0","0","1"
"5676","2670","HACCP - Soep/bouillon","0","431","0","0","1"
"5677","1674","HACCP - Maaltijdcomponent","0","433","0","0","1"
"5678","1718","HACCP - Salade (met rauwe ingrediënten)","0","433","0","0","1"
"5679","1776","HACCP - Maaltijdcomponent (niet zelf bereid)","0","433","0","0","1"
"5680","1820","HACCP - Rauwkost (met kiemrijke ingrediënten)","0","433","0","0","1"
"5681","1864","HACCP - Rauwe vis","0","433","0","0","1"
"5682","1908","HACCP - THT Rauwe vis","0","433","0","0","1"
"5683","1952","HACCP - THT rauwkost/groenten/fruit","0","433","0","0","1"
"5684","1996","HACCP - Salade","0","433","0","0","1"
"5685","2067","HACCP - Fruit uit blik","0","433","0","0","1"
"5686","2111","HACCP - Vers fruit","0","433","0","0","1"
"5687","2155","HACCP - Vleeswaar (niet gefermenteerd)","0","433","0","0","1"
"5688","2199","HACCP - Slagroom","0","433","0","0","1"
"5689","2243","HACCP - Filet american","0","433","0","0","1"
"5690","2287","HACCP - Dressing","0","433","0","0","1"
"5691","2334","HACCP - Gerookte vis","0","433","0","0","1"
"5692","2380","HACCP - Garnalen","0","433","0","0","1"
"5693","2424","HACCP - Rauw vlees","0","433","0","0","1"
"5694","2468","HACCP - THT Maaltijdcomponent","0","433","0","0","1"
"5695","2512","HACCP - Rauwkost (zonder kiemrijke ingrediënten)","0","433","0","0","1"
"5696","2556","HACCP - Dessert","0","433","0","0","1"
"5697","2602","HACCP - Jus en sauzen","0","433","0","0","1"
"5698","2646","HACCP - Soep/bouillon","0","433","0","0","1"
"5699","1680","HACCP - Maaltijdcomponent","0","436","0","0","1"
"5700","1724","HACCP - Salade (met rauwe ingrediënten)","0","436","0","0","1"
"5701","1782","HACCP - Maaltijdcomponent (niet zelf bereid)","0","436","0","0","1"
"5702","1826","HACCP - Rauwkost (met kiemrijke ingrediënten)","0","436","0","0","1"
"5703","1870","HACCP - Rauwe vis","0","436","0","0","1"
"5704","1914","HACCP - THT Rauwe vis","0","436","0","0","1"
"5705","1958","HACCP - THT rauwkost/groenten/fruit","0","436","0","0","1"
"5706","2002","HACCP - Salade","0","436","0","0","1"
"5707","2073","HACCP - Fruit uit blik","0","436","0","0","1"
"5708","2117","HACCP - Vers fruit","0","436","0","0","1"
"5709","2161","HACCP - Vleeswaar (niet gefermenteerd)","0","436","0","0","1"
"5710","2205","HACCP - Slagroom","0","436","0","0","1"
"5711","2249","HACCP - Filet american","0","436","0","0","1"
"5712","2293","HACCP - Dressing","0","436","0","0","1"
"5713","2340","HACCP - Gerookte vis","0","436","0","0","1"
"5714","2386","HACCP - Garnalen","0","436","0","0","1"
"5715","2430","HACCP - Rauw vlees","0","436","0","0","1"
"5716","2474","HACCP - THT Maaltijdcomponent","0","436","0","0","1"
"5717","2518","HACCP - Rauwkost (zonder kiemrijke ingrediënten)","0","436","0","0","1"
"5718","2562","HACCP - Dessert","0","436","0","0","1"
"5719","2608","HACCP - Jus en sauzen","0","436","0","0","1"
"5720","2652","HACCP - Soep/bouillon","0","436","0","0","1"
"5721","1678","HACCP - Maaltijdcomponent","0","435","0","0","1"
"5722","1722","HACCP - Salade (met rauwe ingrediënten)","0","435","0","0","1"
"5723","1780","HACCP - Maaltijdcomponent (niet zelf bereid)","0","435","0","0","1"
"5724","1824","HACCP - Rauwkost (met kiemrijke ingrediënten)","0","435","0","0","1"
"5725","1868","HACCP - Rauwe vis","0","435","0","0","1"
"5726","1912","HACCP - THT Rauwe vis","0","435","0","0","1"
"5727","1956","HACCP - THT rauwkost/groenten/fruit","0","435","0","0","1"
"5728","2000","HACCP - Salade","0","435","0","0","1"
"5729","2071","HACCP - Fruit uit blik","0","435","0","0","1"
"5730","2115","HACCP - Vers fruit","0","435","0","0","1"
"5731","2159","HACCP - Vleeswaar (niet gefermenteerd)","0","435","0","0","1"
"5732","2203","HACCP - Slagroom","0","435","0","0","1"
"5733","2247","HACCP - Filet american","0","435","0","0","1"
"5734","2291","HACCP - Dressing","0","435","0","0","1"
"5735","2338","HACCP - Gerookte vis","0","435","0","0","1"
"5736","2384","HACCP - Garnalen","0","435","0","0","1"
"5737","2428","HACCP - Rauw vlees","0","435","0","0","1"
"5738","2472","HACCP - THT Maaltijdcomponent","0","435","0","0","1"
"5739","2516","HACCP - Rauwkost (zonder kiemrijke ingrediënten)","0","435","0","0","1"
"5740","2560","HACCP - Dessert","0","435","0","0","1"
"5741","2606","HACCP - Jus en sauzen","0","435","0","0","1"
"5742","2650","HACCP - Soep/bouillon","0","435","0","0","1"
"5743","1676","HACCP - Maaltijdcomponent","0","434","0","0","1"
"5744","1720","HACCP - Salade (met rauwe ingrediënten)","0","434","0","0","1"
"5745","1778","HACCP - Maaltijdcomponent (niet zelf bereid)","0","434","0","0","1"
"5746","1822","HACCP - Rauwkost (met kiemrijke ingrediënten)","0","434","0","0","1"
"5747","1866","HACCP - Rauwe vis","0","434","0","0","1"
"5748","1910","HACCP - THT Rauwe vis","0","434","0","0","1"
"5749","1954","HACCP - THT rauwkost/groenten/fruit","0","434","0","0","1"
"5750","1998","HACCP - Salade","0","434","0","0","1"
"5751","2069","HACCP - Fruit uit blik","0","434","0","0","1"
"5752","2113","HACCP - Vers fruit","0","434","0","0","1"
"5753","2157","HACCP - Vleeswaar (niet gefermenteerd)","0","434","0","0","1"
"5754","2201","HACCP - Slagroom","0","434","0","0","1"
"5755","2245","HACCP - Filet american","0","434","0","0","1"
"5756","2289","HACCP - Dressing","0","434","0","0","1"
"5757","2336","HACCP - Gerookte vis","0","434","0","0","1"
"5758","2382","HACCP - Garnalen","0","434","0","0","1"
"5759","2426","HACCP - Rauw vlees","0","434","0","0","1"
"5760","2470","HACCP - THT Maaltijdcomponent","0","434","0","0","1"
"5761","2514","HACCP - Rauwkost (zonder kiemrijke ingrediënten)","0","434","0","0","1"
"5762","2558","HACCP - Dessert","0","434","0","0","1"
"5763","2604","HACCP - Jus en sauzen","0","434","0","0","1"
"5764","2648","HACCP - Soep/bouillon","0","434","0","0","1"
"5765","1694","HACCP - Maaltijdcomponent","0","529","0","0","1"
"5766","1738","HACCP - Salade (met rauwe ingrediënten)","0","529","0","0","1"
"5767","1796","HACCP - Maaltijdcomponent (niet zelf bereid)","0","529","0","0","1"
"5768","1840","HACCP - Rauwkost (met kiemrijke ingrediënten)","0","529","0","0","1"
"5769","1884","HACCP - Rauwe vis","0","529","0","0","1"
"5770","1928","HACCP - THT Rauwe vis","0","529","0","0","1"
"5771","1972","HACCP - THT rauwkost/groenten/fruit","0","529","0","0","1"
"5772","2016","HACCP - Salade","0","529","0","0","1"
"5773","2016","HACCP - Salade","0","529","0","0","1"
"5774","2087","HACCP - Fruit uit blik","0","529","0","0","1"
"5775","2131","HACCP - Vers fruit","0","529","0","0","1"
"5776","2175","HACCP - Vleeswaar (niet gefermenteerd)","0","529","0","0","1"
"5777","2219","HACCP - Slagroom","0","529","0","0","1"
"5778","2263","HACCP - Filet american","0","529","0","0","1"
"5779","2307","HACCP - Dressing","0","529","0","0","1"
"5780","2354","HACCP - Gerookte vis","0","529","0","0","1"
"5781","2400","HACCP - Garnalen","0","529","0","0","1"
"5782","2444","HACCP - Rauw vlees","0","529","0","0","1"
"5783","2488","HACCP - THT Maaltijdcomponent","0","529","0","0","1"
"5784","2532","HACCP - Rauwkost (zonder kiemrijke ingrediënten)","0","529","0","0","1"
"5785","2578","HACCP - Dessert","0","529","0","0","1"
"5786","2622","HACCP - Jus en sauzen","0","529","0","0","1"
"5787","2666","HACCP - Soep/bouillon","0","529","0","0","1"
"5788","1696","HACCP - Maaltijdcomponent","0","739","0","0","1"
"5789","1740","HACCP - Salade (met rauwe ingrediënten)","0","739","0","0","1"
"5790","1798","HACCP - Maaltijdcomponent (niet zelf bereid)","0","739","0","0","1"
"5791","1842","HACCP - Rauwkost (met kiemrijke ingrediënten)","0","739","0","0","1"
"5792","1886","HACCP - Rauwe vis","0","739","0","0","1"
"5793","1930","HACCP - THT Rauwe vis","0","739","0","0","1"
"5794","1974","HACCP - THT rauwkost/groenten/fruit","0","739","0","0","1"
"5795","2019","HACCP - Salade","0","739","0","0","1"
"5796","2089","HACCP - Fruit uit blik","0","739","0","0","1"
"5797","2133","HACCP - Vers fruit","0","739","0","0","1"
"5798","2177","HACCP - Vleeswaar (niet gefermenteerd)","0","739","0","0","1"
"5799","2221","HACCP - Slagroom","0","739","0","0","1"
"5800","2265","HACCP - Filet american","0","739","0","0","1"
"5801","2309","HACCP - Dressing","0","739","0","0","1"
"5802","2356","HACCP - Gerookte vis","0","739","0","0","1"
"5803","2402","HACCP - Garnalen","0","739","0","0","1"
"5804","2446","HACCP - Rauw vlees","0","739","0","0","1"
"5805","2490","HACCP - THT Maaltijdcomponent","0","739","0","0","1"
"5806","2534","HACCP - Rauwkost (zonder kiemrijke ingrediënten)","0","739","0","0","1"
"5807","2580","HACCP - Dessert","0","739","0","0","1"
"5808","2624","HACCP - Jus en sauzen","0","739","0","0","1"
"5809","2668","HACCP - Soep/bouillon","0","739","0","0","1"
"5810","178","Struisvogellikeur","0","88","0","0","1"
"5811","949","Chocolade","0","587","0","0","1"
"5812","3111","1. Grondstof","0","963","0","1","1"
"5813","3113","2. Eindproduct","0","963","0","1","1"
"5814","3334","CFO org Palm","0","191","0","1","1"
"5815","3336","CFO org HC252","0","191","0","1","1"
"5816","3338","CFO org Palm Subway","0","191","0","1","1"
"5817","3340","CFO BIO/GF Buckwheat/GF Buckwheat Rice/Light/Fortified","0","191","0","1","1"
"5818","3342","CFO org Palm/Sunflower","0","191","0","1","1"
"5819","3344","CFO org Palm Burger King","0","191","0","1","1"
"5820","3346","CFO Bacon","0","191","0","1","1"
"5821","3348","CFO smaakjes (Chili/Curry/Garlic-Pepper)","0","191","0","1","1"
"5822","3350","CFO org","0","1048","0","1","1"
"5823","194","THT Groenten/Rauwkost","0","122","0","1","1"
"5824","397","Stamppotten","0","122","0","1","1"
"5825","399","THT stamppotten","0","122","0","1","1"
"5826","191","Verhitte producten","0","122","0","1","1"
"5827","193","THT Verhitte producten","0","122","0","1","1"
"5828","192","Groenten/Rauwkost","0","122","0","1","1"
"5829","4873","Pakket Tradin","0","1200","0","1","1"
"5830","770","Eindproduct","0","798","0","1","1"
"5831","767","Ingangscontrole met BZ","0","798","0","1","1"
"5832","3630","Ingangscontrole zonder BZ","0","798","0","1","1"
"5833","786","Houdbaarheid","0","798","0","1","1"
"5834","3746","n=5 + aanvulling","0","798","0","1","1"
"5835","179","Yoghurt THT","0","154","0","0","1"
"5836","496","Pap / vla - THT","0","154","0","0","1"
"5837","117","Bavarois THT","0","154","0","0","1"
"5838","3195","Kruidenboter - THT","0","154","0","0","1"
"5839","107","THT Rauwkost/Groenten","0","124","0","0","1"
"5840","181","Vers vruchtensap","0","124","0","0","1"
"5841","105","Groenten","0","124","0","0","1"
"5842","106","Rauwkost/Groenten","0","124","0","0","1"
"5843","175","Micro pakket","0","384","0","1","1"
"5844","2742","THT onderzoek","0","384","0","1","1"
"5845","1690","HACCP - Maaltijdcomponent","0","460","0","0","1"
"5846","1730","HACCP - Salade (met rauwe ingrediënten)","0","460","0","0","1"
"5847","1788","HACCP - Maaltijdcomponent (niet zelf bereid)","0","460","0","0","1"
"5848","1832","HACCP - Rauwkost (met kiemrijke ingrediënten)","0","460","0","0","1"
"5849","1876","HACCP - Rauwe vis","0","460","0","0","1"
"5850","1920","HACCP - THT Rauwe vis","0","460","0","0","1"
"5851","1964","HACCP - THT rauwkost/groenten/fruit","0","460","0","0","1"
"5852","2008","HACCP - Salade","0","460","0","0","1"
"5853","2079","HACCP - Fruit uit blik","0","460","0","0","1"
"5854","2123","HACCP - Vers fruit","0","460","0","0","1"
"5855","2167","HACCP - Vleeswaar (niet gefermenteerd)","0","460","0","0","1"
"5856","2211","HACCP - Slagroom","0","460","0","0","1"
"5857","2255","HACCP - Filet american","0","460","0","0","1"
"5858","2299","HACCP - Dressing","0","460","0","0","1"
"5859","2346","HACCP - Gerookte vis","0","460","0","0","1"
"5860","2392","HACCP - Garnalen","0","460","0","0","1"
"5861","2436","HACCP - Rauw vlees","0","460","0","0","1"
"5862","2480","HACCP - THT Maaltijdcomponent","0","460","0","0","1"
"5863","2524","HACCP - Rauwkost (zonder kiemrijke ingrediënten)","0","460","0","0","1"
"5864","2568","HACCP - Dessert","0","460","0","0","1"
"5865","2614","HACCP - Jus en sauzen","0","460","0","0","1"
"5866","2658","HACCP - Soep/bouillon","0","460","0","0","1"
"5867","4938","Pakket K - ui","0","843","0","1","1"
"5868","4940","Pakket K - vis","0","843","0","1","1"
"5869","5175","THT-pakket","0","426","0","1","1"
"5870","4106","Kefir / hangop / Yoghurt (THT)","0","917","0","1","1"
"5871","1692","HACCP - Maaltijdcomponent","0","750","0","0","1"
"5872","1736","HACCP - Salade (met rauwe ingrediënten)","0","750","0","0","1"
"5873","1794","HACCP - Maaltijdcomponent (niet zelf bereid)","0","750","0","0","1"
"5874","1838","HACCP - Rauwkost (met kiemrijke ingrediënten)","0","750","0","0","1"
"5875","1882","HACCP - Rauwe vis","0","750","0","0","1"
"5876","1926","HACCP - THT Rauwe vis","0","750","0","0","1"
"5877","1970","HACCP - THT rauwkost/groenten/fruit","0","750","0","0","1"
"5878","2014","HACCP - Salade","0","750","0","0","1"
"5879","2085","HACCP - Fruit uit blik","0","750","0","0","1"
"5880","2129","HACCP - Vers fruit","0","750","0","0","1"
"5881","2173","HACCP - Vleeswaar (niet gefermenteerd)","0","750","0","0","1"
"5882","2217","HACCP - Slagroom","0","750","0","0","1"
"5883","2261","HACCP - Filet american","0","750","0","0","1"
"5884","2305","HACCP - Dressing","0","750","0","0","1"
"5885","2352","HACCP - Gerookte vis","0","750","0","0","1"
"5886","2398","HACCP - Garnalen","0","750","0","0","1"
"5887","2442","HACCP - Rauw vlees","0","750","0","0","1"
"5888","2486","HACCP - THT Maaltijdcomponent","0","750","0","0","1"
"5889","2530","HACCP - Rauwkost (zonder kiemrijke ingrediënten)","0","750","0","0","1"
"5890","2574","HACCP - Dessert","0","750","0","0","1"
"5891","2620","HACCP - Jus en sauzen","0","750","0","0","1"
"5892","2664","HACCP - Soep/bouillon","0","750","0","0","1"
"5893","1710","HACCP - Maaltijdcomponent","0","443","0","0","1"
"5894","1754","HACCP - Salade (met rauwe ingrediënten)","0","443","0","0","1"
"5895","1812","HACCP - Maaltijdcomponent (niet zelf bereid)","0","443","0","0","1"
"5896","1856","HACCP - Rauwkost (met kiemrijke ingrediënten)","0","443","0","0","1"
"5897","1900","HACCP - Rauwe vis","0","443","0","0","1"
"5898","1944","HACCP - THT Rauwe vis","0","443","0","0","1"
"5899","1988","HACCP - THT rauwkost/groenten/fruit","0","443","0","0","1"
"5900","2033","HACCP - Salade","0","443","0","0","1"
"5901","2103","HACCP - Fruit uit blik","0","443","0","0","1"
"5902","2147","HACCP - Vers fruit","0","443","0","0","1"
"5903","2191","HACCP - Vleeswaar (niet gefermenteerd)","0","443","0","0","1"
"5904","2235","HACCP - Slagroom","0","443","0","0","1"
"5905","2279","HACCP - Filet american","0","443","0","0","1"
"5906","2323","HACCP - Dressing","0","443","0","0","1"
"5907","2370","HACCP - Gerookte vis","0","443","0","0","1"
"5908","2416","HACCP - Garnalen","0","443","0","0","1"
"5909","2460","HACCP - Rauw vlees","0","443","0","0","1"
"5910","2504","HACCP - THT Maaltijdcomponent","0","443","0","0","1"
"5911","2548","HACCP - Rauwkost (zonder kiemrijke ingrediënten)","0","443","0","0","1"
"5912","2594","HACCP - Dessert","0","443","0","0","1"
"5913","2638","HACCP - Jus en sauzen","0","443","0","0","1"
"5914","2682","HACCP - Soep/bouillon","0","443","0","0","1"
"5915","1688","HACCP - Maaltijdcomponent","0","479","0","0","1"
"5916","1734","HACCP - Salade (met rauwe ingrediënten)","0","479","0","0","1"
"5917","1792","HACCP - Maaltijdcomponent (niet zelf bereid)","0","479","0","0","1"
"5918","1836","HACCP - Rauwkost (met kiemrijke ingrediënten)","0","479","0","0","1"
"5919","1880","HACCP - Rauwe vis","0","479","0","0","1"
"5920","1924","HACCP - THT Rauwe vis","0","479","0","0","1"
"5921","1968","HACCP - THT rauwkost/groenten/fruit","0","479","0","0","1"
"5922","2012","HACCP - Salade","0","479","0","0","1"
"5923","2083","HACCP - Fruit uit blik","0","479","0","0","1"
"5924","2127","HACCP - Vers fruit","0","479","0","0","1"
"5925","2171","HACCP - Vleeswaar (niet gefermenteerd)","0","479","0","0","1"
"5926","2215","HACCP - Slagroom","0","479","0","0","1"
"5927","2259","HACCP - Filet american","0","479","0","0","1"
"5928","2303","HACCP - Dressing","0","479","0","0","1"
"5929","2350","HACCP - Gerookte vis","0","479","0","0","1"
"5930","2396","HACCP - Garnalen","0","479","0","0","1"
"5931","2440","HACCP - Rauw vlees","0","479","0","0","1"
"5932","2484","HACCP - THT Maaltijdcomponent","0","479","0","0","1"
"5933","2528","HACCP - Rauwkost (zonder kiemrijke ingrediënten)","0","479","0","0","1"
"5934","2572","HACCP - Dessert","0","479","0","0","1"
"5935","2618","HACCP - Jus en sauzen","0","479","0","0","1"
"5936","2662","HACCP - Soep/bouillon","0","479","0","0","1"
"5937","1682","HACCP - Maaltijdcomponent","0","464","0","0","1"
"5938","1726","HACCP - Salade (met rauwe ingrediënten)","0","464","0","0","1"
"5939","1784","HACCP - Maaltijdcomponent (niet zelf bereid)","0","464","0","0","1"
"5940","1828","HACCP - Rauwkost (met kiemrijke ingrediënten)","0","464","0","0","1"
"5941","1872","HACCP - Rauwe vis","0","464","0","0","1"
"5942","1916","HACCP - THT Rauwe vis","0","464","0","0","1"
"5943","1960","HACCP - THT rauwkost/groenten/fruit","0","464","0","0","1"
"5944","2004","HACCP - Salade","0","464","0","0","1"
"5945","2075","HACCP - Fruit uit blik","0","464","0","0","1"
"5946","2119","HACCP - Vers fruit","0","464","0","0","1"
"5947","2163","HACCP - Vleeswaar (niet gefermenteerd)","0","464","0","0","1"
"5948","2207","HACCP - Slagroom","0","464","0","0","1"
"5949","2251","HACCP - Filet american","0","464","0","0","1"
"5950","2295","HACCP - Dressing","0","464","0","0","1"
"5951","2342","HACCP - Gerookte vis","0","464","0","0","1"
"5952","2388","HACCP - Garnalen","0","464","0","0","1"
"5953","2432","HACCP - Rauw vlees","0","464","0","0","1"
"5954","2476","HACCP - THT Maaltijdcomponent","0","464","0","0","1"
"5955","2520","HACCP - Rauwkost (zonder kiemrijke ingrediënten)","0","464","0","0","1"
"5956","2564","HACCP - Dessert","0","464","0","0","1"
"5957","2610","HACCP - Jus en sauzen","0","464","0","0","1"
"5958","2654","HACCP - Soep/bouillon","0","464","0","0","1"
"5959","1670","HACCP - Maaltijdcomponent","0","520","0","0","1"
"5960","1714","HACCP - Salade (met rauwe ingrediënten)","0","520","0","0","1"
"5961","1772","HACCP - Maaltijdcomponent (niet zelf bereid)","0","520","0","0","1"
"5962","1816","HACCP - Rauwkost (met kiemrijke ingrediënten)","0","520","0","0","1"
"5963","1860","HACCP - Rauwe vis","0","520","0","0","1"
"5964","1904","HACCP - THT Rauwe vis","0","520","0","0","1"
"5965","1948","HACCP - THT rauwkost/groenten/fruit","0","520","0","0","1"
"5966","1992","HACCP - Salade","0","520","0","0","1"
"5967","2063","HACCP - Fruit uit blik","0","520","0","0","1"
"5968","2107","HACCP - Vers fruit","0","520","0","0","1"
"5969","2151","HACCP - Vleeswaar (niet gefermenteerd)","0","520","0","0","1"
"5970","2195","HACCP - Slagroom","0","520","0","0","1"
"5971","2239","HACCP - Filet american","0","520","0","0","1"
"5972","2283","HACCP - Dressing","0","520","0","0","1"
"5973","2330","HACCP - Gerookte vis","0","520","0","0","1"
"5974","2374","HACCP - Garnalen","0","520","0","0","1"
"5975","2420","HACCP - Rauw vlees","0","520","0","0","1"
"5976","2464","HACCP - THT Maaltijdcomponent","0","520","0","0","1"
"5977","2508","HACCP - Rauwkost (zonder kiemrijke ingrediënten)","0","520","0","0","1"
"5978","2552","HACCP - Dessert","0","520","0","0","1"
"5979","2598","HACCP - Jus en sauzen","0","520","0","0","1"
"5980","2642","HACCP - Soep/bouillon","0","520","0","0","1"
"5981","1672","HACCP - Maaltijdcomponent","0","524","0","0","1"
"5982","1716","HACCP - Salade (met rauwe ingrediënten)","0","524","0","0","1"
"5983","1774","HACCP - Maaltijdcomponent (niet zelf bereid)","0","524","0","0","1"
"5984","1818","HACCP - Rauwkost (met kiemrijke ingrediënten)","0","524","0","0","1"
"5985","1862","HACCP - Rauwe vis","0","524","0","0","1"
"5986","1906","HACCP - THT Rauwe vis","0","524","0","0","1"
"5987","1950","HACCP - THT rauwkost/groenten/fruit","0","524","0","0","1"
"5988","1994","HACCP - Salade","0","524","0","0","1"
"5989","2065","HACCP - Fruit uit blik","0","524","0","0","1"
"5990","2109","HACCP - Vers fruit","0","524","0","0","1"
"5991","2153","HACCP - Vleeswaar (niet gefermenteerd)","0","524","0","0","1"
"5992","2197","HACCP - Slagroom","0","524","0","0","1"
"5993","2241","HACCP - Filet american","0","524","0","0","1"
"5994","2285","HACCP - Dressing","0","524","0","0","1"
"5995","2332","HACCP - Gerookte vis","0","524","0","0","1"
"5996","2378","	HACCP - Garnalen","0","524","0","0","1"
"5997","2422","HACCP - Rauw vlees","0","524","0","0","1"
"5998","2466","HACCP - THT Maaltijdcomponent","0","524","0","0","1"
"5999","2510","HACCP - Rauwkost (zonder kiemrijke ingrediënten)","0","524","0","0","1"
"6000","2554","HACCP - Dessert","0","524","0","0","1"
"6001","2600","HACCP - Jus en sauzen","0","524","0","0","1"
"6002","2644","HACCP - Soep/bouillon","0","524","0","0","1"
"6003","1668","HACCP - Maaltijdcomponent","0","452","0","0","1"
"6004","1712","HACCP - Salade (met rauwe ingrediënten)","0","452","0","0","1"
"6005","1770","HACCP - Maaltijdcomponent (niet zelf bereid)","0","452","0","0","1"
"6006","1814","HACCP - Rauwkost (met kiemrijke ingrediënten)","0","452","0","0","1"
"6007","1858","HACCP - Rauwe vis","0","452","0","0","1"
"6008","1902","HACCP - THT Rauwe vis","0","452","0","0","1"
"6009","1946","HACCP - THT rauwkost/groenten/fruit","0","452","0","0","1"
"6010","1990","HACCP - Salade","0","452","0","0","1"
"6011","2061","HACCP - Fruit uit blik","0","452","0","0","1"
"6012","2105","HACCP - Vers fruit","0","452","0","0","1"
"6013","2149","HACCP - Vleeswaar (niet gefermenteerd)","0","452","0","0","1"
"6014","2193","HACCP - Slagroom","0","452","0","0","1"
"6015","2237","HACCP - Filet american","0","452","0","0","1"
"6016","2281","HACCP - Dressing","0","452","0","0","1"
"6017","2328","HACCP - Gerookte vis","0","452","0","0","1"
"6018","2376","HACCP - Garnalen","0","452","0","0","1"
"6019","2418","HACCP - Rauw vlees","0","452","0","0","1"
"6020","2462","HACCP - THT Maaltijdcomponent","0","452","0","0","1"
"6021","2506","HACCP - Rauwkost (zonder kiemrijke ingrediënten)","0","452","0","0","1"
"6022","2550","HACCP - Dessert","0","452","0","0","1"
"6023","2596","HACCP - Jus en sauzen","0","452","0","0","1"
"6024","2640","HACCP - Soep/bouillon","0","452","0","0","1"
"6025","878","Luchtmetingen","0","169","0","0","1"
"6026","876","Luchtmetingen","0","170","0","0","1"
"6027","5291","Luchtbemonstering","0","1086","0","1","1"
"6028","5291","Luchtbemonstering","0","1086","1","1","1"
"6029","800","Controle van script luchtmetingen","0","565","0","0","1"
"6030","3626","Luchtmetingen fall-out","0","189","1","0","1"
"6031","3998","Luchtmetingen fall-out","0","1181","1","0","1"
"6032","800","Controle van script luchtmetingen","0","565","1","0","1"
"6033","257","Plastic/Kartonnen verpakking","0","178","1","0","1"
"6034","84","Proceswater","0","168","1","1","1"
"6035","5102","Sorteerwater","0","1384","1","1","1"
"6036","3882","Swabs productielijn","0","165","1","1","1"
"6037","4975","Water","0","1206","1","0","1"
"6038","585","Proceswater","0","128","1","1","1"
"6039","3765","Fruit buitenkant (schil)","0","128","1","1","1"
"6040","2700","HACCP - Kaas","0","532","0","0","1"
"6041","2718","HACCP - Kaas","0","142","0","0","1"
"6042","4645","Pakket 61 (kaas)","0","189","1","0","1"
"6043","4643","Pakket 61 (kaas)","0","1181","1","0","1"
"6044","4751","Kaas verpakt","0","1271","1","1","1"
"6045","2716","HACCP - Kaas","0","137","0","0","1"
"6046","2724","HACCP - Kaas","0","152","0","0","1"
"6047","286","Geraspte kaas algemeen","0","198","0","0","1"
"6048","2714","HACCP - Kaas","0","431","0","0","1"
"6049","2690","HACCP - Kaas","0","433","0","0","1"
"6050","2696","HACCP - Kaas","0","436","0","0","1"
"6051","2694","HACCP - Kaas","0","435","0","0","1"
"6052","2692","HACCP - Kaas","0","434","0","0","1"
"6053","2710","HACCP - Kaas","0","529","0","0","1"
"6054","2712","HACCP - Kaas","0","739","0","0","1"
"6055","2702","HACCP - Kaas","0","460","0","0","1"
"6056","2708","HACCP - Kaas","0","750","0","0","1"
"6057","2726","HACCP - Kaas","0","443","0","0","1"
"6058","2706","HACCP - Kaas","0","479","0","0","1"
"6059","2698","HACCP - Kaas","0","464","0","0","1"
"6060","2686","HACCP - Kaas","0","520","0","0","1"
"6061","2688","HACCP - Kaas","0","524","0","0","1"
"6062","2684","HACCP - Kaas","0","452","0","0","1"
"6063","4567","Verpakkingsmateriaal","0","1176","1","1","1"
"6064","4667","Meststoffenwet - Uitgebreid","0","867","1","1","1"
"6065","3158","Classic micro - (spoel)water","0","68","0","0","1"
"6066","4608","Classic micro - (spoel)water","0","818","0","0","1"
"6067","4569","Pakket 1 - Selo verpakking","0","1239","1","1","1"
"6068","4740","Karnemelk - THT","0","355","0","1","1"
"6069","5072","Karnemelk - THT","0","1370","0","1","1"
"6070","4654","Yoghurt / Hangop (2x/jaar)","0","1052","0","1","1"
"6071","1684","HACCP - Maaltijdcomponent","0","532","0","0","1"
"6072","1728","HACCP - Salade (met rauwe ingrediënten)","0","532","0","0","1"
"6073","1786","HACCP - Maaltijdcomponent (niet zelf bereid)","0","532","0","0","1"
"6074","1830","HACCP - Rauwkost (met kiemrijke ingrediënten)","0","532","0","0","1"
"6075","1874","HACCP - Rauwe vis","0","532","0","0","1"
"6076","1918","HACCP - THT Rauwe vis","0","532","0","0","1"
"6077","1962","HACCP - THT rauwkost/groenten/fruit","0","532","0","0","1"
"6078","2006","HACCP - Salade","0","532","0","0","1"
"6079","2077","HACCP - Fruit uit blik","0","532","0","0","1"
"6080","2121","HACCP - Vers fruit","0","532","0","0","1"
"6081","2165","HACCP - Vleeswaar (niet gefermenteerd)","0","532","0","0","1"
"6082","2209","HACCP - Slagroom","0","532","0","0","1"
"6083","2253","HACCP - Filet american","0","532","0","0","1"
"6084","2297","HACCP - Dressing","0","532","0","0","1"
"6085","2344","HACCP - Gerookte vis","0","532","0","0","1"
"6086","2390","HACCP - Garnalen","0","532","0","0","1"
"6087","2434","HACCP - Rauw vlees","0","532","0","0","1"
"6088","2478","HACCP - THT Maaltijdcomponent","0","532","0","0","1"
"6089","2522","HACCP - Rauwkost (zonder kiemrijke ingrediënten)","0","532","0","0","1"
"6090","2566","HACCP - Dessert","0","532","0","0","1"
"6091","2612","HACCP - Jus en sauzen","0","532","0","0","1"
"6092","2656","HACCP - Soep/bouillon","0","532","0","0","1"
"6093","334","Banketbakkerswaar","0","7","0","0","1"
"6094","281","THT Cake/Taart","0","8","1","0","1"
"6095","282","THT Cake/Taart uitgebreid","0","8","0","0","1"
"6096","468","Gevulde slagroomsoes 1","0","11","1","1","1"
"6097","1267","Gevulde slagroomsoes 2","0","11","1","1","1"
"6098","1275","Korstkoeken","0","11","1","1","1"
"6099","1279","Restdeeg","0","11","1","1","1"
"6100","1290","Koek 1","0","11","1","1","1"
"6101","1273","Gevulde slagroomsoes 4 - einde THT","0","11","1","1","1"
"6102","1287","Slagroomsoes gecoat 2 - einde THT","0","11","1","1","1"
"6103","1298","Spijskoeken 2 - einde THT","0","11","1","1","1"
"6104","4979","Schema P-1","0","11","1","1","1"
"6105","4981","Schema P-2","0","11","1","1","1"
"6106","4983","Schema P-3","0","11","1","1","1"
"6107","4985","Schema P-4","0","11","0","1","1"
"6108","4987","Schema P-5","0","11","0","1","1"
"6109","4989","Schema P-6","0","11","1","1","1"
"6110","4991","Schema P-7","0","11","0","1","1"
"6111","108","THT Eierkoeken","0","13","0","0","1"
"6112","337","THT Eierkoeken + pathogenen","0","13","0","0","1"
"6113","671","Bieten - af productie","0","712","1","0","1"
"6114","673","Bieten - na 8 dagen","0","712","1","0","1"
"6115","5011","Yoghurt - THT","0","1357","0","1","1"
"6116","5015","Kwark - THT","0","1357","0","1","1"
"6117","338","Broodproducten (direct en THT)","0","15","0","0","1"
"6118","271","Bolussen","0","15","0","0","1"
"6119","892","Bonbon","0","584","0","0","1"
"6120","390","Banketbakkerswaar","0","18","0","0","1"
"6121","3466","Pakket K - ui","0","787","1","1","1"
"6122","3791","Pakket K - vis","0","787","1","1","1"
"6123","164","Gisten, schimmels & Kiemgetal","0","164","1","1","1"
"6124","3865","Micro Vers","0","164","1","1","1"
"6125","3756","1613 - Silverskin Onions Bonduelle Kenia","0","164","1","1","1"
"6126","5057","Kroketten (n=1)","0","153","1","1","1"
"6127","3355","THT Rauwe vis","0","368","1","1","1"
"6128","1201","Cargill kwartaal warmteonderzoek","0","953","1","1","1"
"6129","4553","Hangop / Yoghurt (THT)","0","1236","0","1","1"
"6130","5157","Salade FSSP","0","167","1","1","1"
"6131","165","Salade","0","167","1","1","1"
"6132","166","THT Salade","0","167","0","1","1"
"6133","1702","HACCP - Maaltijdcomponent","0","142","0","0","1"
"6134","1746","HACCP - Salade (met rauwe ingrediënten)","0","142","0","0","1"
"6135","1804","HACCP - Maaltijdcomponent (niet zelf bereid)","0","142","0","0","1"
"6136","1848","HACCP - Rauwkost (met kiemrijke ingrediënten)","0","142","0","0","1"
"6137","1892","HACCP - Rauwe vis","0","142","0","0","1"
"6138","1936","HACCP - THT Rauwe vis","0","142","0","0","1"
"6139","1980","HACCP - THT rauwkost/groenten/fruit","0","142","0","0","1"
"6140","2025","HACCP - Salade","0","142","0","0","1"
"6141","2095","HACCP - Fruit uit blik","0","142","0","0","1"
"6142","2139","HACCP - Vers fruit","0","142","0","0","1"
"6143","2183","HACCP - Vleeswaar (niet gefermenteerd)","0","142","0","0","1"
"6144","2227","HACCP - Slagroom","0","142","0","0","1"
"6145","2271","HACCP - Filet american","0","142","0","0","1"
"6146","2315","HACCP - Dressing","0","142","0","0","1"
"6147","2362","HACCP - Gerookte vis","0","142","0","0","1"
"6148","2408","HACCP - Garnalen","0","142","0","0","1"
"6149","2452","HACCP - Rauw vlees","0","142","0","0","1"
"6150","2496","HACCP - THT Maaltijdcomponent","0","142","0","0","1"
"6151","2540","HACCP - Rauwkost (zonder kiemrijke ingrediënten)","0","142","0","0","1"
"6152","2586","HACCP - Dessert","0","142","0","0","1"
"6153","2630","HACCP - Jus en sauzen","0","142","0","0","1"
"6154","2674","HACCP - Soep/bouillon","0","142","0","0","1"
"6155","4787","Pakket A","0","1293","1","1","1"
"6156","4789","Pakket B","0","1293","1","1","1"
"6157","4791","Pakket C","0","1293","1","1","1"
"6158","4793","Pakket D","0","1293","1","1","1"
"6159","4863","Pakket E","0","1293","0","1","1"
"6160","5091","Pakket F","0","1293","1","1","1"
"6161","5266","Pakket G","0","1293","1","1","1"
"6162","51","MAZ 1","0","173","0","1","1"
"6163","53","MAZ 1 S","0","173","1","1","1"
"6164","557","MAZ 4","0","173","1","1","1"
"6165","187","MAZ 6","0","173","1","1","1"
"6166","215","MAZ 7","0","173","1","1","1"
"6167","219","MAZ 10","0","173","0","1","1"
"6168","536","MAZ 15","0","173","1","1","1"
"6169","1151","MAZ 23","0","173","1","1","1"
"6170","223","MAZ 12","0","173","1","1","1"
"6171","203","MAZ 2","0","173","1","1","1"
"6172","581","MAZ 14","0","173","0","1","1"
"6173","3545","Grondstof - Groenten","0","567","1","1","1"
"6174","3543","Grondstof - Vis","0","567","1","1","1"
"6175","3549","Grondstof - Kip / vlees / kruiden","0","567","1","1","1"
"6176","3551","Grondstof - Saus/vloeibaar","0","567","1","1","1"
"6177","3553","Eindproduct - direct - Salades, Tapas","0","567","1","1","1"
"6178","3555","Eindproduct - direct - Rauwkostsalades","0","567","1","1","1"
"6179","4855","Eindproduct - direct - dressing","0","567","1","1","1"
"6180","3559","Eindproduct - THT - salades obv yoghurt","0","567","1","1","1"
"6181","3561","Eindproduct - THT - salades obv mayo","0","567","1","1","1"
"6182","3563","Eindproduct - THT - Tapas","0","567","1","1","1"
"6183","3565","Eindproduct - THT - Rauwkostsalade","0","567","1","1","1"
"6184","4861","Eindproduct - THT - dressing","0","567","1","1","1"
"6185","4634","Pakket 1","0","1248","1","1","1"
"6186","2886","Pakket A - direct","0","997","1","1","1"
"6187","2888","Pakket B - THT","0","997","1","1","1"
"6188","2892","Pakket B+C - 1x - THT","0","997","1","1","1"
"6189","266","Gedroogde Bio Champignons","0","568","1","1","1"
"6190","3236","103 - THT","0","179","1","1","1"
"6191","3240","104 - THT","0","179","1","1","1"
"6192","3244","201 - THT","0","179","1","1","1"
"6193","3248","202 - THT","0","179","1","1","1"
"6194","3252","301 - THT","0","179","1","1","1"
"6195","3256","302 - THT","0","179","1","1","1"
"6196","3260","401 - THT","0","179","1","1","1"
"6197","3578","Yoghurt op THT","0","344","0","1","1"
"6198","3591","Hangop / kwark + op THT","0","344","0","1","1"
"6199","3876","THT monsters","0","165","1","1","1"
"6200","3878","Standaard CSM France","0","165","1","1","1"
"6201","4736","Yoghurt - THT","0","355","0","1","1"
"6202","3760","Delhaize - dag 7, 14 en 21","0","374","1","1","1"
"6203","3224","houdbaarheidsonderzoek (on)gepeld uitgebreid","0","374","0","1","1"
"6204","3222","Ìngangscontrole (on)gepeld uitgebreid","0","374","1","1","1"
"6205","518","gedroogde / gezouten vis","0","375","1","0","1"
"6206","5066","Kroketten (n=1)","0","808","1","1","1"
"6207","130","Classic micro - Vruchtensap","0","68","0","0","1"
"6208","3193","Classic micro laminar flow - Vruchtensap","0","68","0","0","1"
"6209","4606","Classic micro - vruchtensap","0","818","0","0","1"
"6210","3320","CFO org Palm","0","184","0","1","1"
"6211","3322","CFO org Mercadonna","0","184","0","1","1"
"6212","3324","CFO org. HC252","0","184","0","1","1"
"6213","3326","CFO org Palm Onion Crunch","0","184","0","1","1"
"6214","3328","CFO smaakjes (Chili/Curry/Bacon/Garlic/Pepper)","0","184","0","1","1"
"6215","3330","FFO org, FFO BIO GF","0","184","0","1","1"
"6216","3332","FFO smaakjes (paprika/garlic-pepper)","0","184","0","1","1"
"6217","5298","THT test","0","1086","0","1","1"
"6218","5147","Pakket 76","0","189","1","1","1"
"6219","1252","Pakket 41","0","189","1","0","1"
"6220","345","Pakket 6","0","189","0","0","1"
"6221","346","Pakket 7","0","189","0","0","1"
"6222","347","Pakket 8","0","189","0","0","1"
"6223","350","Pakket 11","0","189","0","0","1"
"6224","351","Pakket 12","0","189","0","0","1"
"6225","356","Pakket 18","0","189","0","0","1"
"6226","534","Pakket 26","0","189","1","0","1"
"6227","594","Pakket 27","0","189","1","0","1"
"6228","596","Pakket 28","0","189","0","0","1"
"6229","911","Pakket 30","0","189","1","0","1"
"6230","342","Pakket 3","0","189","1","0","1"
"6231","1350","Pakket 45","0","189","1","0","1"
"6232","1539","Pakket 47","0","189","1","0","1"
"6233","3152","Pakket 52","0","189","1","0","1"
"6234","343","Pakket 4","0","189","1","0","1"
"6235","3398","Pakket 54","0","189","1","0","1"
"6236","3400","Pakket 55","0","189","1","0","1"
"6237","3695","Pakket 57","0","189","1","1","1"
"6238","3697","Pakket 58","0","189","1","1","1"
"6239","3777","Pakket 59","0","189","0","0","1"
"6240","4073","Pakket 61","0","189","1","1","1"
"6241","4164","Pakket 64","0","189","0","0","1"
"6242","4503","Pakket 65","0","189","1","1","1"
"6243","4515","Pakket 66","0","189","1","0","1"
"6244","4575","Pakket 68","0","189","1","0","1"
"6245","4600","Pakket 69","0","189","1","0","1"
"6246","4795","Pakket 70","0","189","0","1","1"
"6247","4961","Pakket 72","0","189","0","1","1"
"6248","702","Pakket 14","0","189","1","0","1"
"6249","532","Pakket 25","0","189","0","0","1"
"6250","548","Pakket 24","0","189","1","0","1"
"6251","353","Pakket 15","0","189","0","0","1"
"6252","352","Pakket 13","0","189","0","0","1"
"6253","5194","Pakket 77","0","189","1","1","1"
"6254","5077","Pakket 74","0","189","0","1","1"
"6255","5149","Pakket 76","0","1181","1","1","1"
"6256","3947","Pakket 41","0","1181","1","0","1"
"6257","3956","Pakket 6","0","1181","0","0","1"
"6258","3957","Pakket 7","0","1181","0","0","1"
"6259","3958","Pakket 8","0","1181","0","0","1"
"6260","3960","Pakket 11","0","1181","0","0","1"
"6261","3961","Pakket 12","0","1181","0","0","1"
"6262","3963","Pakket 18","0","1181","0","0","1"
"6263","3967","Pakket 26","0","1181","1","0","1"
"6264","3968","Pakket 27","0","1181","1","0","1"
"6265","3969","Pakket 28","0","1181","0","0","1"
"6266","3972","Pakket 30","0","1181","1","0","1"
"6267","3979","Pakket 3","0","1181","1","0","1"
"6268","3980","Pakket 45","0","1181","1","0","1"
"6269","3983","Pakket 47","0","1181","1","0","1"
"6270","3993","Pakket 52","0","1181","1","0","1"
"6271","3995","Pakket 4","0","1181","1","0","1"
"6272","3996","Pakket 54","0","1181","1","0","1"
"6273","3997","Pakket 55","0","1181","1","0","1"
"6274","4001","Pakket 57","0","1181","1","1","1"
"6275","4002","Pakket 58","0","1181","1","1","1"
"6276","4004","Pakket 59","0","1181","0","0","1"
"6277","4075","Pakket 61","0","1181","1","1","1"
"6278","4162","Pakket 64","0","1181","0","0","1"
"6279","4505","Pakket 65","0","1181","1","1","1"
"6280","4513","Pakket 66","0","1181","1","0","1"
"6281","4573","Pakket 68","0","1181","1","0","1"
"6282","4598","Pakket 69","0","1181","1","0","1"
"6283","4797","Pakket 70","0","1181","0","1","1"
"6284","4963","Pakket 72","0","1181","0","1","1"
"6285","3991","Pakket 14","0","1181","0","0","1"
"6286","3988","Pakket 25","0","1181","0","0","1"
"6287","3989","Pakket 24","0","1181","1","0","1"
"6288","3990","Pakket 15","0","1181","0","0","1"
"6289","3992","Pakket 13","0","1181","0","0","1"
"6290","5192","Pakket 77","0","1181","1","1","1"
"6291","5079","Pakket 74","0","1181","0","1","1"
"6292","4587","COA textured","0","410","0","1","1"
"6293","4762","COA Unilever","0","410","0","1","1"
"6294","4766","COA dehydrated","0","410","0","1","1"
"6295","4585","MICRO","0","410","0","1","1"
"6296","97","Gerookte vis","0","376","0","0","1"
"6297","99","Salade","0","376","1","0","1"
"6298","3165","Pakket B","0","1025","1","1","1"
"6299","4971","Chocolade","0","27","0","1","1"
"6300","4779","Rauw product - THT","0","1288","1","1","1"
"6301","4781","Bereid product - THT","0","1288","1","1","1"
"6302","4783","Sausen - THT","0","1288","1","1","1"
"6303","137","THT Heet/koud gerookte vis","0","378","1","0","1"
"6304","134","Rauwe vis","0","378","1","0","1"
"6305","135","THT Rauwe vis","0","378","1","0","1"
"6306","136","Heet/koud gerookte vis","0","378","1","0","1"
"6307","3652","Pakket 2","0","1041","1","1","1"
"6308","1700","HACCP - Maaltijdcomponent","0","137","0","0","1"
"6309","1744","HACCP - Salade (met rauwe ingrediënten)","0","137","0","0","1"
"6310","1802","HACCP - Maaltijdcomponent (niet zelf bereid)","0","137","0","0","1"
"6311","1846","HACCP - Rauwkost (met kiemrijke ingrediënten)","0","137","0","0","1"
"6312","1890","HACCP - Rauwe vis","0","137","0","0","1"
"6313","1934","HACCP - THT Rauwe vis","0","137","0","0","1"
"6314","1978","HACCP - THT rauwkost/groenten/fruit","0","137","0","0","1"
"6315","2023","HACCP - Salade","0","137","0","0","1"
"6316","2093","HACCP - Fruit uit blik","0","137","0","0","1"
"6317","2137","HACCP - Vers fruit","0","137","0","0","1"
"6318","2181","HACCP - Vleeswaar (niet gefermenteerd)","0","137","0","0","1"
"6319","2225","HACCP - Slagroom","0","137","0","0","1"
"6320","2269","HACCP - Filet american","0","137","0","0","1"
"6321","2313","HACCP - Dressing","0","137","0","0","1"
"6322","2360","HACCP - Gerookte vis","0","137","0","0","1"
"6323","2406","HACCP - Garnalen","0","137","0","0","1"
"6324","2450","HACCP - Rauw vlees","0","137","0","0","1"
"6325","2494","HACCP - THT Maaltijdcomponent","0","137","0","0","1"
"6326","2538","HACCP - Rauwkost (zonder kiemrijke ingrediënten)","0","137","0","0","1"
"6327","2584","HACCP - Dessert","0","137","0","0","1"
"6328","2628","HACCP - Jus en sauzen","0","137","0","0","1"
"6329","2672","HACCP - Soep/bouillon","0","137","0","0","1"
"6330","1708","HACCP - Maaltijdcomponent","0","152","0","0","1"
"6331","1752","HACCP - Salade (met rauwe ingrediënten)","0","152","0","0","1"
"6332","1810","HACCP - Maaltijdcomponent (niet zelf bereid)","0","152","0","0","1"
"6333","1854","HACCP - Rauwkost (met kiemrijke ingrediënten)","0","152","0","0","1"
"6334","1898","HACCP - Rauwe vis","0","152","0","0","1"
"6335","1942","HACCP - THT Rauwe vis","0","152","0","0","1"
"6336","1986","HACCP - THT rauwkost/groenten/fruit","0","152","0","0","1"
"6337","2031","HACCP - Salade","0","152","0","0","1"
"6338","2101","HACCP - Fruit uit blik","0","152","0","0","1"
"6339","2145","HACCP - Vers fruit","0","152","0","0","1"
"6340","2189","HACCP - Vleeswaar (niet gefermenteerd)","0","152","0","0","1"
"6341","2233","HACCP - Slagroom","0","152","0","0","1"
"6342","2277","HACCP - Filet american","0","152","0","0","1"
"6343","2321","HACCP - Dressing","0","152","0","0","1"
"6344","2368","HACCP - Gerookte vis","0","152","0","0","1"
"6345","2414","HACCP - Garnalen","0","152","0","0","1"
"6346","2458","HACCP - Rauw vlees","0","152","0","0","1"
"6347","2502","HACCP - THT Maaltijdcomponent","0","152","0","0","1"
"6348","2546","HACCP - Rauwkost (zonder kiemrijke ingrediënten)","0","152","0","0","1"
"6349","2592","HACCP - Dessert","0","152","0","0","1"
"6350","2636","HACCP - Jus en sauzen","0","152","0","0","1"
"6351","2680","HACCP - Soep/bouillon","0","152","0","0","1"
"6352","1534","Noordzeegarnalen Ingangscontrole uitgebreid","0","905","1","1","1"
"6353","2752","Clean label Franse norm (Dag 0)","0","905","1","1","1"
"6354","2756","Clean label Franse norm (Einde THT)","0","905","1","1","1"
"6355","2754","Clean label Franse norm (Tussentijds)","0","905","1","1","1"
"6356","247","Product 2 en 3 - THT (n=1)","0","119","0","1","1"
"6357","246","Product 2 en 3 - direct (n=1)","0","119","0","1","1"
"6358","5040","Kwark - THT","0","1370","0","1","1"
"6359","5044","Kefir - THT","0","1370","0","1","1"
"6360","5048","Yoghurt - THT","0","1370","0","1","1"
"6361","5052","Roomboter - THT","0","1370","0","1","1"
"6362","4865","Rijst","0","1322","1","1","1"
"6363","4902","Pakket K - ui","0","684","1","1","1"
"6364","4905","Pakket K - vis","0","684","1","1","1"
"6365","5074","Sinecura","0","1214","0","0","1"
"6366","4834","Productgroep 1 - THT - 4 dagen","0","1313","1","1","1"
"6367","4836","Productgroep 1 - THT - 8 dagen","0","1313","1","1","1"
"6368","4840","Productgroep 2 - THT - 4 dagen","0","1313","1","1","1"
"6369","4844","Productgroep 3 - THT - 4 dagen","0","1313","1","1","1"
"6370","4846","Productgroep 3 - THT - 8 dagen","0","1313","1","1","1"
"6371","599","Zult","0","422","0","0","1"
"6372","603","Bloedworst","0","422","0","0","1"
"6373","601","Boerenworst","0","422","0","0","1"
"6374","113","Hele ui - vers","0","120","1","1","1"
"6375","114","Hele ui - THT","0","120","1","1","1"
"6376","1583","Gesneden ui - vers","0","120","1","1","1"
"6377","1585","Gesneden ui - THT","0","120","1","1","1"
"6378","4973","Tabletten","0","1206","0","0","1"
"6379","1698","HACCP - Maaltijdcomponent","0","431","0","0","1"
"6380","1742","HACCP - Salade (met rauwe ingrediënten)","0","431","0","0","1"
"6381","1800","HACCP - Maaltijdcomponent (niet zelf bereid)","0","431","0","0","1"
"6382","1844","HACCP - Rauwkost (met kiemrijke ingrediënten)","0","431","0","0","1"
"6383","1888","HACCP - Rauwe vis","0","431","0","0","1"
"6384","1932","HACCP - THT Rauwe vis","0","431","0","0","1"
"6385","1976","HACCP - THT rauwkost/groenten/fruit","0","431","0","0","1"
"6386","2021","HACCP - Salade","0","431","0","0","1"
"6387","2091","HACCP - Fruit uit blik","0","431","0","0","1"
"6388","2135","HACCP - Vers fruit","0","431","0","0","1"
"6389","2179","HACCP - Vleeswaar (niet gefermenteerd)","0","431","0","0","1"
"6390","2223","HACCP - Slagroom","0","431","0","0","1"
"6391","2267","HACCP - Filet american","0","431","0","0","1"
"6392","2311","HACCP - Dressing","0","431","0","0","1"
"6393","2358","HACCP - Gerookte vis","0","431","0","0","1"
"6394","2404","HACCP - Garnalen","0","431","0","0","1"
"6395","2448","HACCP - Rauw vlees","0","431","0","0","1"
"6396","2492","HACCP - THT Maaltijdcomponent","0","431","0","0","1"
"6397","2536","HACCP - Rauwkost (zonder kiemrijke ingrediënten)","0","431","0","0","1"
"6398","2582","HACCP - Dessert","0","431","0","0","1"
"6399","2626","HACCP - Jus en sauzen","0","431","0","0","1"
"6400","2670","HACCP - Soep/bouillon","0","431","0","0","1"
"6401","1674","HACCP - Maaltijdcomponent","0","433","0","0","1"
"6402","1718","HACCP - Salade (met rauwe ingrediënten)","0","433","0","0","1"
"6403","1776","HACCP - Maaltijdcomponent (niet zelf bereid)","0","433","0","0","1"
"6404","1820","HACCP - Rauwkost (met kiemrijke ingrediënten)","0","433","0","0","1"
"6405","1864","HACCP - Rauwe vis","0","433","0","0","1"
"6406","1908","HACCP - THT Rauwe vis","0","433","0","0","1"
"6407","1952","HACCP - THT rauwkost/groenten/fruit","0","433","0","0","1"
"6408","1996","HACCP - Salade","0","433","0","0","1"
"6409","2067","HACCP - Fruit uit blik","0","433","0","0","1"
"6410","2111","HACCP - Vers fruit","0","433","0","0","1"
"6411","2155","HACCP - Vleeswaar (niet gefermenteerd)","0","433","0","0","1"
"6412","2199","HACCP - Slagroom","0","433","0","0","1"
"6413","2243","HACCP - Filet american","0","433","0","0","1"
"6414","2287","HACCP - Dressing","0","433","0","0","1"
"6415","2334","HACCP - Gerookte vis","0","433","0","0","1"
"6416","2380","HACCP - Garnalen","0","433","0","0","1"
"6417","2424","HACCP - Rauw vlees","0","433","0","0","1"
"6418","2468","HACCP - THT Maaltijdcomponent","0","433","0","0","1"
"6419","2512","HACCP - Rauwkost (zonder kiemrijke ingrediënten)","0","433","0","0","1"
"6420","2556","HACCP - Dessert","0","433","0","0","1"
"6421","2602","HACCP - Jus en sauzen","0","433","0","0","1"
"6422","2646","HACCP - Soep/bouillon","0","433","0","0","1"
"6423","1680","HACCP - Maaltijdcomponent","0","436","0","0","1"
"6424","1724","HACCP - Salade (met rauwe ingrediënten)","0","436","0","0","1"
"6425","1782","HACCP - Maaltijdcomponent (niet zelf bereid)","0","436","0","0","1"
"6426","1826","HACCP - Rauwkost (met kiemrijke ingrediënten)","0","436","0","0","1"
"6427","1870","HACCP - Rauwe vis","0","436","0","0","1"
"6428","1914","HACCP - THT Rauwe vis","0","436","0","0","1"
"6429","1958","HACCP - THT rauwkost/groenten/fruit","0","436","0","0","1"
"6430","2002","HACCP - Salade","0","436","0","0","1"
"6431","2073","HACCP - Fruit uit blik","0","436","0","0","1"
"6432","2117","HACCP - Vers fruit","0","436","0","0","1"
"6433","2161","HACCP - Vleeswaar (niet gefermenteerd)","0","436","0","0","1"
"6434","2205","HACCP - Slagroom","0","436","0","0","1"
"6435","2249","HACCP - Filet american","0","436","0","0","1"
"6436","2293","HACCP - Dressing","0","436","0","0","1"
"6437","2340","HACCP - Gerookte vis","0","436","0","0","1"
"6438","2386","HACCP - Garnalen","0","436","0","0","1"
"6439","2430","HACCP - Rauw vlees","0","436","0","0","1"
"6440","2474","HACCP - THT Maaltijdcomponent","0","436","0","0","1"
"6441","2518","HACCP - Rauwkost (zonder kiemrijke ingrediënten)","0","436","0","0","1"
"6442","2562","HACCP - Dessert","0","436","0","0","1"
"6443","2608","HACCP - Jus en sauzen","0","436","0","0","1"
"6444","2652","HACCP - Soep/bouillon","0","436","0","0","1"
"6445","1678","HACCP - Maaltijdcomponent","0","435","0","0","1"
"6446","1722","HACCP - Salade (met rauwe ingrediënten)","0","435","0","0","1"
"6447","1780","HACCP - Maaltijdcomponent (niet zelf bereid)","0","435","0","0","1"
"6448","1824","HACCP - Rauwkost (met kiemrijke ingrediënten)","0","435","0","0","1"
"6449","1868","HACCP - Rauwe vis","0","435","0","0","1"
"6450","1912","HACCP - THT Rauwe vis","0","435","0","0","1"
"6451","1956","HACCP - THT rauwkost/groenten/fruit","0","435","0","0","1"
"6452","2000","HACCP - Salade","0","435","0","0","1"
"6453","2071","HACCP - Fruit uit blik","0","435","0","0","1"
"6454","2115","HACCP - Vers fruit","0","435","0","0","1"
"6455","2159","HACCP - Vleeswaar (niet gefermenteerd)","0","435","0","0","1"
"6456","2203","HACCP - Slagroom","0","435","0","0","1"
"6457","2247","HACCP - Filet american","0","435","0","0","1"
"6458","2291","HACCP - Dressing","0","435","0","0","1"
"6459","2338","HACCP - Gerookte vis","0","435","0","0","1"
"6460","2384","HACCP - Garnalen","0","435","0","0","1"
"6461","2428","HACCP - Rauw vlees","0","435","0","0","1"
"6462","2472","HACCP - THT Maaltijdcomponent","0","435","0","0","1"
"6463","2516","HACCP - Rauwkost (zonder kiemrijke ingrediënten)","0","435","0","0","1"
"6464","2560","HACCP - Dessert","0","435","0","0","1"
"6465","2606","HACCP - Jus en sauzen","0","435","0","0","1"
"6466","2650","HACCP - Soep/bouillon","0","435","0","0","1"
"6467","1676","HACCP - Maaltijdcomponent","0","434","0","0","1"
"6468","1720","HACCP - Salade (met rauwe ingrediënten)","0","434","0","0","1"
"6469","1778","HACCP - Maaltijdcomponent (niet zelf bereid)","0","434","0","0","1"
"6470","1822","HACCP - Rauwkost (met kiemrijke ingrediënten)","0","434","0","0","1"
"6471","1866","HACCP - Rauwe vis","0","434","0","0","1"
"6472","1910","HACCP - THT Rauwe vis","0","434","0","0","1"
"6473","1954","HACCP - THT rauwkost/groenten/fruit","0","434","0","0","1"
"6474","1998","HACCP - Salade","0","434","0","0","1"
"6475","2069","HACCP - Fruit uit blik","0","434","0","0","1"
"6476","2113","HACCP - Vers fruit","0","434","0","0","1"
"6477","2157","HACCP - Vleeswaar (niet gefermenteerd)","0","434","0","0","1"
"6478","2201","HACCP - Slagroom","0","434","0","0","1"
"6479","2245","HACCP - Filet american","0","434","0","0","1"
"6480","2289","HACCP - Dressing","0","434","0","0","1"
"6481","2336","HACCP - Gerookte vis","0","434","0","0","1"
"6482","2382","HACCP - Garnalen","0","434","0","0","1"
"6483","2426","HACCP - Rauw vlees","0","434","0","0","1"
"6484","2470","HACCP - THT Maaltijdcomponent","0","434","0","0","1"
"6485","2514","HACCP - Rauwkost (zonder kiemrijke ingrediënten)","0","434","0","0","1"
"6486","2558","HACCP - Dessert","0","434","0","0","1"
"6487","2604","HACCP - Jus en sauzen","0","434","0","0","1"
"6488","2648","HACCP - Soep/bouillon","0","434","0","0","1"
"6489","1694","HACCP - Maaltijdcomponent","0","529","0","0","1"
"6490","1738","HACCP - Salade (met rauwe ingrediënten)","0","529","0","0","1"
"6491","1796","HACCP - Maaltijdcomponent (niet zelf bereid)","0","529","0","0","1"
"6492","1840","HACCP - Rauwkost (met kiemrijke ingrediënten)","0","529","0","0","1"
"6493","1884","HACCP - Rauwe vis","0","529","0","0","1"
"6494","1928","HACCP - THT Rauwe vis","0","529","0","0","1"
"6495","1972","HACCP - THT rauwkost/groenten/fruit","0","529","0","0","1"
"6496","2016","HACCP - Salade","0","529","0","0","1"
"6497","2016","HACCP - Salade","0","529","0","0","1"
"6498","2087","HACCP - Fruit uit blik","0","529","0","0","1"
"6499","2131","HACCP - Vers fruit","0","529","0","0","1"
"6500","2175","HACCP - Vleeswaar (niet gefermenteerd)","0","529","0","0","1"
"6501","2219","HACCP - Slagroom","0","529","0","0","1"
"6502","2263","HACCP - Filet american","0","529","0","0","1"
"6503","2307","HACCP - Dressing","0","529","0","0","1"
"6504","2354","HACCP - Gerookte vis","0","529","0","0","1"
"6505","2400","HACCP - Garnalen","0","529","0","0","1"
"6506","2444","HACCP - Rauw vlees","0","529","0","0","1"
"6507","2488","HACCP - THT Maaltijdcomponent","0","529","0","0","1"
"6508","2532","HACCP - Rauwkost (zonder kiemrijke ingrediënten)","0","529","0","0","1"
"6509","2578","HACCP - Dessert","0","529","0","0","1"
"6510","2622","HACCP - Jus en sauzen","0","529","0","0","1"
"6511","2666","HACCP - Soep/bouillon","0","529","0","0","1"
"6512","1696","HACCP - Maaltijdcomponent","0","739","0","0","1"
"6513","1740","HACCP - Salade (met rauwe ingrediënten)","0","739","0","0","1"
"6514","1798","HACCP - Maaltijdcomponent (niet zelf bereid)","0","739","0","0","1"
"6515","1842","HACCP - Rauwkost (met kiemrijke ingrediënten)","0","739","0","0","1"
"6516","1886","HACCP - Rauwe vis","0","739","0","0","1"
"6517","1930","HACCP - THT Rauwe vis","0","739","0","0","1"
"6518","1974","HACCP - THT rauwkost/groenten/fruit","0","739","0","0","1"
"6519","2019","HACCP - Salade","0","739","0","0","1"
"6520","2089","HACCP - Fruit uit blik","0","739","0","0","1"
"6521","2133","HACCP - Vers fruit","0","739","0","0","1"
"6522","2177","HACCP - Vleeswaar (niet gefermenteerd)","0","739","0","0","1"
"6523","2221","HACCP - Slagroom","0","739","0","0","1"
"6524","2265","HACCP - Filet american","0","739","0","0","1"
"6525","2309","HACCP - Dressing","0","739","0","0","1"
"6526","2356","HACCP - Gerookte vis","0","739","0","0","1"
"6527","2402","HACCP - Garnalen","0","739","0","0","1"
"6528","2446","HACCP - Rauw vlees","0","739","0","0","1"
"6529","2490","HACCP - THT Maaltijdcomponent","0","739","0","0","1"
"6530","2534","HACCP - Rauwkost (zonder kiemrijke ingrediënten)","0","739","0","0","1"
"6531","2580","HACCP - Dessert","0","739","0","0","1"
"6532","2624","HACCP - Jus en sauzen","0","739","0","0","1"
"6533","2668","HACCP - Soep/bouillon","0","739","0","0","1"
"6534","178","Struisvogellikeur","0","88","0","0","1"
"6535","949","Chocolade","0","587","0","0","1"
"6536","3111","1. Grondstof","0","963","1","1","1"
"6537","3113","2. Eindproduct","0","963","1","1","1"
"6538","3334","CFO org Palm","0","191","0","1","1"
"6539","3336","CFO org HC252","0","191","0","1","1"
"6540","3338","CFO org Palm Subway","0","191","0","1","1"
"6541","3340","CFO BIO/GF Buckwheat/GF Buckwheat Rice/Light/Fortified","0","191","0","1","1"
"6542","3342","CFO org Palm/Sunflower","0","191","0","1","1"
"6543","3344","CFO org Palm Burger King","0","191","0","1","1"
"6544","3346","CFO Bacon","0","191","0","1","1"
"6545","3348","CFO smaakjes (Chili/Curry/Garlic-Pepper)","0","191","0","1","1"
"6546","3350","CFO org","0","1048","0","1","1"
"6547","194","THT Groenten/Rauwkost","0","122","1","1","1"
"6548","397","Stamppotten","0","122","0","1","1"
"6549","399","THT stamppotten","0","122","1","1","1"
"6550","191","Verhitte producten","0","122","0","1","1"
"6551","193","THT Verhitte producten","0","122","1","1","1"
"6552","192","Groenten/Rauwkost","0","122","1","1","1"
"6553","4873","Pakket Tradin","0","1200","1","1","1"
"6554","770","Eindproduct","0","798","1","1","1"
"6555","767","Ingangscontrole met BZ","0","798","0","1","1"
"6556","3630","Ingangscontrole zonder BZ","0","798","1","1","1"
"6557","786","Houdbaarheid","0","798","1","1","1"
"6558","3746","n=5 + aanvulling","0","798","1","1","1"
"6559","179","Yoghurt THT","0","154","0","0","1"
"6560","496","Pap / vla - THT","0","154","0","0","1"
"6561","117","Bavarois THT","0","154","0","0","1"
"6562","3195","Kruidenboter - THT","0","154","0","0","1"
"6563","107","THT Rauwkost/Groenten","0","124","1","0","1"
"6564","181","Vers vruchtensap","0","124","1","0","1"
"6565","105","Groenten","0","124","1","0","1"
"6566","106","Rauwkost/Groenten","0","124","1","0","1"
"6567","175","Micro pakket","0","384","1","1","1"
"6568","2742","THT onderzoek","0","384","1","1","1"
"6569","1690","HACCP - Maaltijdcomponent","0","460","0","0","1"
"6570","1730","HACCP - Salade (met rauwe ingrediënten)","0","460","0","0","1"
"6571","1788","HACCP - Maaltijdcomponent (niet zelf bereid)","0","460","0","0","1"
"6572","1832","HACCP - Rauwkost (met kiemrijke ingrediënten)","0","460","0","0","1"
"6573","1876","HACCP - Rauwe vis","0","460","0","0","1"
"6574","1920","HACCP - THT Rauwe vis","0","460","0","0","1"
"6575","1964","HACCP - THT rauwkost/groenten/fruit","0","460","0","0","1"
"6576","2008","HACCP - Salade","0","460","0","0","1"
"6577","2079","HACCP - Fruit uit blik","0","460","0","0","1"
"6578","2123","HACCP - Vers fruit","0","460","0","0","1"
"6579","2167","HACCP - Vleeswaar (niet gefermenteerd)","0","460","0","0","1"
"6580","2211","HACCP - Slagroom","0","460","0","0","1"
"6581","2255","HACCP - Filet american","0","460","0","0","1"
"6582","2299","HACCP - Dressing","0","460","0","0","1"
"6583","2346","HACCP - Gerookte vis","0","460","0","0","1"
"6584","2392","HACCP - Garnalen","0","460","0","0","1"
"6585","2436","HACCP - Rauw vlees","0","460","0","0","1"
"6586","2480","HACCP - THT Maaltijdcomponent","0","460","0","0","1"
"6587","2524","HACCP - Rauwkost (zonder kiemrijke ingrediënten)","0","460","0","0","1"
"6588","2568","HACCP - Dessert","0","460","0","0","1"
"6589","2614","HACCP - Jus en sauzen","0","460","0","0","1"
"6590","2658","HACCP - Soep/bouillon","0","460","0","0","1"
"6591","4938","Pakket K - ui","0","843","1","1","1"
"6592","4940","Pakket K - vis","0","843","1","1","1"
"6593","5175","THT-pakket","0","426","1","1","1"
"6594","4106","Kefir / hangop / Yoghurt (THT)","0","917","0","1","1"
"6595","1692","HACCP - Maaltijdcomponent","0","750","0","0","1"
"6596","1736","HACCP - Salade (met rauwe ingrediënten)","0","750","0","0","1"
"6597","1794","HACCP - Maaltijdcomponent (niet zelf bereid)","0","750","0","0","1"
"6598","1838","HACCP - Rauwkost (met kiemrijke ingrediënten)","0","750","0","0","1"
"6599","1882","HACCP - Rauwe vis","0","750","0","0","1"
"6600","1926","HACCP - THT Rauwe vis","0","750","0","0","1"
"6601","1970","HACCP - THT rauwkost/groenten/fruit","0","750","0","0","1"
"6602","2014","HACCP - Salade","0","750","0","0","1"
"6603","2085","HACCP - Fruit uit blik","0","750","0","0","1"
"6604","2129","HACCP - Vers fruit","0","750","0","0","1"
"6605","2173","HACCP - Vleeswaar (niet gefermenteerd)","0","750","0","0","1"
"6606","2217","HACCP - Slagroom","0","750","0","0","1"
"6607","2261","HACCP - Filet american","0","750","0","0","1"
"6608","2305","HACCP - Dressing","0","750","0","0","1"
"6609","2352","HACCP - Gerookte vis","0","750","0","0","1"
"6610","2398","HACCP - Garnalen","0","750","0","0","1"
"6611","2442","HACCP - Rauw vlees","0","750","0","0","1"
"6612","2486","HACCP - THT Maaltijdcomponent","0","750","0","0","1"
"6613","2530","HACCP - Rauwkost (zonder kiemrijke ingrediënten)","0","750","0","0","1"
"6614","2574","HACCP - Dessert","0","750","0","0","1"
"6615","2620","HACCP - Jus en sauzen","0","750","0","0","1"
"6616","2664","HACCP - Soep/bouillon","0","750","0","0","1"
"6617","1710","HACCP - Maaltijdcomponent","0","443","0","0","1"
"6618","1754","HACCP - Salade (met rauwe ingrediënten)","0","443","0","0","1"
"6619","1812","HACCP - Maaltijdcomponent (niet zelf bereid)","0","443","0","0","1"
"6620","1856","HACCP - Rauwkost (met kiemrijke ingrediënten)","0","443","0","0","1"
"6621","1900","HACCP - Rauwe vis","0","443","0","0","1"
"6622","1944","HACCP - THT Rauwe vis","0","443","0","0","1"
"6623","1988","HACCP - THT rauwkost/groenten/fruit","0","443","0","0","1"
"6624","2033","HACCP - Salade","0","443","0","0","1"
"6625","2103","HACCP - Fruit uit blik","0","443","0","0","1"
"6626","2147","HACCP - Vers fruit","0","443","0","0","1"
"6627","2191","HACCP - Vleeswaar (niet gefermenteerd)","0","443","0","0","1"
"6628","2235","HACCP - Slagroom","0","443","0","0","1"
"6629","2279","HACCP - Filet american","0","443","0","0","1"
"6630","2323","HACCP - Dressing","0","443","0","0","1"
"6631","2370","HACCP - Gerookte vis","0","443","0","0","1"
"6632","2416","HACCP - Garnalen","0","443","0","0","1"
"6633","2460","HACCP - Rauw vlees","0","443","0","0","1"
"6634","2504","HACCP - THT Maaltijdcomponent","0","443","0","0","1"
"6635","2548","HACCP - Rauwkost (zonder kiemrijke ingrediënten)","0","443","0","0","1"
"6636","2594","HACCP - Dessert","0","443","0","0","1"
"6637","2638","HACCP - Jus en sauzen","0","443","0","0","1"
"6638","2682","HACCP - Soep/bouillon","0","443","0","0","1"
"6639","1688","HACCP - Maaltijdcomponent","0","479","0","0","1"
"6640","1734","HACCP - Salade (met rauwe ingrediënten)","0","479","0","0","1"
"6641","1792","HACCP - Maaltijdcomponent (niet zelf bereid)","0","479","0","0","1"
"6642","1836","HACCP - Rauwkost (met kiemrijke ingrediënten)","0","479","0","0","1"
"6643","1880","HACCP - Rauwe vis","0","479","0","0","1"
"6644","1924","HACCP - THT Rauwe vis","0","479","0","0","1"
"6645","1968","HACCP - THT rauwkost/groenten/fruit","0","479","0","0","1"
"6646","2012","HACCP - Salade","0","479","0","0","1"
"6647","2083","HACCP - Fruit uit blik","0","479","0","0","1"
"6648","2127","HACCP - Vers fruit","0","479","0","0","1"
"6649","2171","HACCP - Vleeswaar (niet gefermenteerd)","0","479","0","0","1"
"6650","2215","HACCP - Slagroom","0","479","0","0","1"
"6651","2259","HACCP - Filet american","0","479","0","0","1"
"6652","2303","HACCP - Dressing","0","479","0","0","1"
"6653","2350","HACCP - Gerookte vis","0","479","0","0","1"
"6654","2396","HACCP - Garnalen","0","479","0","0","1"
"6655","2440","HACCP - Rauw vlees","0","479","0","0","1"
"6656","2484","HACCP - THT Maaltijdcomponent","0","479","0","0","1"
"6657","2528","HACCP - Rauwkost (zonder kiemrijke ingrediënten)","0","479","0","0","1"
"6658","2572","HACCP - Dessert","0","479","0","0","1"
"6659","2618","HACCP - Jus en sauzen","0","479","0","0","1"
"6660","2662","HACCP - Soep/bouillon","0","479","0","0","1"
"6661","1682","HACCP - Maaltijdcomponent","0","464","0","0","1"
"6662","1726","HACCP - Salade (met rauwe ingrediënten)","0","464","0","0","1"
"6663","1784","HACCP - Maaltijdcomponent (niet zelf bereid)","0","464","0","0","1"
"6664","1828","HACCP - Rauwkost (met kiemrijke ingrediënten)","0","464","0","0","1"
"6665","1872","HACCP - Rauwe vis","0","464","0","0","1"
"6666","1916","HACCP - THT Rauwe vis","0","464","0","0","1"
"6667","1960","HACCP - THT rauwkost/groenten/fruit","0","464","0","0","1"
"6668","2004","HACCP - Salade","0","464","0","0","1"
"6669","2075","HACCP - Fruit uit blik","0","464","0","0","1"
"6670","2119","HACCP - Vers fruit","0","464","0","0","1"
"6671","2163","HACCP - Vleeswaar (niet gefermenteerd)","0","464","0","0","1"
"6672","2207","HACCP - Slagroom","0","464","0","0","1"
"6673","2251","HACCP - Filet american","0","464","0","0","1"
"6674","2295","HACCP - Dressing","0","464","0","0","1"
"6675","2342","HACCP - Gerookte vis","0","464","0","0","1"
"6676","2388","HACCP - Garnalen","0","464","0","0","1"
"6677","2432","HACCP - Rauw vlees","0","464","0","0","1"
"6678","2476","HACCP - THT Maaltijdcomponent","0","464","0","0","1"
"6679","2520","HACCP - Rauwkost (zonder kiemrijke ingrediënten)","0","464","0","0","1"
"6680","2564","HACCP - Dessert","0","464","0","0","1"
"6681","2610","HACCP - Jus en sauzen","0","464","0","0","1"
"6682","2654","HACCP - Soep/bouillon","0","464","0","0","1"
"6683","1670","HACCP - Maaltijdcomponent","0","520","0","0","1"
"6684","1714","HACCP - Salade (met rauwe ingrediënten)","0","520","0","0","1"
"6685","1772","HACCP - Maaltijdcomponent (niet zelf bereid)","0","520","0","0","1"
"6686","1816","HACCP - Rauwkost (met kiemrijke ingrediënten)","0","520","0","0","1"
"6687","1860","HACCP - Rauwe vis","0","520","0","0","1"
"6688","1904","HACCP - THT Rauwe vis","0","520","0","0","1"
"6689","1948","HACCP - THT rauwkost/groenten/fruit","0","520","0","0","1"
"6690","1992","HACCP - Salade","0","520","0","0","1"
"6691","2063","HACCP - Fruit uit blik","0","520","0","0","1"
"6692","2107","HACCP - Vers fruit","0","520","0","0","1"
"6693","2151","HACCP - Vleeswaar (niet gefermenteerd)","0","520","0","0","1"
"6694","2195","HACCP - Slagroom","0","520","0","0","1"
"6695","2239","HACCP - Filet american","0","520","0","0","1"
"6696","2283","HACCP - Dressing","0","520","0","0","1"
"6697","2330","HACCP - Gerookte vis","0","520","0","0","1"
"6698","2374","HACCP - Garnalen","0","520","0","0","1"
"6699","2420","HACCP - Rauw vlees","0","520","0","0","1"
"6700","2464","HACCP - THT Maaltijdcomponent","0","520","0","0","1"
"6701","2508","HACCP - Rauwkost (zonder kiemrijke ingrediënten)","0","520","0","0","1"
"6702","2552","HACCP - Dessert","0","520","0","0","1"
"6703","2598","HACCP - Jus en sauzen","0","520","0","0","1"
"6704","2642","HACCP - Soep/bouillon","0","520","0","0","1"
"6705","1672","HACCP - Maaltijdcomponent","0","524","0","0","1"
"6706","1716","HACCP - Salade (met rauwe ingrediënten)","0","524","0","0","1"
"6707","1774","HACCP - Maaltijdcomponent (niet zelf bereid)","0","524","0","0","1"
"6708","1818","HACCP - Rauwkost (met kiemrijke ingrediënten)","0","524","0","0","1"
"6709","1862","HACCP - Rauwe vis","0","524","0","0","1"
"6710","1906","HACCP - THT Rauwe vis","0","524","0","0","1"
"6711","1950","HACCP - THT rauwkost/groenten/fruit","0","524","0","0","1"
"6712","1994","HACCP - Salade","0","524","0","0","1"
"6713","2065","HACCP - Fruit uit blik","0","524","0","0","1"
"6714","2109","HACCP - Vers fruit","0","524","0","0","1"
"6715","2153","HACCP - Vleeswaar (niet gefermenteerd)","0","524","0","0","1"
"6716","2197","HACCP - Slagroom","0","524","0","0","1"
"6717","2241","HACCP - Filet american","0","524","0","0","1"
"6718","2285","HACCP - Dressing","0","524","0","0","1"
"6719","2332","HACCP - Gerookte vis","0","524","0","0","1"
"6720","2378","	HACCP - Garnalen","0","524","0","0","1"
"6721","2422","HACCP - Rauw vlees","0","524","0","0","1"
"6722","2466","HACCP - THT Maaltijdcomponent","0","524","0","0","1"
"6723","2510","HACCP - Rauwkost (zonder kiemrijke ingrediënten)","0","524","0","0","1"
"6724","2554","HACCP - Dessert","0","524","0","0","1"
"6725","2600","HACCP - Jus en sauzen","0","524","0","0","1"
"6726","2644","HACCP - Soep/bouillon","0","524","0","0","1"
"6727","1668","HACCP - Maaltijdcomponent","0","452","0","0","1"
"6728","1712","HACCP - Salade (met rauwe ingrediënten)","0","452","0","0","1"
"6729","1770","HACCP - Maaltijdcomponent (niet zelf bereid)","0","452","0","0","1"
"6730","1814","HACCP - Rauwkost (met kiemrijke ingrediënten)","0","452","0","0","1"
"6731","1858","HACCP - Rauwe vis","0","452","0","0","1"
"6732","1902","HACCP - THT Rauwe vis","0","452","0","0","1"
"6733","1946","HACCP - THT rauwkost/groenten/fruit","0","452","0","0","1"
"6734","1990","HACCP - Salade","0","452","0","0","1"
"6735","2061","HACCP - Fruit uit blik","0","452","0","0","1"
"6736","2105","HACCP - Vers fruit","0","452","0","0","1"
"6737","2149","HACCP - Vleeswaar (niet gefermenteerd)","0","452","0","0","1"
"6738","2193","HACCP - Slagroom","0","452","0","0","1"
"6739","2237","HACCP - Filet american","0","452","0","0","1"
"6740","2281","HACCP - Dressing","0","452","0","0","1"
"6741","2328","HACCP - Gerookte vis","0","452","0","0","1"
"6742","2376","HACCP - Garnalen","0","452","0","0","1"
"6743","2418","HACCP - Rauw vlees","0","452","0","0","1"
"6744","2462","HACCP - THT Maaltijdcomponent","0","452","0","0","1"
"6745","2506","HACCP - Rauwkost (zonder kiemrijke ingrediënten)","0","452","0","0","1"
"6746","2550","HACCP - Dessert","0","452","0","0","1"
"6747","2596","HACCP - Jus en sauzen","0","452","0","0","1"
"6748","2640","HACCP - Soep/bouillon","0","452","0","0","1"
"6749","876","Luchtmetingen","0","170","1","0","1"
"6750","878","Luchtmetingen","0","169","1","0","1"
"6751","4608","Classic micro - (spoel)water","0","818","1","0","1"
"6752","4606","Classic micro - vruchtensap","0","818","1","0","1"
"6753","3158","Classic micro - (spoel)water","0","68","1","0","1"
"6754","130","Classic micro - Vruchtensap","0","68","1","0","1"
"6755","3193","Classic micro laminar flow - Vruchtensap","0","68","0","0","1"
"6756","3664","Eindproduct af productie - maaltijden","0","1086","0","1","1"
"6757","5274","Eindproduct af productie - Coldfill pH > 4,4","0","1086","0","1","1"
"6758","6758","Softijs","0","356","0","1","1"
"6759","6758","Softijs","0","356","1","1","1"
"6760","5286","Pesto positive release","0","1086","0","1","1"
"6761","6761","Rauwe melk uit melktap","0","1432","0","1","1"
"6762","6761","Rauwe melk uit melktap","0","1432","1","1","1"
"6763","6763","Pakket 78","0","1181","0","1","1"
"6764","6763","Pakket 78","0","1181","1","1","1"
"6765","6765","Pakket 78","0","189","0","1","1"
"6766","6765","Pakket 78","0","189","1","1","1"
"6767","6767","Pakket 32","0","1181","0","1","1"
"6768","6767","Pakket 32","0","1181","1","1","1"
"6769","6769","Pakket 32","0","189","0","1","1"
"6770","6769","Pakket 32","0","189","1","1","1"
"6771","6771","Positive release - Listeria monocytogenes - LSB 2 - 18 uur","0","684","0","0","1"
"6772","6771","Positive release - Listeria monocytogenes - LSB 2 - 18 uur","0","684","0","0","1"
"6773","6773","LH Haring - 2,5 gram - Listeria monocytogenes","0","787","0","1","1"
"6774","6773","LH Haring - 2,5 gram - Listeria monocytogenes","0","787","1","1","1"
"6775","3193","Classic micro laminar flow - Vruchtensap","0","68","1","0","1"
"6776","767","Ingangscontrole met BZ","0","798","1","1","1"
"6777","5002","Beregeningswater (1000 kve/100ml)","0","36","1","1","1"
"6778","5000","Spoelwater (<1 kve/100ml)","0","36","1","1","1"
"6779","6779","Zeewater (proces)","0","119","0","1","1"
"6780","6779","Zeewater (proces)","0","119","1","1","1"
"6781","4031","Product 1 - direct (n=5)","0","119","0","1","1"
"6782","4033","Product 1 - THT (n=5)","0","119","0","1","1"
"6783","246","Product 2 en 3 - direct (n=1)","0","119","0","1","1"
"6784","247","Product 2 en 3 - THT (n=1)","0","119","0","1","1"
"6785","1264","Pakket 42","0","189","1","0","1"
"6786","3948","Pakket 42","0","1181","1","0","1"
"6787","6787","Zwemwater","0","142","0","1","1"
"6788","6787","Zwemwater","0","142","1","1","1"
"6789","3676","Swabs - Listeria","0","1086","1","1","1"
"6790","6790","Water type C","0","426","0","1","1"
"6791","6790","Water type C","0","426","1","1","1"
"6792","6792","Listeria monocytogenes - spoed","0","374","0","1","1"
"6793","6792","Listeria monocytogenes - spoed","0","374","1","1","1"
"6794","6794","Positive release - Listeria monocytogenes","0","787","0","1","1"
"6795","6794","Positive release - Listeria monocytogenes","0","787","1","1","1"
"6796","6771","Positive release - Listeria monocytogenes","0","684","1","1","1"
"6797","4104","Gefermenteerde vloeibare zuivelproducten o.b.v. rauwe of gethermiseerde melk","0","917","0","1","1"
"6798","6798","Zoete pappen","0","917","0","1","1"
"6799","6799","Gepasteuriseerde zoete vloeibare zuivelproducten >72°C","0","917","0","1","1"
"6800","6799","Gepasteuriseerde zoete vloeibare zuivelproducten >72°C","0","917","0","1","1"
"6801","6799","Gepasteuriseerde zoete vloeibare zuivelproducten","0","917","0","1","1"
"6802","4106","Kefir / hangop / Yoghurt (THT)","0","917","0","0","1"
"6803","4102","Kefir / hangop (klein)","0","917","0","0","1"
"6804","4109","Vla (klein)","0","917","0","0","1"
"6805","4111","Vla (groot)","0","917","0","0","1"
"6806","4113","Vla (THT)","0","917","0","0","1"
"6807","4115","Rauwe melk","0","917","0","0","1"
"6808","4147","Yoghurt","0","917","0","0","1"
"6809","4106","Kefir / hangop / Yoghurt (THT)","0","917","0","1","1"
"6810","4102","Kefir / hangop (klein)","0","917","0","1","1"
"6811","4109","Vla (klein)","0","917","0","1","1"
"6812","4111","Vla (groot)","0","917","0","1","1"
"6813","4113","Vla (THT)","0","917","0","1","1"
"6814","4115","Rauwe melk","0","917","0","1","1"
"6815","4147","Yoghurt","0","917","0","1","1"
"6816","5272","Eindproduct af productie - Ultra Fresh maaltijden","0","1086","0","1","1"
"6817","5280","Eindproduct Eind THT - Ultra Fresh maaltijden","0","1086","0","1","1"
"6818","4639","Pakket 60 (kaas)","0","1181","1","0","1"
"6819","6819","Industrie Mibi jaarlijks","0","953","0","1","1"
"6820","6819","Industrie Mibi jaarlijks","0","953","1","1","1"
"6821","2779","Drinkwater - WHO","0","607","1","0","1"
"6822","1334","Drinkwater - drinkwaterbesluit","0","607","0","1","1"
"6823","1334","Drinkwater - drinkwaterbesluit","0","607","0","1","1"
"6824","4115","Rauwe melk","0","917","0","1","1"
"6825","6825","Roomijs","0","1450","0","1","1"
"6826","6825","Roomijs","0","1450","1","1","1"
"6827","6827","Gepasteuriseerde melk","0","1450","0","1","1"
"6828","6827","Gepasteuriseerde melk","0","1450","1","1","1"
"6829","4587","1COA textured (meatless textured spec)","0","410","0","1","1"
"6830","6830","2COA dehydrated (Meatless dehydrated spec)","0","410","0","1","1"
"6831","6830","2COA dehydrated (Meatless dehydrated spec)","0","410","0","1","1"
"6832","4587","1COA textured (meatless textured spec)","0","410","0","1","1"
"6833","6833","3COA Danish Crown (danish crown textured spec)","0","410","0","1","1"
"6834","6833","3COA Danish Crown (danish crown textured spec)","0","410","0","1","1"
"6835","4762","4COA Unilever","0","410","0","1","1"
"6836","4762","4COA Unilever","0","410","0","1","1"
"6837","4766","1EPM dehydrated","0","410","0","1","1"
"6838","6838","1EPM textured","0","410","0","1","1"
"6839","6838","1EPM textured","0","410","0","1","1"
"6840","4115","Rauwe melk","0","917","0","1","1"
"6841","4104","Gefermenteerde vloeibare zuivelproducten o.b.v. rauwe of gethermiseerde melk","0","917","0","1","1"
"6842","4115","Rauwe melk","0","917","0","1","1"
"6843","4115","Rauwe melk","0","917","0","1","1"
"6844","6844","Listeria monocytogenes - spoed","0","567","0","1","1"
"6845","6845","Soepen","0","1469","0","1","1"
"6846","6845","Soepen","0","1469","1","1","1"
"6847","4985","Schema P-4","0","11","1","1","1"
"6848","4987","Schema P-5","0","11","1","1","1"
"6849","4991","Schema P-7","0","11","1","1","1"
"6850","6850","Ongekoelde presentatie","0","1477","0","1","1"
"6851","6850","Ongekoelde presentatie","0","1477","1","1","1"
"6852","6852","Dessert met zuivel","0","1480","0","1","1"
"6853","6852","Dessert met zuivel","0","1480","1","1","1"
"6854","6854","Gegaard gevogelte","0","1480","0","1","1"
"6855","6854","Gegaard gevogelte","0","1480","1","1","1"
"6856","6856","Gegaard vlees","0","1480","0","1","1"
"6857","6856","Gegaard vlees","0","1480","1","1","1"
"6858","6858","Rauw rundvlees - STEC","0","1480","0","1","1"
"6859","6858","Rauw rundvlees - STEC","0","1480","1","1","1"
"6860","6860","Gefrituurd product","0","1480","0","1","1"
"6861","6860","Gefrituurd product","0","1480","1","1","1"
"6862","6862","Swab - Listeria monocytogenes","0","1480","0","1","1"
"6863","6862","Swab - Listeria monocytogenes","0","1480","1","1","1"
"6864","6864","Positive release - Listeria monocytogenes","0","843","0","1","1"
"6865","6864","Positive release - Listeria monocytogenes","0","843","1","1","1"
"6866","271","BLIEK-BO-1","0","15","0","1","1"
"6867","6867","BLIEK-BO-2","0","15","0","1","1"
"6868","6867","BLIEK-BO-2","0","15","1","1","1"
"6869","6869","BLIEK-GV-1","0","15","0","1","1"
"6870","6869","BLIEK-GV-1","0","15","1","1","1"
"6871","6871","BLIEK-GV-2","0","15","0","1","1"
"6872","6871","BLIEK-GV-2","0","15","1","1","1"
"6873","6873","BLIEK-BR-1","0","15","0","1","1"
"6874","6873","BLIEK-BR-1","0","15","1","1","1"
"6875","6875","BLIEK-BR-2","0","15","0","1","1"
"6876","6875","BLIEK-BR-2","0","15","1","1","1"
"6877","6877","BLIEK-BR-3","0","15","0","1","1"
"6878","6877","BLIEK-BR-3","0","15","1","1","1"
"6879","6879","BLIEK-BR-4","0","15","0","1","1"
"6880","6879","BLIEK-BR-4","0","15","1","1","1"
"6881","6881","BLIEK-BR-5","0","15","0","1","1"
"6882","6881","BLIEK-BR-5","0","15","1","1","1"
"6883","339","BLIEK-ENV-1","0","15","1","1","1"
"6884","6884","BLIEK-ENV-2","0","15","0","1","1"
"6885","6884","BLIEK-ENV-2","0","15","1","1","1"
"6886","271","BLIEK-BO-1","0","15","1","1","1"
"6887","3991","Pakket 14","0","1181","1","0","1"
"6888","6888","Smoothie - direct","0","1484","0","1","1"
"6889","6888","Smoothie - direct","0","1484","0","1","1"
"6890","6890","Smoothie - THT pakket","0","1484","0","1","1"
"6891","6890","Smoothie - THT pakket","0","1484","1","1","1"
"6892","6888","Smoothie - direct pakket","0","1484","1","1","1"
"6893","4587","1COA textured (meatless textured spec)","0","410","0","1","1"
"6894","6830","2COA dehydrated (Meatless dehydrated spec)","0","410","0","1","1"
"6895","4762","4COA Unilever","0","410","0","1","1"
"6896","6838","1EPM textured","0","410","0","1","1"
"6897","4766","1EPM dehydrated","0","410","0","1","1"
"6898","6898","1AR (Active Release)","0","410","0","1","1"
"6899","6898","1AR (Active Release)","0","410","1","1","1"
"6900","6900","Listeria mono - detectie/telling zelfde testportie","1","0","0","0","1"
"6901","6900","Listeria mono - detectie/telling zelfde testportie LSB 1","1","0","1","0","1"
"6902","6902","	Listeria mono - detectie/telling zelfde testportie LSB 1 - <1","1","0","0","0","1"
"6903","6902","Listeria mono - detectie/telling zelfde testportie LSB 1 - <1","1","0","1","0","1"
"6904","6904","Listeria mono - detectie/telling zelfde testportie LSB 2","1","0","0","0","1"
"6905","6904","Listeria mono - detectie/telling zelfde testportie LSB 2 (vlees-vis-groenten)","1","0","1","0","1"
"6906","6906","Listeria mono - detectie/telling zelfde testportie LSB 2 (samengest. prod.)","1","0","0","0","1"
"6907","6906","Listeria mono - detectie/telling zelfde testportie LSB 2 (maaltijdcomp./samengest.prod.)","1","0","1","0","1"
"6908","6908","Listeria mono - detectie/telling zelfde testportie LSB 2 (vlees-vis-groenten) - <1","1","0","0","0","1"
"6909","6908","Listeria mono - detectie/telling zelfde testportie LSB 2 (vlees-vis-groenten) - <1","1","0","1","0","1"
"6910","6910","	Listeria mono - detectie/telling zelfde testportie LSB 2 (maaltijdcomp./samengest.prod.) - <1","1","0","0","0","1"
"6911","6910","	Listeria mono - detectie/telling zelfde testportie LSB 2 (maaltijdcomp./samengest.prod.) - <1","1","0","1","0","1"
"6912","4587","1COA textured (meatless textured spec)","0","410","0","1","1"
"6913","6830","2COA dehydrated (Meatless dehydrated spec)","0","410","0","1","1"
"6914","4762","4COA Unilever","0","410","0","1","1"
"6915","6838","1EPM textured","0","410","0","1","1"
"6916","4766","1EPM dehydrated","0","410","0","1","1"
"6917","4587","1COA textured (meatless textured spec)","0","410","0","1","1"
"6918","6830","2COA dehydrated (Meatless dehydrated spec)","0","410","0","1","1"
"6919","4762","4COA Unilever","0","410","0","1","1"
"6920","6838","1EPM textured","0","410","0","1","1"
"6921","4766","1EPM dehydrated","0","410","0","1","1"
"6922","5272","Eindproduct af productie - Ultra Fresh maaltijden","0","1086","0","1","1"
"6923","6923","Legionella - Drinkwater NIET onder Q!","1","0","0","0","1"
"6924","6923","Legionella - Drinkwater NIET onder Q!","1","0","1","0","1"
"6925","6925","5COA","0","410","0","1","1"
"6926","6925","5COA","0","410","0","1","1"
"6927","6927","Inkomend water en Ijs","0","995","0","1","1"
"6928","6927","Inkomend water","0","995","1","1","1"
"6929","6929","Scherf ijs","0","995","0","1","1"
"6930","6929","Scherf ijs","0","995","1","1","1"
"6931","6931","Osmose water","0","995","0","1","1"
"6932","6931","Osmose water","0","995","1","1","1"
"6933","6933","Water in gebruik","0","995","0","1","1"
"6934","6933","Water in gebruik","0","995","1","1","1"
"6935","6935","Pekel water","0","995","0","1","1"
"6936","6935","Pekel water","0","995","1","1","1"
"6937","3689","Fertiliser production 702","0","867","1","1","1"
"6938","4863","Pakket E","0","1293","1","1","1"
"6939","6939","Pakket 80","0","1181","0","1","1"
"6940","6939","Pakket 80","0","1181","1","1","1"
"6941","6941","Pakket 80","0","189","0","1","1"
"6942","6941","Pakket 80","0","189","1","1","1"
"6943","6943","Pakket 79","0","1181","0","1","1"
"6944","6943","Pakket 79","0","1181","1","1","1"
"6945","6945","Pakket 79","0","189","0","1","1"
"6946","6945","Pakket 79","0","189","1","1","1"
"6947","6947","Rauwe melk","0","1120","0","1","1"
"6948","6947","Rauwe melk","0","1120","0","1","1"
"6949","6949","Swabs verdamper","0","426","0","1","1"
"6950","6949","Swabs verdamper","0","426","1","1","1"
"6951","6951","Rauwe melk (kiemgetal + pathogenen)","0","1120","0","1","1"
"6952","6951","Rauwe melk (kiemgetal + pathogenen)","0","1120","1","1","1"
"6953","6947","Rauwe melk (pathogenen)","0","1120","1","1","1"
"6954","6954","Rauwe melk","0","1504","0","1","1"
"6955","6954","Rauwe melk","0","1504","1","1","1"
"6956","6956","Kefir Naturel / Karnemelk / Ayran/ Kaymak / Yoghurt / Creme fraiche","0","1504","0","1","1"
"6957","6956","Kefir Naturel / Karnemelk / Ayran/ Kaymak / Yoghurt / Creme fraiche","0","1504","0","1","1"
"6958","6958","Chocolade vla / vanille vla / chocomelk / ijskoffie / rijstepap / magere melk","0","1504","0","1","1"
"6959","6958","Chocolade vla / vanille vla / chocomelk / ijskoffie / rijstepap / magere melk","0","1504","0","1","1"
"6960","6960","Mozarella / Buratta","0","1504","0","1","1"
"6961","6960","Mozarella / Buratta","0","1504","0","1","1"
"6962","6962","Koelwater einde productie mozarella en buratta","0","1504","0","1","1"
"6963","6962","Koelwater einde productie mozarella en buratta","0","1504","1","1","1"
"6964","6964","Omgevingsmonitoring (swab)","0","1504","0","1","1"
"6965","6964","Omgevingsmonitoring (swab)","0","1504","1","1","1"
"6966","6966","Rauwe vis (THT)","0","377","0","1","1"
"6967","6966","Rauwe vis (THT)","0","377","1","1","1"
"6968","14","Scherfijs / leidingwater","0","377","1","1","1"
"6969","6969","Omgevingsmonitoring (swab)","0","377","0","1","1"
"6970","6969","Omgevingsmonitoring (swab)","0","377","1","1","1"
"6971","6971","Zware metalen","0","1421","0","1","1"
"6972","6971","Zware metalen - Kreeften","0","1421","1","1","1"
"6973","6973","E.coli / Salmonella","0","1421","0","1","1"
"6974","6973","E.coli / Salmonella","0","1421","1","1","1"
"6975","6975","Proceswater","0","1421","0","1","1"
"6976","6975","Proceswater","0","1421","1","1","1"
"6977","5296","Contramonster analyse","0","1086","0","1","1"
"6978","5272","Eindproduct af productie - Ultra Fresh maaltijden","0","1086","0","1","1"
"6979","5298","THT test","0","1086","0","1","1"
"6980","3940","Producten o.b.v. listeriastudie","0","953","1","1","1"
"6981","3743","Listeria rundvlees (detectie+telling)","0","426","1","1","1"
"6982","48","Water","0","423","1","1","1"
"6983","1018","Rodac - PCA","0","423","1","1","1"
"6984","374","Gehakt (vleesbereiding) 3 parameters","0","423","1","1","1"
"6985","45","Gehakt (Vleesbereiding) 5 parameters","0","423","1","1","1"
"6986","6986","Pakket 81","0","1181","0","1","1"
"6987","6986","Pakket 81","0","1181","0","1","1"
"6988","6988","Pakket 81","0","189","0","1","1"
"6989","6988","Pakket 81","0","189","0","1","1"
"6990","6990","Pakket water (demo test)","0","1181","0","1","1"
"6991","6990","Pakket water (demo test)","0","1181","1","1","1"
"6992","3954","Rodac - PCA","0","1181","0","1","1"
"6993","6993","Afdrukjes voor 1 set blanks (20/20/20)","0","170","0","0","1"
"6994","6993","Afdrukjes voor 1 set blanks (5/5/5)","0","170","1","0","1"
"6995","6995","Afdrukjes voor 1 set blanks (5/5/5)","0","629","0","0","1"
"6996","6995","Afdrukjes voor 1 set blanks (5/5/5)","0","629","0","0","1"
"6997","6995","Afdrukjes voor 1 set blanks (5/5/5)","0","629","1","1","1"
"6998","6998","Mungbonen lekwater","0","1508","0","1","1"
"6999","6998","Mungbonen lekwater","0","1508","1","1","1"
"7000","7000","Taugé - zware metalen","0","1508","0","1","1"
"7001","7000","Taugé - zware metalen","0","1508","0","1","1"
"7002","7000","Taugé - zware metalen & pesticiden","0","1508","1","1","1"
"7003","7003","Taugé - direct","0","1508","0","1","1"
"7004","7003","Taugé - direct","0","1508","1","1","1"
"7005","7005","Taugé - THT (n=5)","0","1508","0","1","1"
"7006","7005","Taugé - THT (n=5)","0","1508","1","1","1"
"7007","7007","Proceswater","0","1508","0","1","1"
"7008","7007","Proceswater","0","1508","1","1","1"
"7009","7009","Sproeiwater","0","1508","0","1","1"
"7010","7009","Sproeiwater","0","1508","1","1","1"
"7011","7011","Omgevingsmonitoring (swab)","0","1508","0","1","1"
"7012","7011","Omgevingsmonitoring (swab)","0","1508","1","1","1"
"7013","4115","Rauwe melk","0","917","0","1","1"
"7014","7014","Olijven - direct","0","1509","0","1","1"
"7015","7014","Olijven - direct","0","1509","1","1","1"
"7016","7016","Olijven - THT","0","1509","0","1","1"
"7017","7016","Olijven - THT","0","1509","1","1","1"
"7018","7018","Gember shot - direct","0","1510","0","1","1"
"7019","7018","Gember shot - direct","0","1510","1","1","1"
"7020","7020","Gember shot - THT","0","1510","0","1","1"
"7021","7020","Gember shot - THT","0","1510","1","1","1"
"7022","7022","Pakket A2","0","1293","0","1","1"
"7023","7022","Pakket A2","0","1293","0","1","1"
"7024","7024","Pakket F2","0","1293","0","1","1"
"7025","7024","Pakket F2","0","1293","0","1","1"
"7026","4654","Yoghurt / Hangop (2x/jaar)","0","1052","1","1","1"
"7027","334","Banketbakkerswaar","0","7","1","0","1"
"7028","282","THT Cake/Taart uitgebreid","0","8","1","0","1"
"7029","108","THT Eierkoeken","0","13","1","0","1"
"7030","337","THT Eierkoeken + pathogenen","0","13","1","0","1"
"7031","892","Bonbon","0","584","1","0","1"
"7032","390","Banketbakkerswaar","0","18","1","0","1"
"7033","51","MAZ 1","0","173","1","1","1"
"7034","219","MAZ 10","0","173","1","1","1"
"7035","581","MAZ 14","0","173","1","1","1"
"7036","3320","CFO org Palm","0","184","1","1","1"
"7037","345","Pakket 6","0","189","1","0","1"
"7038","346","Pakket 7","0","189","1","0","1"
"7039","347","Pakket 8","0","189","1","0","1"
"7040","350","Pakket 11","0","189","1","0","1"
"7041","351","Pakket 12","0","189","1","0","1"
"7042","356","Pakket 18","0","189","1","0","1"
"7043","596","Pakket 28","0","189","1","0","1"
"7044","3777","Pakket 59","0","189","1","0","1"
"7045","4164","Pakket 64","0","189","1","0","1"
"7046","4795","Pakket 70","0","189","1","1","1"
"7047","4961","Pakket 72","0","189","1","1","1"
"7048","532","Pakket 25","0","189","1","0","1"
"7049","353","Pakket 15","0","189","1","0","1"
"7050","352","Pakket 13","0","189","1","0","1"
"7051","5077","Pakket 74","0","189","1","1","1"
"7052","3956","Pakket 6","0","1181","1","0","1"
"7053","3957","Pakket 7","0","1181","1","0","1"
"7054","3958","Pakket 8","0","1181","1","0","1"
"7055","3960","Pakket 11","0","1181","1","0","1"
"7056","3961","Pakket 12","0","1181","1","0","1"
"7057","3963","Pakket 18","0","1181","1","0","1"
"7058","3969","Pakket 28","0","1181","1","0","1"
"7059","4004","Pakket 59","0","1181","1","0","1"
"7060","4162","Pakket 64","0","1181","1","0","1"
"7061","4797","Pakket 70","0","1181","1","1","1"
"7062","4963","Pakket 72","0","1181","1","1","1"
"7063","3988","Pakket 25","0","1181","1","0","1"
"7064","3990","Pakket 15","0","1181","1","0","1"
"7065","3992","Pakket 13","0","1181","1","0","1"
"7066","5079","Pakket 74","0","1181","1","1","1"
"7067","4971","Chocolade","0","27","1","1","1"
"7068","5074","Sinecura","0","1214","1","0","1"
"7069","599","Zult","0","422","0","0","1"
"7070","603","Bloedworst","0","422","0","0","1"
"7071","601","Boerenworst","0","422","0","0","1"
"7072","4973","Tabletten","0","1206","1","0","1"
"7073","178","Struisvogellikeur","0","88","1","0","1"
"7074","949","Chocolade","0","587","1","0","1"
"7075","3334","CFO org Palm","0","191","0","1","1"
"7076","3336","CFO org HC252","0","191","0","1","1"
"7077","3338","CFO org Palm Subway","0","191","0","1","1"
"7078","397","Stamppotten","0","122","1","1","1"
"7079","191","Verhitte producten","0","122","1","1","1"
"7080","6833","3COA Danish Crown (danish crown textured spec)","0","410","1","1","1"
"7081","4587","1COA textured (meatless textured spec)","0","410","1","1","1"
"7082","6830","2COA dehydrated (Meatless dehydrated spec)","0","410","1","1","1"
"7083","4762","4COA Unilever","0","410","1","1","1"
"7084","6838","1EPM textured","0","410","1","1","1"
"7085","4766","1EPM dehydrated","0","410","1","1","1"
"7086","6925","5COA","0","410","1","1","1"
"7087","6986","Pakket 81","0","1181","1","1","1"
"7088","6988","Pakket 81","0","189","1","1","1"
"7089","101","Wulken","0","376","1","0","1"
"7090","681","Pakket 21","0","189","1","0","1"
"7091","4003","Pakket 21","0","1181","1","0","1"
"7092","4446","Kaaswei","0","975","0","1","1"
"7093","286","Geraspte kaas algemeen","0","198","1","0","1"
"7094","97","Gerookte vis","0","376","1","0","1"
"7095","599","Zult","0","422","1","0","1"
"7096","603","Bloedworst","0","422","1","0","1"
"7097","601","Boerenworst","0","422","1","0","1"
"7098","166","THT Salade","0","167","1","1","1"
"7099","1178","Pakket 39","0","189","1","0","1"
"7100","3949","Pakket 39","0","1181","1","0","1"
"7101","7101","Pakket 82","0","189","0","0","1"
"7102","7101","Pakket 82","0","189","1","0","1"
"7103","7103","Pakket 83","0","189","0","0","1"
"7104","7103","Pakket 83","0","189","1","0","1"
"7105","993","Pakket 84","0","189","1","0","1"
"7106","7106","Pakket 82","0","1181","0","0","1"
"7107","7106","Pakket 82","0","1181","1","0","1"
"7108","7108","Pakket 83","0","1181","0","0","1"
"7109","7108","Pakket 83","0","1181","1","0","1"
"7110","3954","Pakket 84","0","1181","1","1","1"
"7111","7111","Afdrukjes voor 1 set blanks (5/5/5)","0","169","0","0","1"
"7112","7111","Afdrukjes voor 1 set blanks (5/5/5)","0","169","1","0","1"
"7113","7113","Pakket G2","0","1293","0","1","1"
"7114","7113","Pakket G2","0","1293","1","1","1"
"7115","4416","Rauwe melk","0","365","1","1","1"
"7116","4364","Geitenkaas","0","365","1","1","1"
"7117","7022","Pakket A2","0","1293","0","1","1"
"7118","7024","Pakket F2","0","1293","0","1","1"
"7119","7119","Brood","0","1521","0","1","1"
"7120","7119","Brood","0","1521","1","1","1"
"7121","7121","Hartige producten","0","1521","0","1","1"
"7122","7121","Hartige producten","0","1521","1","1","1"
"7123","7123","Zoet gevuld brood / cake","0","1521","0","1","1"
"7124","7123","Zoet gevuld brood / cake","0","1521","1","1","1"
"7125","7125","Oliebollen","0","1521","0","1","1"
"7126","7125","Oliebollen","0","1521","1","1","1"
"7127","7127","Swab - Listeria monocytogenes","0","1521","0","1","1"
"7128","7127","Swab - Listeria monocytogenes","0","1521","1","1","1"
"7129","7129","Grondmonster pathogenen","0","1523","0","1","1"
"7130","7129","Grondmonster pathogenen","0","1523","0","1","1"
"7131","7131","Salmonella - Pool 10x","0","1223","0","1","1"
"7132","7131","Salmonella - Pool 10x","0","1223","1","1","1"
"7133","7129","Grondmonster pathogenen","0","1523","1","1","1"
"7134","7134","Grondwater monsters pathogenen","0","1523","0","1","1"
"7135","7134","Grondwater monsters pathogenen","0","1523","1","1","1"
"7136","7136","Rauwe melk uit melktap (alleen kiemgetal","0","1524","0","1","1"
"7137","7136","Rauwe melk uit melktap (alleen kiemgetal","0","1524","1","1","1"
"7138","7138","Rauwe melk uit melktap (kiemgetal + pathogenen)","0","1524","0","1","1"
"7139","7138","Rauwe melk uit melktap (kiemgetal + pathogenen)","0","1524","1","1","1"
"7140","417","Vis - direct","0","393","0","1","1"
"7141","417","Rauwe vis - direct","0","393","1","1","1"
"7142","7142","Rauwe vis - THT","0","393","0","1","1"
"7143","7142","Rauwe vis - THT","0","393","0","1","1"
"7144","7144","Swab - Listeria monocytogenes","0","393","0","1","1"
"7145","7144","Swab - Listeria monocytogenes","0","393","1","1","1"
"7146","7142","Rauwe vis - THT","0","393","1","1","1"
"7147","7147","BLIEK-GV-1","0","976","0","1","1"
"7148","7147","BLIEK-GV-1","0","976","1","1","1"
"7149","7149","BLIEK-GV-2","0","976","0","1","1"
"7150","7149","BLIEK-GV-2","0","976","1","1","1"
"7151","7151","Pakket 85","0","1181","0","1","1"
"7152","7151","Pakket 85","0","1181","0","1","1"
"7153","7153","Pakket 85","0","189","0","1","1"
"7154","7153","Pakket 85","0","189","0","1","1"
"7155","7155","Maaltijden - directe na productie","0","1546","0","1","1"
"7156","7155","Maaltijden - directe na productie","0","1546","1","1","1"
"7157","7157","Maaltijden - THT-onderzoek","0","1546","0","1","1"
"7158","7157","Maaltijden - THT-onderzoek","0","1546","1","1","1"
"7159","2827","Pakket E2","0","787","1","1","1"
"7160","4894","Pakket E2","0","684","1","1","1"
"7161","4930","Pakket E2","0","843","1","1","1"
"7162","7162","Pakket 85 (kaas)","0","1181","0","0","1"
"7163","7162","Pakket 85 (kaas)","0","1181","0","0","1"
"7164","7164","Pakket 85 (kaas)","0","189","0","0","1"
"7165","7164","Pakket 85 (kaas)","0","189","0","0","1"
"7166","4031","A-B-C - 2073/2005 - DNP (n=5)","0","119","1","1","1"
"7167","4033","A-B-C - 2073/2005 - THT (n=5)","0","119","1","1","1"
"7168","246","A-B-C - Intern - DNP (n=1)","0","119","1","1","1"
"7169","247","A-B-C - Intern - THT (n=1)","0","119","1","1","1"
"7170","7170","VO 1169/2011 - Sulfiet","0","119","0","1","1"
"7171","7170","VO 1169/2011 - Sulfiet","0","119","1","1","1"
"7172","7172","Pakket 75 (kaas)","0","189","0","0","1"
"7173","7172","Pakket 75 (kaas)","0","189","1","0","1"
"7174","5141","Pakket 75","0","189","1","1","1"
"7175","5143","Pakket 75","0","1181","1","1","1"
"7176","7176","Pakket 75 (kaas)","0","1181","0","0","1"
"7177","7176","Pakket 75 (kaas)","0","1181","1","0","1"
"7178","5278","Eindproduct Eind THT - maaltijden","0","1086","0","1","1"
"7179","3664","Eindproduct af productie","0","1086","1","1","1"
"7180","5296","Contramonster analyse","0","1086","1","1","1"
"7181","5278","Eindproduct Eind THT","0","1086","0","1","1"
"7182","5298","THT test","0","1086","1","1","1"
"7183","5278","Eindproduct Eind THT","0","1086","1","1","1"
"7184","7184","Pakket 12","0","954","0","1","1"
"7185","7184","Pakket 12","0","954","0","1","1"
"7186","7184","Pakket 13","0","954","1","1","1"
"7187","7187","Pakket B1","0","787","0","1","1"
"7188","7187","Pakket B1","0","787","1","1","1"
"7189","7189","Pakket B2","0","787","0","1","1"
"7190","7189","Pakket B2","0","787","1","1","1"
"7191","7191","Pakket B2","0","787","0","1","1"
"7192","7191","Pakket B2","0","787","0","1","1"
"7193","7191","Pakket B3","0","787","1","1","1"
"7194","7194","Pakket B4","0","787","0","1","1"
"7195","7194","Pakket B4","0","787","1","1","1"
"7196","7196","Pakket B1","0","684","0","1","1"
"7197","7196","Pakket B1","0","684","1","1","1"
"7198","7198","Pakket B2","0","684","0","1","1"
"7199","7198","Pakket B2","0","684","1","1","1"
"7200","7200","Pakket B3","0","684","0","1","1"
"7201","7200","Pakket B3","0","684","1","1","1"
"7202","7202","Pakket B4","0","684","0","1","1"
"7203","7202","Pakket B4","0","684","1","1","1"
"7204","7204","Pakket H","0","1293","0","1","1"
"7205","7204","Pakket H","0","1293","0","1","1"
"7206","7022","Pakket A2","0","1293","1","1","1"
"7207","7024","Pakket F2","0","1293","1","1","1"
"7208","7208","Oppervlaktewater / slootwater","0","1553","0","1","1"
"7209","7208","Oppervlaktewater / slootwater","0","1553","1","1","1"
"7210","7210","Pakket 86","0","1181","0","1","1"
"7211","7210","Pakket 86","0","1181","1","1","1"
"7212","7212","Pakket 86","0","189","0","1","1"
"7213","7212","Pakket 86","0","189","1","1","1"
"7214","7214","Pakket micro","0","1521","0","1","1"
"7215","7214","Pakket micro","0","1521","0","1","1"
"7216","7164","Pakket 85 (kaas)","0","189","0","0","1"
"7217","7162","Pakket 85 (kaas)","0","1181","0","0","1"
"7218","7218","Pakket 87","0","1181","0","0","1"
"7219","7218","Pakket 87","0","1181","0","0","1"
"7220","7220","Pakket 87","0","189","0","0","1"
"7221","7220","Pakket 87","0","189","0","0","1"
"7222","7222","Pakket 87 (Kaas)","0","189","0","0","1"
"7223","7222","Pakket 87 (Kaas)","0","189","0","0","1"
"7224","7224","Pakket 87 (Kaas)","0","1181","0","0","1"
"7225","7224","Pakket 87 (Kaas)","0","1181","0","0","1"
"7226","7226","Pakket 86 (kaas)","0","189","0","0","1"
"7227","7226","Pakket 86 (kaas)","0","189","0","0","1"
"7228","7228","Pakket 86 (kaas)","0","1181","0","0","1"
"7229","7228","Pakket 86 (kaas)","0","1181","0","0","1"
"7230","7218","Pakket 87","0","1181","1","0","1"
"7231","7220","Pakket 87","0","189","1","0","1"
"7232","7222","Pakket 87 (Kaas)","0","189","1","0","1"
"7233","7224","Pakket 87 (Kaas)","0","1181","1","0","1"
"7234","7226","Pakket 86 (kaas)","0","189","1","0","1"
"7235","7228","Pakket 86 (kaas)","0","1181","1","0","1"
"7236","7236","Pakket 88","0","1181","0","0","1"
"7237","7236","Pakket 88","0","1181","1","0","1"
"7238","7238","Pakket 88","0","189","0","0","1"
"7239","7238","Pakket 88","0","189","1","0","1"
"7240","7240","Pakket 54 (kaas)","0","189","0","0","1"
"7241","7240","Pakket 54 (kaas)","0","189","1","0","1"
"7242","7242","Pakket 54 (kaas)","0","1181","0","0","1"
"7243","7242","Pakket 54 (kaas)","0","1181","1","0","1"
"7244","7244","Pakket 89","0","189","0","0","1"
"7245","7244","Pakket 89","0","189","0","0","1"
"7246","7246","Pakket 89","0","1181","0","0","1"
"7247","7246","Pakket 89","0","1181","0","0","1"
"7248","7248","Pakket 54 (kaas)","0","1181","0","0","1"
"7249","7248","Pakket 54 (kaas)","0","1181","1","0","1"
"7250","7250","Pakket 54 (kaas)","0","189","0","0","1"
"7251","7250","Pakket 54 (kaas)","0","189","1","0","1"
"7252","7252","Listeria monocytogenes n=5","0","1559","0","1","1"
"7253","7252","Listeria monocytogenes n=5","0","1559","1","1","1"
"7254","7254","Pakket micro","0","1559","0","1","1"
"7255","7254","Pakket micro","0","1559","1","1","1"
"7256","7256","Omgevingsmonitoring (swab)\","0","1559","0","1","1"
"7257","7256","Omgevingsmonitoring (swab)\","0","1559","0","1","1"
"7258","7256","Omgevingsmonitoring (swab)","0","1559","1","1","1"
"7259","7244","Pakket 89 - (E)","0","189","1","0","1"
"7260","7246","Pakket 89 - (E)","0","1181","1","0","1"
"7261","7261","Oppervlaktewater","0","1562","0","1","1"
"7262","7261","Oppervlaktewater","0","1562","1","1","1"
"7263","3645","Ingangscontrole gepeld","0","374","1","1","1"
"7264","7264","Pakket 90","0","1181","0","0","1"
"7265","7264","Pakket 90","0","1181","1","0","1"
"7266","7266","Pakket 90","0","189","0","0","1"
"7267","7266","Pakket 90","0","189","1","0","1"
"7268","7268","Pakket 58 (kaas)","0","1181","0","0","1"
"7269","7268","Pakket 58 (kaas)","0","1181","1","0","1"
"7270","7270","Pakket 58 (kaas)","0","189","0","0","1"
"7271","7270","Pakket 58 (kaas)","0","189","1","0","1"
"7272","7272","Pakket micro","0","1563","0","1","1"
"7273","7272","Pakket micro","0","1563","1","1","1"
"7274","7274","Rauwe (ezel) melk","0","1565","0","1","1"
"7275","7274","Rauwe (ezel) melk","0","1565","1","1","1"
"7276","7276","Melk","0","1565","0","1","1"
"7277","7276","Melk","0","1565","0","1","1"
"7278","7151","Pakket 85","0","1181","1","1","1"
"7279","7162","Pakket 85 (kaas)","0","1181","1","0","1"
"7280","7153","Pakket 85","0","189","1","1","1"
"7281","7164","Pakket 85 (kaas)","0","189","1","0","1"
"7282","7214","Pakket micro","0","1521","1","1","1"
"7283","7283","Pakket 91","0","189","0","0","1"
"7284","7283","Pakket 91","0","189","1","0","1"
"7285","7285","Pakket 91","0","1181","0","0","1"
"7286","7285","Pakket 91","0","1181","1","0","1"
"7287","5206","Rauwe melk (kiemgetal + pathogenen)","0","1408","0","1","1"
"7288","7288","Rauwe melk (alleen kiemgetal)","0","1408","0","1","1"
"7289","7288","Rauwe melk (alleen kiemgetal)","0","1408","1","1","1"
"7290","5206","Rauwe melk (kiemgetal + pathogenen)","0","1408","1","1","1"
"7291","7291","Pakket 92","0","189","0","1","1"
"7292","7291","Pakket 92","0","189","1","1","1"
"7293","7293","Pakket 92","0","1181","0","0","1"
"7294","7293","Pakket 92","0","1181","1","0","1"
"7295","1334","Drinkwater - drinkwaterbesluit","0","607","1","1","1"
"7296","7296","Pakket 93 - tellingen","0","1181","0","0","1"
"7297","7296","Pakket 93 - tellingen","0","1181","1","0","1"
"7298","7298","Pakket 93 - Listeria spp.","0","1181","0","0","1"
"7299","7298","Pakket 93 - Listeria spp.","0","1181","1","0","1"
"7300","7300","Pakket 93 - tellingen","0","189","0","0","1"
"7301","7301","Pakket 93 - Listeria spp.","0","189","0","0","1"
"7302","7301","Pakket 93 - Listeria spp.","0","189","1","0","1"
"7303","7300","Pakket 93 - tellingen","0","189","1","0","1"
"7304","3224","houdbaarheidsonderzoek (on)gepeld uitgebreid","0","374","1","1","1"
"7305","2858","1A  WG verhit","0","994","1","1","1"
"7306","2860","1B  WG verhit MAP","0","994","1","1","1"
"7307","2862","2A  RTE - Rauw/GF","0","994","1","1","1"
"7308","2864","2B  RTE - Verhit ","0","994","1","1","1"
"7309","2866","2C  RTE - gefermenteerd","0","994","1","1","1"
"7310","2868","3A  Grondstof ","0","994","1","1","1"
"7311","2872","4A  Hygiënecode normen ","0","994","1","1","1"
"7312","2874","4B  Hygiënecode Terugkoelen","0","994","1","1","1"
"7313","2876","5A  OM Listeria ","0","994","1","1","1"
"7314","2878","6  THT onderzoek","0","994","1","1","1"
"7315","2880","7  Uitgebreid onderzoek ","0","994","1","1","1"
"7316","2882","8  Koud gerookte zalm","0","994","1","1","1"
"7317","2884","AGAR afdruk","0","994","1","1","1"
"7318","7204","Pakket H","0","1293","1","1","1"
